﻿-- Script was generated by Devart dbForge Studio for MySQL, Version 6.0.622.0
-- Product home page: http://www.devart.com/dbforge/mysql/studio
-- Script date 13/01/2014 15:41:24
-- Server version: 5.5.32-log
-- Client version: 4.1

-- 
-- Disable foreign keys
-- 
/*!40014 SET @OLD_FOREIGN_KEY_CHECKS=@@FOREIGN_KEY_CHECKS, FOREIGN_KEY_CHECKS=0 */;

-- 
-- Set character set the client will use to send SQL statements to the server
--
SET NAMES 'utf8';

-- 
-- Set default database
--
USE veritasweb03;

--
-- Definition for table ART_Desconto
--
DROP TABLE IF EXISTS ART_Desconto;
CREATE TABLE ART_Desconto (
  Id INT(11) NOT NULL AUTO_INCREMENT,
  Descricao VARCHAR(40) NOT NULL,
  Percentagem FLOAT NOT NULL,
  Confirmado ENUM('Sim','Não') NOT NULL DEFAULT 'Não',
  created_at DATETIME DEFAULT NULL,
  updated_at DATETIME DEFAULT NULL,
  deleted_at DATETIME DEFAULT NULL,
  PRIMARY KEY (Id)
)
ENGINE = INNODB
AUTO_INCREMENT = 1
CHARACTER SET utf8
COLLATE utf8_swedish_ci;

--
-- Definition for table ART_Pais
--
DROP TABLE IF EXISTS ART_Pais;
CREATE TABLE ART_Pais (
  Id INT(11) NOT NULL AUTO_INCREMENT,
  Nome VARCHAR(50) NOT NULL,
  Sigla CHAR(2) NOT NULL,
  created_at DATETIME DEFAULT NULL,
  updated_at DATETIME DEFAULT NULL,
  deleted_at DATETIME DEFAULT NULL,
  PRIMARY KEY (Id)
)
ENGINE = INNODB
AUTO_INCREMENT = 2
AVG_ROW_LENGTH = 16384
CHARACTER SET utf8
COLLATE utf8_swedish_ci;

--
-- Definition for table ART_Parametro
--
DROP TABLE IF EXISTS ART_Parametro;
CREATE TABLE ART_Parametro (
  Id INT(11) NOT NULL AUTO_INCREMENT,
  Nome VARCHAR(50) NOT NULL,
  Valor VARCHAR(200) DEFAULT NULL,
  Descricao VARCHAR(100) NOT NULL,
  created_at DATETIME DEFAULT NULL,
  updated_at DATETIME DEFAULT NULL,
  deleted_at DATETIME DEFAULT NULL,
  PRIMARY KEY (Id)
)
ENGINE = INNODB
AUTO_INCREMENT = 2
AVG_ROW_LENGTH = 16384
CHARACTER SET utf8
COLLATE utf8_swedish_ci;

--
-- Definition for table ART_Pessoa
--
DROP TABLE IF EXISTS ART_Pessoa;
CREATE TABLE ART_Pessoa (
  Id INT(11) NOT NULL AUTO_INCREMENT,
  Nome VARCHAR(70) NOT NULL COMMENT 'Nome da pessoa ou Razão social da empresa',
  NomeUsual VARCHAR(50) DEFAULT NULL COMMENT 'Nome usual da pessoa ou Nome fantasia da empresa',
  Documento VARCHAR(18) NOT NULL COMMENT 'CPF para pessoa fíica e CNPJ para pessoa jurídica',
  RGIE VARCHAR(20) DEFAULT NULL COMMENT 'RG para pessoa física e IE para pessoa jurídica',
  Email VARCHAR(50) DEFAULT NULL COMMENT 'E-mail da pessoal ou empresarial',
  Sexo ENUM('M','F') NOT NULL DEFAULT 'M',
  Telefone VARCHAR(15) DEFAULT NULL COMMENT 'Telefone da empresa',
  Celular VARCHAR(15) DEFAULT NULL COMMENT 'Número de celular da empresa/contato responsável',
  Senha VARCHAR(45) DEFAULT NULL COMMENT 'Senha do painel de controle do hambiente da Kinghost',
  Pessoa_Id INT(11) DEFAULT NULL COMMENT 'Relacionamento recursivo para multiempresa',
  created_at DATETIME DEFAULT NULL,
  updated_at DATETIME DEFAULT NULL,
  deleted_at DATETIME DEFAULT NULL,
  Tipo ENUM('PF Brasileiro','PJ Brasileiro','PF Estrangeiro','PJ Estrangeiro') NOT NULL,
  EmPotencial TINYINT(1) DEFAULT 0,
  PRIMARY KEY (Id),
  CONSTRAINT FK_Pessoa_Pessoa_Id FOREIGN KEY (Pessoa_Id)
    REFERENCES ART_Pessoa(Id) ON DELETE RESTRICT ON UPDATE CASCADE
)
ENGINE = INNODB
AUTO_INCREMENT = 108
AVG_ROW_LENGTH = 240
CHARACTER SET utf8
COLLATE utf8_swedish_ci
COMMENT = 'Cadastro de Pessoas (Empresas e clientes)';

--
-- Definition for table ART_TipoAdicionalTarifa
--
DROP TABLE IF EXISTS ART_TipoAdicionalTarifa;
CREATE TABLE ART_TipoAdicionalTarifa (
  Id INT(11) NOT NULL AUTO_INCREMENT,
  Descricao VARCHAR(40) NOT NULL,
  created_at DATETIME DEFAULT NULL,
  updated_at DATETIME DEFAULT NULL,
  deleted_at DATETIME DEFAULT NULL,
  PRIMARY KEY (Id)
)
ENGINE = INNODB
AUTO_INCREMENT = 3
AVG_ROW_LENGTH = 8192
CHARACTER SET utf8
COLLATE utf8_swedish_ci;

--
-- Definition for table ART_DescontoPoltrona
--
DROP TABLE IF EXISTS ART_DescontoPoltrona;
CREATE TABLE ART_DescontoPoltrona (
  Id INT(11) NOT NULL AUTO_INCREMENT,
  Desconto_Id INT(11) NOT NULL,
  Poltrona TINYINT(3) NOT NULL,
  Percentagem FLOAT NOT NULL,
  created_at DATETIME DEFAULT NULL,
  updated_at DATETIME DEFAULT NULL,
  deleted_at DATETIME DEFAULT NULL,
  PRIMARY KEY (Id),
  CONSTRAINT FK_DescontoPoltrona_Desconto_Id FOREIGN KEY (Desconto_Id)
    REFERENCES ART_Desconto(Id) ON DELETE RESTRICT ON UPDATE CASCADE
)
ENGINE = INNODB
AUTO_INCREMENT = 1
CHARACTER SET utf8
COLLATE utf8_swedish_ci;

--
-- Definition for table ART_PessoaCliente
--
DROP TABLE IF EXISTS ART_PessoaCliente;
CREATE TABLE ART_PessoaCliente (
  Id INT(11) NOT NULL AUTO_INCREMENT,
  Pessoa_Id_Responsavel INT(11) NOT NULL COMMENT 'Relacionamento da pessoa responsável pela empresa',
  VisualizarFidelizacao TINYINT(1) NOT NULL DEFAULT 1 COMMENT 'Verifica se o cliente tem permissão para fazer resgate de fidelização',
  Pessoa_Id INT(11) NOT NULL,
  Website VARCHAR(100) DEFAULT NULL,
  created_at DATETIME DEFAULT NULL,
  updated_at DATETIME DEFAULT NULL,
  deleted_at DATETIME DEFAULT NULL,
  PRIMARY KEY (Id),
  CONSTRAINT FK_PessoaCliente_Pessoa_Id FOREIGN KEY (Pessoa_Id)
    REFERENCES ART_Pessoa(Id) ON DELETE CASCADE ON UPDATE CASCADE,
  CONSTRAINT FK_PessoaCliente_Pessoa_Id_Responsavel FOREIGN KEY (Pessoa_Id_Responsavel)
    REFERENCES ART_Pessoa(Id) ON DELETE RESTRICT ON UPDATE CASCADE
)
ENGINE = INNODB
AUTO_INCREMENT = 9
AVG_ROW_LENGTH = 3276
CHARACTER SET utf8
COLLATE utf8_swedish_ci;

--
-- Definition for table ART_PessoaVinculo
--
DROP TABLE IF EXISTS ART_PessoaVinculo;
CREATE TABLE ART_PessoaVinculo (
  Pessoa_Id INT(11) NOT NULL,
  Pessoa_Id_Vinculo INT(11) NOT NULL,
  created_at DATETIME DEFAULT NULL,
  updated_at DATETIME DEFAULT NULL,
  deleted_at DATETIME DEFAULT NULL,
  PRIMARY KEY (Pessoa_Id, Pessoa_Id_Vinculo),
  CONSTRAINT FK_PessoaVinculo_Pessoa_Id FOREIGN KEY (Pessoa_Id)
    REFERENCES ART_Pessoa(Id) ON DELETE RESTRICT ON UPDATE CASCADE,
  CONSTRAINT FK_PessoaVinculo_Pessoa_Id_Vinculo FOREIGN KEY (Pessoa_Id_Vinculo)
    REFERENCES ART_Pessoa(Id) ON DELETE RESTRICT ON UPDATE CASCADE
)
ENGINE = INNODB
CHARACTER SET utf8
COLLATE utf8_swedish_ci;

--
-- Definition for table ART_TipoVeiculo
--
DROP TABLE IF EXISTS ART_TipoVeiculo;
CREATE TABLE ART_TipoVeiculo (
  Id INT(11) NOT NULL AUTO_INCREMENT,
  Descricao VARCHAR(40) NOT NULL,
  Pessoa_Id INT(11) NOT NULL COMMENT 'Relacionamento com a empresa',
  created_at DATETIME DEFAULT NULL,
  updated_at DATETIME DEFAULT NULL,
  deleted_at DATETIME DEFAULT NULL,
  PRIMARY KEY (Id),
  CONSTRAINT FK_TipoVeiculo_Pessoa_Id FOREIGN KEY (Pessoa_Id)
    REFERENCES ART_Pessoa(Id) ON DELETE RESTRICT ON UPDATE CASCADE
)
ENGINE = INNODB
AUTO_INCREMENT = 4
AVG_ROW_LENGTH = 5461
CHARACTER SET utf8
COLLATE utf8_swedish_ci;

--
-- Definition for table ART_UF
--
DROP TABLE IF EXISTS ART_UF;
CREATE TABLE ART_UF (
  Id INT(11) NOT NULL AUTO_INCREMENT,
  Nome VARCHAR(50) NOT NULL,
  Sigla CHAR(2) NOT NULL,
  created_at DATETIME DEFAULT NULL,
  updated_at DATETIME DEFAULT NULL,
  deleted_at DATETIME DEFAULT NULL,
  Pais_Id INT(11) NOT NULL,
  PRIMARY KEY (Id),
  CONSTRAINT FK_UF_Pais_Id FOREIGN KEY (Pais_Id)
    REFERENCES ART_Pais(Id) ON DELETE RESTRICT ON UPDATE CASCADE
)
ENGINE = INNODB
AUTO_INCREMENT = 28
AVG_ROW_LENGTH = 606
CHARACTER SET utf8
COLLATE utf8_swedish_ci;

--
-- Definition for table ART_Feriados
--
DROP TABLE IF EXISTS ART_Feriados;
CREATE TABLE ART_Feriados (
  Id INT(11) NOT NULL AUTO_INCREMENT,
  UF_Id INT(11) DEFAULT NULL,
  TIPO ENUM('Fixo','Móvel') NOT NULL DEFAULT 'Fixo',
  Dia TINYINT(2) UNSIGNED DEFAULT NULL,
  Mes TINYINT(2) UNSIGNED DEFAULT NULL,
  Descricao VARCHAR(50) NOT NULL,
  DataMovel DATE DEFAULT NULL,
  created_at DATETIME DEFAULT NULL,
  updated_at DATETIME DEFAULT NULL,
  deleted_at DATETIME DEFAULT NULL,
  PRIMARY KEY (Id),
  CONSTRAINT FK_Feriado_UF_Id FOREIGN KEY (UF_Id)
    REFERENCES ART_UF(Id) ON DELETE RESTRICT ON UPDATE CASCADE
)
ENGINE = INNODB
AUTO_INCREMENT = 1
CHARACTER SET utf8
COLLATE utf8_swedish_ci;

--
-- Definition for table ART_Localidade
--
DROP TABLE IF EXISTS ART_Localidade;
CREATE TABLE ART_Localidade (
  Id INT(11) NOT NULL AUTO_INCREMENT,
  Nome VARCHAR(70) NOT NULL,
  Tipo ENUM('Município','Distrito','Povoado','Região administrativa') DEFAULT NULL,
  Fuso SMALLINT(6) DEFAULT NULL,
  UF_Id INT(11) NOT NULL,
  created_at DATETIME DEFAULT NULL,
  updated_at DATETIME DEFAULT NULL,
  deleted_at DATETIME DEFAULT NULL,
  PRIMARY KEY (Id),
  CONSTRAINT FK_Localidade_UF_Id FOREIGN KEY (UF_Id)
    REFERENCES ART_UF(Id) ON DELETE RESTRICT ON UPDATE CASCADE
)
ENGINE = INNODB
AUTO_INCREMENT = 5565
AVG_ROW_LENGTH = 49
CHARACTER SET utf8
COLLATE utf8_swedish_ci;

--
-- Definition for table ART_TipoVeiculoMapa
--
DROP TABLE IF EXISTS ART_TipoVeiculoMapa;
CREATE TABLE ART_TipoVeiculoMapa (
  Id INT(11) NOT NULL AUTO_INCREMENT,
  TipoVeiculo_Id INT(11) NOT NULL,
  Numero INT(11) NOT NULL COMMENT 'Número da poltrona',
  Linha INT(11) NOT NULL COMMENT 'Linha em que a poltrona esta posicionada',
  Coluna INT(11) NOT NULL COMMENT 'Coluna em que a poltrona esta posicionada',
  Andar INT(11) NOT NULL COMMENT 'Andar onde esta localizada a poltrona',
  created_at DATETIME DEFAULT NULL,
  updated_at DATETIME DEFAULT NULL,
  deleted_at DATETIME DEFAULT NULL,
  PRIMARY KEY (Id),
  CONSTRAINT FK_TipoVeiculoMapa_TipoVeiculo_Id FOREIGN KEY (TipoVeiculo_Id)
    REFERENCES ART_TipoVeiculo(Id) ON DELETE RESTRICT ON UPDATE CASCADE
)
ENGINE = INNODB
AUTO_INCREMENT = 219
AVG_ROW_LENGTH = 117
CHARACTER SET utf8
COLLATE utf8_swedish_ci;

--
-- Definition for table ART_Veiculo
--
DROP TABLE IF EXISTS ART_Veiculo;
CREATE TABLE ART_Veiculo (
  Id INT(11) NOT NULL AUTO_INCREMENT,
  Numero VARCHAR(15) DEFAULT NULL,
  Placa VARCHAR(8) NOT NULL,
  TipoVeiculo_Id INT(11) NOT NULL,
  Pessoa_Id INT(11) NOT NULL COMMENT 'Relacionamento com a empresa',
  created_at DATETIME DEFAULT NULL,
  updated_at DATETIME DEFAULT NULL,
  deleted_at DATETIME DEFAULT NULL,
  PRIMARY KEY (Id),
  CONSTRAINT FK_Veiculo_Pessoa_Id FOREIGN KEY (Pessoa_Id)
    REFERENCES ART_Pessoa(Id) ON DELETE RESTRICT ON UPDATE CASCADE,
  CONSTRAINT FK_Veiculo_TipoVeiculo FOREIGN KEY (TipoVeiculo_Id)
    REFERENCES ART_TipoVeiculo(Id) ON DELETE RESTRICT ON UPDATE CASCADE
)
ENGINE = INNODB
AUTO_INCREMENT = 5
AVG_ROW_LENGTH = 4096
CHARACTER SET utf8
COLLATE utf8_swedish_ci;

--
-- Definition for table ART_PessoaEndereco
--
DROP TABLE IF EXISTS ART_PessoaEndereco;
CREATE TABLE ART_PessoaEndereco (
  Id INT(11) NOT NULL AUTO_INCREMENT,
  Logradouro VARCHAR(50) NOT NULL,
  Numero VARCHAR(10) NOT NULL,
  Bairro VARCHAR(50) DEFAULT NULL,
  Complemento VARCHAR(50) DEFAULT NULL,
  Cep CHAR(9) DEFAULT NULL,
  Localidade_Id INT(11) NOT NULL,
  Pessoa_Id INT(11) NOT NULL,
  created_at DATETIME DEFAULT NULL,
  updated_at DATETIME DEFAULT NULL,
  deleted_at DATETIME DEFAULT NULL,
  PRIMARY KEY (Id),
  CONSTRAINT FK_PessoaEndereco_Localidade_Id FOREIGN KEY (Localidade_Id)
    REFERENCES ART_Localidade(Id) ON DELETE RESTRICT ON UPDATE CASCADE,
  CONSTRAINT FK_PessoaEndereco_Pessoa_Id FOREIGN KEY (Pessoa_Id)
    REFERENCES ART_Pessoa(Id) ON DELETE CASCADE ON UPDATE CASCADE
)
ENGINE = INNODB
AUTO_INCREMENT = 71
AVG_ROW_LENGTH = 248
CHARACTER SET utf8
COLLATE utf8_swedish_ci;

--
-- Definition for table ART_PontoReferencia
--
DROP TABLE IF EXISTS ART_PontoReferencia;
CREATE TABLE ART_PontoReferencia (
  Id INT(11) NOT NULL AUTO_INCREMENT,
  Descricao VARCHAR(45) NOT NULL,
  Tipo ENUM('Ponto de Referência','Agência','Garagem','Depósito','Ponto de Apoio','Transportadora','Agência de Turismo','Agência Terceirizada','Departamento') DEFAULT NULL,
  Localidade_Id INT(11) NOT NULL COMMENT 'Localidade da qual pertence o ponto de referência.',
  Pessoa_Id INT(11) NOT NULL COMMENT 'Relacionamento com a empresa',
  created_at DATETIME DEFAULT NULL,
  updated_at DATETIME DEFAULT NULL,
  deleted_at DATETIME DEFAULT NULL,
  PRIMARY KEY (Id),
  CONSTRAINT FK_PontoReferencia FOREIGN KEY (Pessoa_Id)
    REFERENCES ART_Pessoa(Id) ON DELETE RESTRICT ON UPDATE CASCADE,
  CONSTRAINT FK_PontoReferencia_localidade_Id FOREIGN KEY (Localidade_Id)
    REFERENCES ART_Localidade(Id) ON DELETE RESTRICT ON UPDATE CASCADE
)
ENGINE = INNODB
AUTO_INCREMENT = 104
AVG_ROW_LENGTH = 180
CHARACTER SET utf8
COLLATE utf8_swedish_ci;

--
-- Definition for table ART_DescontoItinerario
--
DROP TABLE IF EXISTS ART_DescontoItinerario;
CREATE TABLE ART_DescontoItinerario (
  Id INT(11) NOT NULL AUTO_INCREMENT,
  Desconto_Id INT(11) NOT NULL,
  PontoReferencia_Id_Inicial INT(11) NOT NULL,
  PontoReferencia_Id_Final INT(11) NOT NULL,
  Percentagem FLOAT NOT NULL,
  created_at DATETIME DEFAULT NULL,
  updated_at DATETIME DEFAULT NULL,
  deleted_at DATETIME DEFAULT NULL,
  PRIMARY KEY (Id),
  CONSTRAINT FK_DescontoItinerario_Desconto_Id FOREIGN KEY (Desconto_Id)
    REFERENCES ART_Desconto(Id) ON DELETE RESTRICT ON UPDATE CASCADE,
  CONSTRAINT FK_DescontoItinerario_PontoReferencia_Id_Final FOREIGN KEY (PontoReferencia_Id_Final)
    REFERENCES ART_PontoReferencia(Id) ON DELETE RESTRICT ON UPDATE CASCADE,
  CONSTRAINT FK_DescontoItinerario_PontoReferencia_Id_Inicial FOREIGN KEY (PontoReferencia_Id_Inicial)
    REFERENCES ART_PontoReferencia(Id) ON DELETE RESTRICT ON UPDATE CASCADE
)
ENGINE = INNODB
AUTO_INCREMENT = 1
CHARACTER SET utf8
COLLATE utf8_swedish_ci;

--
-- Definition for table ART_Linha
--
DROP TABLE IF EXISTS ART_Linha;
CREATE TABLE ART_Linha (
  ID INT(11) NOT NULL AUTO_INCREMENT,
  PontoReferencia_Id_Destino INT(11) NOT NULL COMMENT 'Destino da linha',
  PontoReferencia_Id_Via INT(11) NOT NULL COMMENT 'Via da linha',
  Pessoa_Id INT(11) NOT NULL COMMENT 'Relacionamento com a empresa',
  Situacao ENUM('Normal','Bloqueada') NOT NULL DEFAULT 'Normal',
  Duracao INT(11) NOT NULL COMMENT 'Duração da viagem em dias',
  created_at DATETIME DEFAULT NULL,
  updated_at DATETIME DEFAULT NULL,
  deleted_at DATETIME DEFAULT NULL,
  PRIMARY KEY (ID),
  CONSTRAINT F_Linha_Pessoa_Id FOREIGN KEY (Pessoa_Id)
    REFERENCES ART_Pessoa(Id) ON DELETE RESTRICT ON UPDATE CASCADE,
  CONSTRAINT FK_Linha_PontoReferencia_Id_Destino FOREIGN KEY (PontoReferencia_Id_Destino)
    REFERENCES ART_PontoReferencia(Id) ON DELETE RESTRICT ON UPDATE CASCADE,
  CONSTRAINT FK_Linha_PontoReferencia_Id_Via FOREIGN KEY (PontoReferencia_Id_Via)
    REFERENCES ART_PontoReferencia(Id) ON DELETE RESTRICT ON UPDATE CASCADE
)
ENGINE = INNODB
AUTO_INCREMENT = 3
AVG_ROW_LENGTH = 8192
CHARACTER SET utf8
COLLATE utf8_swedish_ci;

--
-- Definition for table ART_Usuario
--
DROP TABLE IF EXISTS ART_Usuario;
CREATE TABLE ART_Usuario (
  Id INT(11) NOT NULL AUTO_INCREMENT,
  Nome VARCHAR(180) NOT NULL,
  Email VARCHAR(80) NOT NULL,
  Senha VARCHAR(80) NOT NULL,
  Pessoa_Id INT(11) NOT NULL,
  PontoReferencia_Id_Agencia INT(11) NOT NULL,
  created_at DATETIME DEFAULT NULL,
  updated_at DATETIME DEFAULT NULL,
  deleted_at DATETIME DEFAULT NULL,
  PRIMARY KEY (Id),
  CONSTRAINT FK_Usuario_Pessoa_Id FOREIGN KEY (Pessoa_Id)
    REFERENCES ART_Pessoa(Id) ON DELETE RESTRICT ON UPDATE CASCADE,
  CONSTRAINT FK_Usuario_PontoReferencia_Id_Agencia FOREIGN KEY (PontoReferencia_Id_Agencia)
    REFERENCES ART_PontoReferencia(Id) ON DELETE RESTRICT ON UPDATE CASCADE
)
ENGINE = INNODB
AVG_ROW_LENGTH = 5461
CHARACTER SET utf8
COLLATE utf8_swedish_ci;

--
-- Definition for table ART_Venda
--
DROP TABLE IF EXISTS ART_Venda;
CREATE TABLE ART_Venda (
  Id INT(11) NOT NULL AUTO_INCREMENT,
  PontoReferencia_Id INT(11) NOT NULL COMMENT 'Ponto de referência emissor da(s) passagem(ns)',
  Pessoa_Id_Cliente INT(11) NOT NULL COMMENT 'Cliente que esta comprando passagem',
  Pessoa_Id INT(11) NOT NULL COMMENT 'Relacionamento com a empresa',
  Usuario_Id INT(11) DEFAULT NULL COMMENT 'Relacionamento com o usuário - Agente emitente',
  DataHoraEmissao TIMESTAMP DEFAULT CURRENT_TIMESTAMP,
  ValorDesconto FLOAT(10, 2) DEFAULT NULL,
  created_at DATETIME DEFAULT NULL,
  updated_at DATETIME DEFAULT NULL,
  deleted_at DATETIME DEFAULT NULL,
  PRIMARY KEY (Id),
  CONSTRAINT FK_Venda_Cliente_Id FOREIGN KEY (Pessoa_Id_Cliente)
    REFERENCES ART_Pessoa(Id) ON DELETE RESTRICT ON UPDATE CASCADE,
  CONSTRAINT FK_Venda_Pessoa_Id FOREIGN KEY (Pessoa_Id)
    REFERENCES ART_Pessoa(Id) ON DELETE RESTRICT ON UPDATE CASCADE,
  CONSTRAINT FK_Venda_PontoReferencia_Id FOREIGN KEY (PontoReferencia_Id)
    REFERENCES ART_PontoReferencia(Id) ON DELETE RESTRICT ON UPDATE CASCADE
)
ENGINE = INNODB
AUTO_INCREMENT = 21
AVG_ROW_LENGTH = 819
CHARACTER SET utf8
COLLATE utf8_swedish_ci;

--
-- Definition for table ART_AdicionalTarifa
--
DROP TABLE IF EXISTS ART_AdicionalTarifa;
CREATE TABLE ART_AdicionalTarifa (
  Id INT(11) NOT NULL AUTO_INCREMENT,
  Linha_Id INT(11) NOT NULL COMMENT 'Tarifa do ponto de referência para o destino da linha',
  TipoAdicionalTarifa_Id INT(11) NOT NULL,
  DataVigencia DATE NOT NULL COMMENT 'Data do início da vigência',
  Valor FLOAT(10, 2) DEFAULT NULL,
  Ida TINYINT(1) NOT NULL DEFAULT 1,
  Volta TINYINT(1) NOT NULL DEFAULT 1,
  created_at DATETIME DEFAULT NULL,
  updated_at DATETIME DEFAULT NULL,
  deleted_at DATETIME DEFAULT NULL,
  PRIMARY KEY (Id),
  INDEX FK_AdicionalTarifa_LinhaItem_Id (Linha_Id),
  CONSTRAINT FK_AdicionalTarifa_Linha_Id FOREIGN KEY (Linha_Id)
    REFERENCES ART_Linha(ID) ON DELETE RESTRICT ON UPDATE CASCADE,
  CONSTRAINT FK_Tarifa_TipoAdicionalTarifa FOREIGN KEY (TipoAdicionalTarifa_Id)
    REFERENCES ART_TipoAdicionalTarifa(Id) ON DELETE RESTRICT ON UPDATE CASCADE
)
ENGINE = INNODB
AUTO_INCREMENT = 2
AVG_ROW_LENGTH = 16384
CHARACTER SET utf8
COLLATE utf8_swedish_ci;

--
-- Definition for table ART_DescontoLinha
--
DROP TABLE IF EXISTS ART_DescontoLinha;
CREATE TABLE ART_DescontoLinha (
  Id INT(11) NOT NULL AUTO_INCREMENT,
  Desconto_Id INT(11) NOT NULL,
  Linha_Id INT(11) NOT NULL,
  created_at DATETIME DEFAULT NULL,
  updated_at DATETIME DEFAULT NULL,
  deleted_at DATETIME DEFAULT NULL,
  PRIMARY KEY (Id),
  CONSTRAINT FK_DescontoLinha_Desconto_Id FOREIGN KEY (Desconto_Id)
    REFERENCES ART_Desconto(Id) ON DELETE RESTRICT ON UPDATE CASCADE,
  CONSTRAINT FK_DescontoLinha_Linha_Id FOREIGN KEY (Linha_Id)
    REFERENCES ART_Linha(ID) ON DELETE RESTRICT ON UPDATE CASCADE
)
ENGINE = INNODB
AUTO_INCREMENT = 1
CHARACTER SET utf8
COLLATE utf8_swedish_ci;

--
-- Definition for table ART_Fidelizacao
--
DROP TABLE IF EXISTS ART_Fidelizacao;
CREATE TABLE ART_Fidelizacao (
  Id INT(11) NOT NULL AUTO_INCREMENT,
  Operacao ENUM('Débito','Crédito') DEFAULT NULL,
  DataOperacao DATE NOT NULL,
  Descricao VARCHAR(50) DEFAULT NULL,
  ValorOperacao FLOAT(10, 2) NOT NULL,
  Pessoa_Id INT(11) NOT NULL COMMENT 'Cliente',
  Venda_Id INT(11) DEFAULT NULL COMMENT 'Relacionamento com a venda quando for utilizado o saldo',
  created_at DATETIME DEFAULT NULL,
  updated_at DATETIME DEFAULT NULL,
  deleted_at DATETIME DEFAULT NULL,
  PRIMARY KEY (Id),
  CONSTRAINT FK_Fidelizacao_Pessoa_Id FOREIGN KEY (Pessoa_Id)
    REFERENCES ART_Pessoa(Id) ON DELETE RESTRICT ON UPDATE CASCADE,
  CONSTRAINT FK_Fidelizacao_Venda_Id FOREIGN KEY (Venda_Id)
    REFERENCES ART_Venda(Id) ON DELETE RESTRICT ON UPDATE CASCADE
)
ENGINE = INNODB
AUTO_INCREMENT = 9
AVG_ROW_LENGTH = 2048
CHARACTER SET utf8
COLLATE utf8_swedish_ci
COMMENT = 'Fidelização de clientes (Mega Polo)';

--
-- Definition for table ART_Horario
--
DROP TABLE IF EXISTS ART_Horario;
CREATE TABLE ART_Horario (
  Id INT(11) NOT NULL AUTO_INCREMENT,
  Linha_Id INT(11) NOT NULL,
  Horario TIME NOT NULL COMMENT 'Horário inicial de partida do ponto de referência deste horário',
  Sentido ENUM('Ida','Volta') DEFAULT NULL COMMENT 'Sentido em que o horário irá trafegar com relação ao cadastrado na linha',
  Frequencia CHAR(7) NOT NULL COMMENT 'Frequência da viagem (DSTQQSS) ',
  TipoVeiculo_Id INT(11) DEFAULT NULL,
  Feriado TINYINT(1) NOT NULL DEFAULT 1 COMMENT 'Feriado - Excluir, Incluir e Ignorar (0,1,2)',
  Confirmado ENUM('Sim','Não') NOT NULL DEFAULT 'Não' COMMENT 'Define se o horário está confirmado para gerar viagem',
  Situacao ENUM('Normal','Bloqueado') NOT NULL DEFAULT 'Normal',
  Duracao INT(11) NOT NULL COMMENT 'Duração da viagem em dias',
  created_at DATETIME DEFAULT NULL,
  updated_at DATETIME DEFAULT NULL,
  deleted_at DATETIME DEFAULT NULL,
  PRIMARY KEY (Id),
  CONSTRAINT FK_Horario_Linha_Id FOREIGN KEY (Linha_Id)
    REFERENCES ART_Linha(ID) ON DELETE RESTRICT ON UPDATE CASCADE,
  CONSTRAINT fk_Horario_TipoVeiculo FOREIGN KEY (TipoVeiculo_Id)
    REFERENCES ART_TipoVeiculo(Id) ON DELETE RESTRICT ON UPDATE CASCADE
)
ENGINE = INNODB
AUTO_INCREMENT = 7
AVG_ROW_LENGTH = 4096
CHARACTER SET utf8
COLLATE utf8_swedish_ci;

--
-- Definition for table ART_LinhaItem
--
DROP TABLE IF EXISTS ART_LinhaItem;
CREATE TABLE ART_LinhaItem (
  ID INT(11) NOT NULL AUTO_INCREMENT,
  Linha_Id INT(11) NOT NULL,
  PontoReferencia_Id INT(11) NOT NULL,
  created_at DATETIME DEFAULT NULL,
  updated_at DATETIME DEFAULT NULL,
  deleted_at DATETIME DEFAULT NULL,
  Sequencia TINYINT(4) NOT NULL,
  PRIMARY KEY (ID),
  CONSTRAINT FK_LinhaItem_Linha_Id FOREIGN KEY (Linha_Id)
    REFERENCES ART_Linha(ID) ON DELETE RESTRICT ON UPDATE CASCADE,
  CONSTRAINT FK_LinhaItem_PontoReferencia_Id FOREIGN KEY (PontoReferencia_Id)
    REFERENCES ART_PontoReferencia(Id) ON DELETE RESTRICT ON UPDATE CASCADE
)
ENGINE = INNODB
AUTO_INCREMENT = 50
AVG_ROW_LENGTH = 341
CHARACTER SET utf8
COLLATE utf8_swedish_ci;

--
-- Definition for table ART_DescontoHorario
--
DROP TABLE IF EXISTS ART_DescontoHorario;
CREATE TABLE ART_DescontoHorario (
  Id INT(11) NOT NULL AUTO_INCREMENT,
  Desconto_Id INT(11) NOT NULL,
  Horario_Id INT(11) NOT NULL,
  created_at DATETIME DEFAULT NULL,
  updated_at DATETIME DEFAULT NULL,
  deleted_at DATETIME DEFAULT NULL,
  PRIMARY KEY (Id),
  CONSTRAINT FK_DescontoHorario_Desconto_Id FOREIGN KEY (Desconto_Id)
    REFERENCES ART_Desconto(Id) ON DELETE RESTRICT ON UPDATE CASCADE,
  CONSTRAINT FK_DescontoHorario_Horario_Id FOREIGN KEY (Horario_Id)
    REFERENCES ART_Horario(Id) ON DELETE RESTRICT ON UPDATE CASCADE
)
ENGINE = INNODB
AUTO_INCREMENT = 1
CHARACTER SET utf8
COLLATE utf8_swedish_ci;

--
-- Definition for table ART_HorarioItem
--
DROP TABLE IF EXISTS ART_HorarioItem;
CREATE TABLE ART_HorarioItem (
  Id INT(11) NOT NULL AUTO_INCREMENT,
  Horario_Id INT(11) NOT NULL,
  LinhaItem_Id INT(11) NOT NULL,
  created_at DATETIME DEFAULT NULL,
  updated_at DATETIME DEFAULT NULL,
  deleted_at DATETIME DEFAULT NULL,
  HoraEmbarque TIME NOT NULL,
  DiaEmbarque TINYINT(4) NOT NULL DEFAULT 0,
  PRIMARY KEY (Id),
  CONSTRAINT FK_HorarioItem_Horario_Id FOREIGN KEY (Horario_Id)
    REFERENCES ART_Horario(Id) ON DELETE RESTRICT ON UPDATE CASCADE,
  CONSTRAINT FK_HorarioItem_LinhaItem_Id FOREIGN KEY (LinhaItem_Id)
    REFERENCES ART_LinhaItem(ID) ON DELETE RESTRICT ON UPDATE CASCADE
)
ENGINE = INNODB
AUTO_INCREMENT = 27
AVG_ROW_LENGTH = 630
CHARACTER SET utf8
COLLATE utf8_swedish_ci;

--
-- Definition for table ART_Tarifa
--
DROP TABLE IF EXISTS ART_Tarifa;
CREATE TABLE ART_Tarifa (
  Id INT(11) NOT NULL AUTO_INCREMENT,
  LinhaItem_Id INT(11) NOT NULL COMMENT 'Tarifa do ponto de referência para o destino da linha',
  TipoVeiculo_Id INT(11) NOT NULL COMMENT 'O valor pode diferenciar pelo tipo de veículo',
  DataVigencia DATE NOT NULL COMMENT 'Data do início da vigência',
  Valor FLOAT(10, 2) DEFAULT NULL,
  created_at DATETIME DEFAULT NULL,
  updated_at DATETIME DEFAULT NULL,
  deleted_at DATETIME DEFAULT NULL,
  PRIMARY KEY (Id),
  CONSTRAINT FK_Tarifa_LinhaItem_Id FOREIGN KEY (LinhaItem_Id)
    REFERENCES ART_LinhaItem(ID) ON DELETE RESTRICT ON UPDATE CASCADE,
  CONSTRAINT FK_Tarifa_TipoVeiculo FOREIGN KEY (TipoVeiculo_Id)
    REFERENCES ART_TipoVeiculo(Id) ON DELETE RESTRICT ON UPDATE CASCADE
)
ENGINE = INNODB
AUTO_INCREMENT = 97
AVG_ROW_LENGTH = 170
CHARACTER SET utf8
COLLATE utf8_swedish_ci;

--
-- Definition for table ART_Viagem
--
DROP TABLE IF EXISTS ART_Viagem;
CREATE TABLE ART_Viagem (
  Id INT(11) NOT NULL AUTO_INCREMENT,
  DataInicio DATE NOT NULL COMMENT 'Data do inicio da viagem',
  HoraInicio TIME NOT NULL COMMENT 'Hora do inicio da viagem',
  Horario_Id INT(11) NOT NULL,
  TipoVeiculo_Id INT(11) NOT NULL,
  Confirmada ENUM('Sim','Não') NOT NULL DEFAULT 'Não' COMMENT 'Define se a viagem está confirmada para aparecer na consulta',
  Situacao ENUM('Normal','Bloqueada') NOT NULL DEFAULT 'Normal',
  Duracao INT(11) NOT NULL COMMENT 'Duração da viagem em dias',
  created_at DATETIME DEFAULT NULL,
  updated_at DATETIME DEFAULT NULL,
  deleted_at DATETIME DEFAULT NULL,
  PRIMARY KEY (Id),
  CONSTRAINT Fk_Viagem_TipoVeiculo_Id FOREIGN KEY (TipoVeiculo_Id)
    REFERENCES ART_TipoVeiculo(Id) ON DELETE RESTRICT ON UPDATE CASCADE,
  CONSTRAINT FK_Viatem_Horario_Id FOREIGN KEY (Horario_Id)
    REFERENCES ART_Horario(Id) ON DELETE RESTRICT ON UPDATE CASCADE
)
ENGINE = INNODB
AUTO_INCREMENT = 78
AVG_ROW_LENGTH = 244
CHARACTER SET utf8
COLLATE utf8_swedish_ci;

--
-- Definition for table ART_DescontoViagem
--
DROP TABLE IF EXISTS ART_DescontoViagem;
CREATE TABLE ART_DescontoViagem (
  Id INT(11) NOT NULL AUTO_INCREMENT,
  Desconto_Id INT(11) NOT NULL,
  Viagem_Id INT(11) NOT NULL,
  created_at DATETIME DEFAULT NULL,
  updated_at DATETIME DEFAULT NULL,
  deleted_at DATETIME DEFAULT NULL,
  PRIMARY KEY (Id),
  CONSTRAINT FK_DescontoViagem_Desconto_Id FOREIGN KEY (Desconto_Id)
    REFERENCES ART_Desconto(Id) ON DELETE RESTRICT ON UPDATE CASCADE,
  CONSTRAINT FK_DescontoViagem_Viagem_Id FOREIGN KEY (Viagem_Id)
    REFERENCES ART_Viagem(Id) ON DELETE RESTRICT ON UPDATE CASCADE
)
ENGINE = INNODB
AUTO_INCREMENT = 1
CHARACTER SET utf8
COLLATE utf8_swedish_ci;

--
-- Definition for table ART_ViagemItem
--
DROP TABLE IF EXISTS ART_ViagemItem;
CREATE TABLE ART_ViagemItem (
  Id INT(11) NOT NULL AUTO_INCREMENT,
  Viagem_Id INT(11) NOT NULL,
  HorarioItem_Id INT(11) NOT NULL,
  Ativo TINYINT(1) NOT NULL DEFAULT 1,
  created_at DATETIME DEFAULT NULL,
  updated_at DATETIME DEFAULT NULL,
  deleted_at DATETIME DEFAULT NULL,
  DataHoraEmbarque DATETIME DEFAULT NULL,
  PRIMARY KEY (Id),
  CONSTRAINT FK_ViatemItem_HorarioItem_Id FOREIGN KEY (HorarioItem_Id)
    REFERENCES ART_HorarioItem(Id) ON DELETE RESTRICT ON UPDATE CASCADE,
  CONSTRAINT FK_ViatemItem_Viagem_Id FOREIGN KEY (Viagem_Id)
    REFERENCES ART_Viagem(Id) ON DELETE RESTRICT ON UPDATE CASCADE
)
ENGINE = INNODB
AUTO_INCREMENT = 769
AVG_ROW_LENGTH = 83
CHARACTER SET utf8
COLLATE utf8_swedish_ci;

--
-- Definition for table ART_Passagem
--
DROP TABLE IF EXISTS ART_Passagem;
CREATE TABLE ART_Passagem (
  Id INT(11) NOT NULL AUTO_INCREMENT,
  DataHoraEmissao TIMESTAMP DEFAULT CURRENT_TIMESTAMP,
  Valor FLOAT(10, 2) DEFAULT NULL,
  Poltrona CHAR(2) DEFAULT NULL,
  Viagem_Id INT(11) NOT NULL,
  ViagemItem_Id_Origem INT(11) NOT NULL,
  Pessoa_Id INT(11) NOT NULL COMMENT 'Passageiro',
  Tipo ENUM('R','P') NOT NULL COMMENT 'R = Reserva, P = Passagem',
  Situacao ENUM('Normal','Cancelada') NOT NULL DEFAULT 'Normal',
  ReservaExpiracao DATETIME DEFAULT NULL COMMENT 'Quando for reserva informar a data de expiração da reserva',
  created_at DATETIME DEFAULT NULL,
  updated_at DATETIME DEFAULT NULL,
  deleted_at DATETIME DEFAULT NULL,
  Parcial ENUM('C','I','V') NOT NULL DEFAULT 'C' COMMENT 'C = Cheia, I = Ida, V = Volta',
  PRIMARY KEY (Id),
  CONSTRAINT FK_Passagem_Pessoa_Id FOREIGN KEY (Pessoa_Id)
    REFERENCES ART_Pessoa(Id) ON DELETE RESTRICT ON UPDATE CASCADE,
  CONSTRAINT FK_Passagem_Viagem_Id FOREIGN KEY (Viagem_Id)
    REFERENCES ART_Viagem(Id) ON DELETE RESTRICT ON UPDATE CASCADE,
  CONSTRAINT FK_Passagem_ViagemItem_Id_Origem FOREIGN KEY (ViagemItem_Id_Origem)
    REFERENCES ART_ViagemItem(Id) ON DELETE RESTRICT ON UPDATE CASCADE
)
ENGINE = INNODB
AUTO_INCREMENT = 21
AVG_ROW_LENGTH = 819
CHARACTER SET utf8
COLLATE utf8_swedish_ci;

--
-- Definition for table ART_Semafaro
--
DROP TABLE IF EXISTS ART_Semafaro;
CREATE TABLE ART_Semafaro (
  Id INT(11) NOT NULL AUTO_INCREMENT,
  Viagem_Id INT(11) NOT NULL,
  Poltrona INT(11) NOT NULL,
  ViagemItem_Id_Origem INT(11) NOT NULL,
  DataHora DATETIME NOT NULL,
  created_at DATETIME DEFAULT NULL,
  updated_at DATETIME DEFAULT NULL,
  deleted_at DATETIME DEFAULT NULL,
  PRIMARY KEY (Id),
  CONSTRAINT FK_Semafaro_Viagem_Id FOREIGN KEY (Viagem_Id)
    REFERENCES ART_Viagem(Id) ON DELETE RESTRICT ON UPDATE CASCADE,
  CONSTRAINT FK_Semafaro_ViagemItem_Id FOREIGN KEY (ViagemItem_Id_Origem)
    REFERENCES ART_ViagemItem(Id) ON DELETE RESTRICT ON UPDATE CASCADE
)
ENGINE = INNODB
AUTO_INCREMENT = 1
CHARACTER SET utf8
COLLATE utf8_swedish_ci;

--
-- Definition for table ART_VendaItem
--
DROP TABLE IF EXISTS ART_VendaItem;
CREATE TABLE ART_VendaItem (
  Id INT(11) NOT NULL AUTO_INCREMENT,
  Venda_Id INT(11) NOT NULL,
  Passagem_Id INT(11) NOT NULL,
  created_at DATETIME DEFAULT NULL,
  updated_at DATETIME DEFAULT NULL,
  deleted_at DATETIME DEFAULT NULL,
  PRIMARY KEY (Id),
  CONSTRAINT FK_VendaItem_Passagem_Id FOREIGN KEY (Passagem_Id)
    REFERENCES ART_Passagem(Id) ON DELETE RESTRICT ON UPDATE CASCADE,
  CONSTRAINT FK_VendaItem_Venda_Id FOREIGN KEY (Venda_Id)
    REFERENCES ART_Venda(Id) ON DELETE RESTRICT ON UPDATE CASCADE
)
ENGINE = INNODB
AUTO_INCREMENT = 11
AVG_ROW_LENGTH = 1638
CHARACTER SET utf8
COLLATE utf8_swedish_ci;

DELIMITER $$

--
-- Definition for procedure Proc_ConsHorarios
--
DROP PROCEDURE IF EXISTS Proc_ConsHorarios$$
CREATE DEFINER = 'veritasweb03'@'%'
PROCEDURE Proc_ConsHorarios(
  pDataViagem        DATE,
  pOrigem            INTEGER,
  pDestino           INTEGER)
BEGIN
  DECLARE vDataValidacao DATE;

  IF pDataViagem IS NULL THEN
    SET vDataValidacao = CURRENT_DATE;
  ELSE  
    SET vDataValidacao = pDataViagem;
  END IF;  

SELECT 
  ART_Viagem.Id,	
  ART_Viagem.DataInicio,
  ART_Viagem.HoraInicio,	
  ART_Viagem.Horario_Id,	
  ART_Horario.Horario AS Horario,
  PontoReferenciaDestino.Id AS PontoReferenciaDestino_Id,	
  PontoReferenciaDestino.Descricao AS PontoReferenciaDestino_Descricao,	
  ART_Viagem.TipoVeiculo_Id,	
  ART_TipoVeiculo.Descricao AS TipoVeiculo_Descricao,
  ART_Viagem.Confirmada,	
  ART_Viagem.Situacao,
  ART_Viagem.Duracao
FROM
  ART_Viagem
  JOIN ART_ViagemItem ON ART_ViagemItem.Viagem_Id = ART_Viagem.Id 
  JOIN ART_Horario ON ART_Horario.Id = ART_Viagem.Horario_Id
  JOIN ART_HorarioItem ON ART_HorarioItem.Id = ART_ViagemItem.HorarioItem_Id
  JOIN ART_LinhaItem ON ART_LinhaItem.Id = ART_HorarioItem.LinhaItem_Id
  JOIN ART_TipoVeiculo ON ART_TipoVeiculo.Id = ART_Viagem.TipoVeiculo_Id 
  JOIN ART_Linha ON ART_Linha.Id = ART_Horario.Linha_Id  
  JOIN ART_PontoReferencia AS PontoReferenciaDestino ON PontoReferenciaDestino.Id = ART_Linha.PontoReferencia_Id_Destino
  JOIN ART_PontoReferencia ON ART_PontoReferencia.Id = ART_LinhaItem.PontoReferencia_Id AND
    ART_LinhaItem.Id = ART_HorarioItem.LinhaItem_Id AND 
    ART_HorarioItem.Id = ART_ViagemItem.HorarioItem_Id
WHERE
  ART_Linha.PontoReferencia_Id_Destino = pDestino AND
  ART_PontoReferencia.Id = pOrigem AND
  (pDataViagem IS NULL OR ART_Viagem.DataInicio = pDataViagem) AND
  ART_Linha.PontoReferencia_Id_Destino <> pOrigem AND
  ART_Viagem.DataInicio >= vDataValidacao;
END
$$

--
-- Definition for procedure Proc_ConsMapaLugarViagem
--
DROP PROCEDURE IF EXISTS Proc_ConsMapaLugarViagem$$
CREATE DEFINER = 'veritasweb03'@'%'
PROCEDURE Proc_ConsMapaLugarViagem(
  pViagem_Id INTEGER)
BEGIN
  SELECT
    Consulta.Numero,
    Consulta.Linha,
    Consulta.Coluna,
    Consulta.Andar,
    IF(Consulta.Passagem_Id IS NULL, "mlLivre", 
    (SELECT CONCAT(
    IF(ART_Passagem.Tipo = "P", "mlOcupada", "mlReserva"),
    IF(ART_Pessoa.Sexo = "M", "M", "F"))
    FROM ART_Passagem 
    JOIN ART_Pessoa ON ART_Pessoa.Id = ART_Passagem.Pessoa_Id 
    WHERE ART_Passagem.Id = Consulta.Passagem_Id)
    ) AS Situacao,    
    "" AS Promocao,
    Consulta.Passagem_Id
  FROM
    (SELECT
      ART_TipoVeiculoMapa.Numero,
      ART_TipoVeiculoMapa.Linha,
      ART_TipoVeiculoMapa.Coluna,
      ART_TipoVeiculoMapa.Andar,
      (SELECT ART_Passagem.Id 
        FROM ART_Passagem 
        WHERE 
        ART_Passagem.Viagem_Id = ART_Viagem.Id AND ART_Passagem.Situacao = "Normal" AND
        ART_Passagem.Poltrona = ART_TipoVeiculoMapa.Numero) AS Passagem_Id
    FROM
      ART_Viagem
      JOIN ART_TipoVeiculo ON ART_TipoVeiculo.Id = ART_Viagem.TipoVeiculo_Id
      JOIN ART_TipoVeiculoMapa ON ART_TipoVeiculoMapa.TipoVeiculo_Id = ART_TipoVeiculo.Id
    WHERE
      ART_Viagem.Id = pViagem_Id) AS Consulta
  ORDER BY
    Consulta.Andar,
    Consulta.Linha,
    Consulta.Coluna;
END
$$

--
-- Definition for procedure Proc_GerarViagem
--
DROP PROCEDURE IF EXISTS Proc_GerarViagem$$
CREATE DEFINER = 'veritasweb03'@'%'
PROCEDURE Proc_GerarViagem(
  pDataInicio DATE,
  pDataFim    DATE,
  pHorario_Id  INTEGER)
BEGIN
  DECLARE vValidacao TINYINT;
  DECLARE vFeriado TINYINT;
  DECLARE vHorarioFeriado TINYINT;
  DECLARE vFrequencia TINYINT;

  DECLARE vDomingo TINYINT;
  DECLARE vSegunda TINYINT;
  DECLARE vTerca TINYINT;
  DECLARE vQuarta TINYINT;
  DECLARE vQuinta TINYINT;
  DECLARE vSexta TINYINT;
  DECLARE vSabado TINYINT;

  DECLARE vDataInicio DATE;
  DECLARE vHorario TIME;
  DECLARE vTipoVeiculo_Id INTEGER;
  DECLARE vQtdDias INTEGER;
  DECLARE vQtd INTEGER;
  DECLARE vViagem_Id INTEGER;
  DECLARE vDuracao INTEGER;

  DECLARE viHorarioItem_Id INTEGER;
  DECLARE viEmbarque TIME;
  DECLARE vEOF TINYINT;
  DECLARE vFim TINYINT;

  DECLARE Cur_HorarioItem CURSOR FOR
    SELECT Id AS HorarioItem_Id, Embarque
    FROM ART_HorarioItem
    WHERE Horario_Id = pHorario_Id;

  DECLARE CONTINUE HANDLER FOR SQLSTATE '02000' SET vEOF = TRUE;

  SET vValidacao = 0;

  /*Validar se a Linha está ok - Retorno 1*/	
  SELECT IF(ART_Linha.Situacao = 'Normal', 0, 1) INTO vValidacao
  FROM ART_Linha 
  JOIN ART_Horario ON ART_Horario.Linha_Id = ART_Linha.Id
  WHERE ART_Horario.Id = pHorario_Id;
  
  IF vValidacao = 0 THEN
    /*Validar Situação e se Horário esta Confirmado - Retorno 2*/
    SELECT IF((IF(Situacao = 'Normal', 0, 2) + IF(Confirmado = 'Sim', 0, 2)) = 0, 0,2) INTO vValidacao
    FROM ART_Horario WHERE ART_Horario.Id = pHorario_Id;
  END IF;

  IF vValidacao = 0 THEN
    SET vDataInicio = pDataInicio;

    SELECT ART_Horario.Horario INTO vHorario FROM ART_Horario WHERE ART_Horario.Id = pHorario_Id;

    SELECT ART_Horario.TipoVeiculo_Id INTO vTipoVeiculo_Id FROM ART_Horario WHERE ART_Horario.Id = pHorario_Id;

    SELECT ART_Horario.Duracao INTO vDuracao FROM ART_Horario WHERE ART_Horario.Id = pHorario_Id;

    SELECT (DATEDIFF(pDataFim, pDataInicio)) INTO vQtdDias;
    
    SET vQTD = 0;
    WHILE vQtd <= vQtdDias DO
      
      /*Verifica se o horário tráfega em feriados*/
      SELECT Feriado INTO vHorarioFeriado FROM ART_Horario WHERE Id = pHorario_Id;

      SET vFeriado = 0;
      IF vHorarioFeriado = 0 THEN
        /*Se o horário tráfega em feriados então verifica se a data é feriado*/
        SELECT EXISTS(
        SELECT ART_Feriados.Id FROM ART_Feriados
        WHERE ART_Feriados.DataMovel = DATE_ADD(vDataInicio, INTERVAL vQtd DAY) OR
        (ART_Feriados.Dia = DAY(DATE_ADD(vDataInicio, INTERVAL vQtd DAY)) AND
        ART_Feriados.Mes = MONTH(DATE_ADD(vDataInicio, INTERVAL vQtd DAY)))) INTO vFeriado;
      END IF;

      /*Verificar a frequência do horário*/
      SELECT SUBSTRING(Frequencia FROM 1 FOR 1) INTO vDomingo FROM ART_Horario WHERE Id = pHorario_Id;
      SELECT SUBSTRING(Frequencia FROM 2 FOR 1) INTO vSegunda FROM ART_Horario WHERE Id = pHorario_Id;
      SELECT SUBSTRING(Frequencia FROM 3 FOR 1) INTO vTerca FROM ART_Horario WHERE Id = pHorario_Id;
      SELECT SUBSTRING(Frequencia FROM 4 FOR 1) INTO vQuarta FROM ART_Horario WHERE Id = pHorario_Id;
      SELECT SUBSTRING(Frequencia FROM 5 FOR 1) INTO vQuinta FROM ART_Horario WHERE Id = pHorario_Id;
      SELECT SUBSTRING(Frequencia FROM 6 FOR 1) INTO vSexta FROM ART_Horario WHERE Id = pHorario_Id;
      SELECT SUBSTRING(Frequencia FROM 7 FOR 1) INTO vSabado FROM ART_Horario WHERE Id = pHorario_Id;
            
      SELECT 
        CASE DATE_FORMAT(DATE_ADD(vDataInicio, INTERVAL vQtd DAY), '%w')
          WHEN 0 THEN IF(vDomingo = 1, "1", "0")
          WHEN 1 THEN IF(vSegunda = 1, "1", "0")
          WHEN 2 THEN IF(vTerca = 1, "1", "0")
          WHEN 3 THEN IF(vQuarta = 1, "1", "0")
          WHEN 4 THEN IF(vQuinta = 1, "1", "0")
          WHEN 5 THEN IF(vSexta = 1, "1", "0")
          WHEN 6 THEN IF(vSabado = 1, "1", "0")
      END INTO vFrequencia;
      
      IF (vFeriado = 0) AND (vFrequencia = 1) THEN
        /* Grava na tabela de viagens */
        INSERT INTO ART_Viagem(DataInicio, HoraInicio, Horario_Id, TipoVeiculo_Id, Confirmada, Situacao, Duracao)
          VALUES(DATE_ADD(vDataInicio, INTERVAL vQtd DAY), vHorario, pHorario_Id, vTipoVeiculo_Id, "Sim", "Normal", vDuracao);
        
        /* Busca o Id da viagem gravada */
        SET vViagem_Id = (SELECT LAST_INSERT_ID());
          
        /* Grava na tabela de viagem item  */
        OPEN Cur_HorarioItem;
        REPEAT
          SET vEOF = FALSE;
          FETCH Cur_HorarioItem INTO viHorarioItem_Id, viEmbarque;
          SET vFim = vEOF;
          IF NOT vFim THEN
            INSERT INTO ART_ViagemItem(Viagem_Id, HorarioItem_Id, Embarque, Ativo) 
            VALUES(vViagem_Id, viHorarioItem_Id, viEmbarque, 1); 
          END IF;
        UNTIL vFim END REPEAT;
        CLOSE Cur_HorarioItem;
      END IF;
      
      SET vQtd = vQtd + 1;
    END WHILE;
    SELECT "Procedimento executado com sucesso." AS Mensagem;
  ELSE
  BEGIN
    IF vValidacao = 1 THEN
      SELECT "A linha deste horário está bloqueada." AS Mensagem;
    ELSE IF vValidacao = 2 THEN
      SELECT "Este Horário está Bloqueado ou não confirmado." AS Mensagem;
    END IF;  
    END IF;  
  END;  
  END IF;  
END
$$

--
-- Definition for procedure Proc_MarcarPoltrona
--
DROP PROCEDURE IF EXISTS Proc_MarcarPoltrona$$
CREATE DEFINER = 'veritasweb03'@'%'
PROCEDURE Proc_MarcarPoltrona(
  pViagem_Id     INTEGER,
  pViagemItem_Id INTEGER,
  pPoltrona      INTEGER)
BEGIN
  DECLARE vPassagem_Id INTEGER;
  DECLARE vSemafaro_Id INTEGER;
  
  /* Verificar */
    /* -> Verificar passagem */
    SELECT
      ART_Passagem.Id INTO vPassagem_Id
    FROM
      ART_Passagem 
    WHERE
      ART_Passagem.Viagem_Id = pViagem_Id AND
      ART_Passagem.ViagemItem_Id_Origem = pViagemItem_Id AND
      ART_Passagem.Poltrona = pPoltrona AND   
      ART_Passagem.Situacao = "Normal" AND
      ((ART_Passagem.Tipo = "P") OR (ART_Passagem.Tipo = "R" AND ART_Passagem.ReservaExpiracao > NOW()));

    /* -> Verificar semáfaro */
    SELECT
      ART_Semafaro.Id INTO vSemafaro_Id
    FROM
      ART_Semafaro
    WHERE
      ART_Semafaro.Viagem_Id = pViagem_Id AND
      ART_Semafaro.ViagemItem_Id_Origem = pViagemItem_Id AND
      ART_Semafaro.Poltrona = pPoltrona;
  
  /* Desmarcar */
  
  /* Marcar */
  IF (vPassagem_Id IS NULL) AND (vSemafaro_Id IS NULL) THEN
    INSERT INTO ART_Semafaro(Viagem_Id, Poltrona, ViagemItem_Id_Origem, DataHora)
    VALUES(pViagem_Id, pPoltrona, pViagemItem_Id, NOW());
  ELSE
    SELECT "Poltrona não disponivel";    
  END IF;  
END
$$

DELIMITER ;

-- 
-- Dumping data for table ART_Desconto
--

-- Table veritasweb03.ART_Desconto does not contain any data (it is empty)

-- 
-- Dumping data for table ART_Pais
--
INSERT INTO ART_Pais VALUES
(1, 'Brasil', 'BR', NULL, NULL, NULL);

-- 
-- Dumping data for table ART_Parametro
--
INSERT INTO ART_Parametro VALUES
(1, 'percentual_fidelizacao', '1', 'Percentual de recebeibento de bonus de compra pelo Mega Polo', NULL, NULL, NULL);

-- 
-- Dumping data for table ART_Pessoa
--
INSERT INTO ART_Pessoa VALUES
(1, 'Veritas Ltda.', 'Veritas', '72.940.354/0001-27', '791889', 'contato@veritasweb.com.br', 'M', '6992710030', '696992191229', NULL, NULL, NULL, NULL, NULL, 'PF Brasileiro', 0),
(2, 'GUAÇU TUR TRANSPORTES E TURISMO LTDA.', 'GUAÇU TUR', '00.987.763/0001-78', NULL, 'guacutur@guacutur.com.br', 'M', '4532255555', '4591354050', NULL, 1, NULL, NULL, NULL, 'PF Brasileiro', 0),
(3, 'Marcus Vinicius Araujo da Rosa', NULL, '335.324.430-15', '791889 - SSP/RO', 'marcusvarosa@gmail.com', 'M', '(69) 34223392', '(69) 927100030', NULL, 2, NULL, '2013-12-16 11:31:26', NULL, 'PF Brasileiro', 0),
(39, 'Elizio Junior Barbosa', 'Elizio', '844.737.032-15', '736.308', 'eliziobarbosa@gmail.com', 'M', '8405-5248', '8405-5248', NULL, NULL, NULL, NULL, NULL, 'PF Brasileiro', 0),
(40, 'Luiz Laercio Fazioni', NULL, '286.280.042-20', '288517', 'laercio@eucatur.com.br', 'M', '(69) 34163792', '(69) 92191229', NULL, 2, '2013-11-25 12:03:56', '2013-11-29 11:42:55', NULL, 'PF Brasileiro', 0),
(42, 'ABELAIR FAVERO CHIUMENTO', NULL, '588.932.619-87', '3.915.283-5  PR', '', 'M', '(45) 30376653', '(45) 99821979', NULL, 2, '2013-11-28 14:00:10', '2013-11-28 17:49:44', NULL, 'PF Brasileiro', 0),
(43, 'ADEMAR LIRA', NULL, '655.369.169-04', '4.573.919-8 PR', 'ADEMAR-LIRA@HOTMAIL.COM', 'M', '(45) 32321063', '(45) 99685340', NULL, 2, '2013-11-28 17:56:15', '2013-12-14 13:14:23', NULL, 'PF Brasileiro', 0),
(45, 'ACACIO LIMA DE ALMEIDA', NULL, '940.317.207-00', '619-517   PR', 'PENHASLIMA@HOTMAIL.COM', 'M', '(45) 30373741', '(45) 99350111', NULL, 2, '2013-12-02 14:19:04', '2013-12-02 14:19:04', NULL, 'PF Brasileiro', 0),
(46, 'ADEMAR AMANCIO DE ALMEIDA', NULL, '766.399.329-20', '4.400.374-0 PR', '', 'M', '(45) 32226134', '(45) 99665574', NULL, 2, '2013-12-02 14:34:41', '2013-12-02 14:34:41', NULL, 'PF Brasileiro', 0),
(47, 'ADEMAR RODRIGUES', NULL, '000.265.279-01', '6.507.238-6  PR', '', 'M', '(45) ________', '(45) 84312774', NULL, 2, '2013-12-02 14:44:13', '2013-12-02 14:44:13', NULL, 'PF Brasileiro', 0),
(48, 'ADEMIR BEIRA EDOARDO', NULL, '408.005.209-04', '3.799.359-0  PR', '', 'M', '(45) 30383376', '(45) 99624562', NULL, 2, '2013-12-02 14:50:09', '2013-12-02 14:50:09', NULL, 'PF Brasileiro', 0),
(49, 'ADENIL APARECIDO RIBEIRO', NULL, '854.692.709-04', '4.957.261-1  PR', '', 'M', '(45) 32432269', '(45) 99813283', NULL, 2, '2013-12-02 14:55:27', '2013-12-02 14:55:27', NULL, 'PF Brasileiro', 0),
(50, 'ADENIS PIOVESAN', NULL, '587.331.599-04', '4.240.905-7  PR', 'CLAUDIO.ALBERTO@TERRA.COM.BR', 'M', '(45) 35252116', '(45) 88266341', NULL, 2, '2013-12-02 15:02:42', '2013-12-02 15:02:42', NULL, 'PF Brasileiro', 0),
(51, 'ADILO DAGA', NULL, '592.617.309-49', '4.215.722-8  PR', '', 'M', '(45) 32381494', '(45) 91317898', NULL, 2, '2013-12-02 15:08:15', '2013-12-02 15:08:15', NULL, 'PF Brasileiro', 0),
(52, 'ADILSON NECA RIBEIRO', NULL, '881.287.099-68', '5.373.483-9  PR', '', 'M', '(45) 30352960', '', NULL, 2, '2013-12-02 15:14:16', '2013-12-02 15:14:16', NULL, 'PF Brasileiro', 0),
(53, 'ADRIANA APARECIDA PARISE', NULL, '227.523.308-39', '10.594.374-1  PR', '', 'M', '(45) 32787544', '(45) 99315627', NULL, 2, '2013-12-02 15:26:02', '2013-12-02 15:26:02', NULL, 'PF Brasileiro', 0),
(54, 'ADRIANA BERTON', NULL, '911.069.909-00', '4.915.508-5  PR', '', 'F', '', '(45) 88183228', NULL, 2, '2013-12-02 15:30:12', '2013-12-02 15:43:44', NULL, 'PF Brasileiro', 0),
(55, 'ADRIANA CENTENARO VANIN', NULL, '927.992.489-34', '4.769.874-0  PR', 'GLAMOURCSC@HOTMAIL.COM', 'F', '(45) 32255804', '(45) 99352646', NULL, 2, '2013-12-02 15:38:20', '2013-12-02 15:43:26', NULL, 'PF Brasileiro', 0),
(56, 'ADRIANA CRISTINA DE CASTILHO ANDREA', NULL, '015.252.499-16', '5.380.190-0  PR', 'CONTATO@FLORIANAMODA.COM.BR', 'F', '(45) 30356340', '(45) 91019101', NULL, 2, '2013-12-02 15:42:51', '2013-12-02 15:42:51', NULL, 'PF Brasileiro', 0),
(57, 'ADRIANA DA SILVA LEMES', NULL, '072.150.469-82', '10.294.197-7  PR', '', 'F', '', '(99) 685535__', NULL, 2, '2013-12-02 15:47:24', '2013-12-02 15:47:24', NULL, 'PF Brasileiro', 0),
(58, 'ADRIANA DE MOURA SILVA', NULL, '913.312.939-87', '6.414.565-7  PR', 'ECLETICAINFORMATICA@TERRA.COM.BR', 'F', '(45) 30356190', '(45) 99153762', NULL, 2, '2013-12-02 15:59:20', '2013-12-02 15:59:20', NULL, 'PF Brasileiro', 0),
(59, 'ADRIANA DE OLIVEIRA PRATES', NULL, '061.151.099-57', '8.802.564-4  PR', '', 'F', '', '(45) 98128080', NULL, 2, '2013-12-02 16:03:49', '2013-12-02 16:03:49', NULL, 'PF Brasileiro', 0),
(60, 'ADRIANA DEMOLINER', NULL, '006.752.879-10', '7.691.348-0  PR', '', 'F', '(45) 32235464', '(45) 88224726', NULL, 2, '2013-12-02 16:08:24', '2013-12-02 16:08:24', NULL, 'PF Brasileiro', 0),
(61, 'ADRIANA FATIMA RIBEIRO DE SOUZA', NULL, '980.079.479-49', '6.784.109-3  PR', '', 'F', '(44) 35271770', '(44) 91413903', NULL, 2, '2013-12-02 16:13:37', '2013-12-02 16:13:37', NULL, 'PF Brasileiro', 0),
(62, 'ADRIANA FERREIRA DE SOUZA', NULL, '017.554.659-20', '5.780.119-0  PR', 'JAPARANAENSE@HOTMAIL.COM', 'F', '', '(42) 84112914', NULL, 2, '2013-12-02 16:22:40', '2013-12-02 16:22:40', NULL, 'PF Brasileiro', 0),
(63, 'ADRIANA MELO', NULL, '432.516.411-15', '8.520.702-4  PR', 'TUTTICOLORIUNIFORMES@GMAIL.COM', 'F', '', '(45) 99787145', NULL, 2, '2013-12-02 16:27:37', '2013-12-02 16:27:37', NULL, 'PF Brasileiro', 0),
(64, 'ADRIANA NASCIMENTO RIVA', NULL, '004.316.509-50', '6.222.920-9  PR', '', 'F', '(45) 32246090', '(45) 84066894', NULL, 2, '2013-12-02 16:33:56', '2013-12-02 16:33:56', NULL, 'PF Brasileiro', 0),
(65, 'ADRIANA PAULA MILESKI', NULL, '021.749.749-75', '6.173.313-2  PR', '', 'F', '', '(45) 99363306', NULL, 2, '2013-12-02 16:38:29', '2013-12-02 16:38:29', NULL, 'PF Brasileiro', 0),
(66, 'ADRIANA RULFINI HONORATO', NULL, '023.444.709-56', '6.556.432-7  PR', 'ADRIANARULFINI@HOTMAIL.COM', 'F', '(45) 32277826', '(45) 98128004', NULL, 2, '2013-12-02 16:44:03', '2013-12-02 16:44:20', NULL, 'PF Brasileiro', 0),
(67, 'ADRIANA SESTAK NUNES LUDWIG', NULL, '030.715.789-03', '6.866.204-4  PR', 'SESTAK@BOL.COM.BR', 'F', '(44) 35225136', '(44) 99448174', NULL, 2, '2013-12-02 16:51:34', '2013-12-02 16:51:34', NULL, 'PF Brasileiro', 0),
(68, 'ADRIANE REUTERS', NULL, '032.076.059-66', '7.410.028-7  PR', '', 'F', '(45) 32777609', '(45) 99386692', NULL, 2, '2013-12-02 16:56:30', '2013-12-02 16:56:30', NULL, 'PF Brasileiro', 0),
(69, 'ADRIANO BARAVIEIRA', NULL, '024.682.289-95', '7.247.081-8  PR', 'ADRIANOTAP@HOTMAIL.COM', 'M', '', '(45) 98071268', NULL, 2, '2013-12-02 17:07:10', '2013-12-02 17:07:10', NULL, 'PF Brasileiro', 0),
(70, 'AFONSO MALINOSKI', NULL, '512.619.109-82', '3.345.752-9  PR', '', 'M', '(45) 32274357', '(45) 84051003', NULL, 2, '2013-12-02 17:22:04', '2013-12-02 17:22:04', NULL, 'PF Brasileiro', 0),
(71, 'AGNALDO GOMES', NULL, '785.924.709-78', '5.002.002-9  PR', '', 'M', '', '(45) 91013179', NULL, 2, '2013-12-02 17:27:11', '2013-12-02 17:27:11', NULL, 'PF Brasileiro', 0),
(72, 'AGUINALDO PARIZOTTO', NULL, '903.217.749-49', '5.328.051-0  PR', '', 'M', '', '(45) 91044500', NULL, 2, '2013-12-02 17:33:26', '2013-12-02 17:33:26', NULL, 'PF Brasileiro', 0),
(73, 'AILSON OSMAR FERNANDES', NULL, '006.805.699-01', '7.340.351-0  PR', '', 'M', '', '(45) 91181342', NULL, 2, '2013-12-02 17:42:53', '2013-12-02 17:42:53', NULL, 'PF Brasileiro', 0),
(74, 'AILTON PEREIRA DOS SANTOS', NULL, '549.827.825-04', '8.470.646-9  PR', '', 'M', '', '(42) 84192674', NULL, 2, '2013-12-02 17:50:48', '2013-12-02 17:50:48', NULL, 'PF Brasileiro', 0),
(75, 'AIRTON PAULA', NULL, '644.003.369-72', '4.571.355-5  PR', '', 'M', '(45) 32777266', '(45) 99124797', NULL, 2, '2013-12-02 17:59:58', '2013-12-02 17:59:58', NULL, 'PF Brasileiro', 0),
(76, 'AKIE MARCIA TOMO', NULL, '570.791.889-20', '2.146.587-9  PR', '', 'F', '(44) 32627901', '(44) 88049880', NULL, 2, '2013-12-03 09:25:07', '2013-12-03 09:25:07', NULL, 'PF Brasileiro', 0),
(77, 'ALAERCIO NATAL SARTORI', NULL, '502.679.909-44', '3.110.827-6  PR', 'SARTORILOJAS@YAHOO.COM.BR', 'M', '', '(45) 91343893', NULL, 2, '2013-12-03 09:32:44', '2013-12-03 09:32:44', NULL, 'PF Brasileiro', 0),
(78, 'ALAIR ROBERTO SANTELLE', NULL, '361.831.059-53', '1.238.711-3  PR', '', 'M', '', '(42) 99198226', NULL, 2, '2013-12-03 10:07:42', '2013-12-03 10:26:01', NULL, 'PF Brasileiro', 0),
(79, 'ALBANO MAYER', NULL, '663.355.909-72', '4.369.260-7  PR', '', 'M', '(45) 32871244', '(45) 91338296', NULL, 2, '2013-12-03 10:24:30', '2013-12-03 10:25:29', NULL, 'PF Brasileiro', 0),
(80, 'ALBINA GALANTE WEBLER', NULL, '039.041.769-60', '8.850.301-5  PR', '', 'F', '', '(45) 91122903', NULL, 2, '2013-12-03 10:33:13', '2013-12-03 10:33:13', NULL, 'PF Brasileiro', 0),
(81, 'ALCEU FLIEGNER', NULL, '911.351.849-68', '5.229.079-1  PR', '', 'M', '', '(45) 99936414', NULL, 2, '2013-12-03 10:43:38', '2013-12-03 10:43:38', NULL, 'PF Brasileiro', 0),
(82, 'ALCEU SOARES DOS SANTOS', NULL, '006.815.949-85', '7.216.459-8  PR', 'ALCEUJL@HOTMAIL.COM', 'M', '(45) 35271656', '(45) 91277145', NULL, 2, '2013-12-03 11:07:12', '2013-12-03 11:07:12', NULL, 'PF Brasileiro', 0),
(83, 'ALCIDES JOSE BERTOLETTI', NULL, '684.721.299-34', '4.428.021-8  PR', '', 'M', '', '(45) 99679778', NULL, 2, '2013-12-03 11:24:10', '2013-12-03 11:24:10', NULL, 'PF Brasileiro', 0),
(84, 'ALDECIR JOSE  SABATOVYTBH', NULL, '663.678.599-34', '4.250.769-5  PR', '', 'M', '(45) 32775066', '(45) 91331767', NULL, 2, '2013-12-03 13:48:39', '2013-12-03 13:48:39', NULL, 'PF Brasileiro', 0),
(85, 'ALDEZIA MARIA LAMPERT MOREIRA', NULL, '644.064.159-04', '3.844.182-5 PR', 'SKINAODAECONOMIA@HOTMAIL.COM', 'F', '(45) 32591363', '(45) 88150123', NULL, 2, '2013-12-03 14:20:39', '2013-12-03 14:20:39', NULL, 'PF Brasileiro', 0),
(86, 'ALESSANDRA CRISTINA MATHEUS KAIFER', NULL, '041.472.599-95', '7.958.904-7  PR', 'LATELLEMODAS@HOTMAIL.COM', 'F', '(45) 30553980', '(45) 99841819', NULL, 2, '2013-12-03 14:27:52', '2013-12-03 14:27:52', NULL, 'PF Brasileiro', 0),
(87, 'ALESSANDRA KOHLENBERGER', NULL, '015.865.519-22', '1.241.734-1  PR', 'KOHLE_@HOTMAIL.COM', 'F', '(45) 30274455', '', NULL, 2, '2013-12-03 14:43:31', '2013-12-03 14:43:31', NULL, 'PF Brasileiro', 0),
(88, 'ALESSANDRA PALAOURO OLDONI FERNANDES', NULL, '006.540.589-70', '8.332.888-6  PR', 'OLFERCALCADOS@HOTMAIL.COM', 'F', '', '(45) 91051718', NULL, 2, '2013-12-03 14:50:13', '2013-12-03 14:50:13', NULL, 'PF Brasileiro', 0),
(89, 'ALESSANDRA RAMOS REGIO SCHNEIDER', NULL, '021.910.609-60', '26.716  PR', '', 'F', '(45) 30355538', '(45) 99699013', NULL, 2, '2013-12-03 15:03:00', '2013-12-03 15:03:00', NULL, 'PF Brasileiro', 0),
(90, 'ALESSANDRO HARTMANN', NULL, '009.112.669-09', '8.614.388-7  PR', '', 'M', '(45) 30553600', '(45) 99280191', NULL, 2, '2013-12-03 15:09:03', '2013-12-03 15:09:03', NULL, 'PF Brasileiro', 0),
(91, 'ALEX DOUGLAS TIOSSO', NULL, '643.414.299-49', '5.235.933-3  PR', '', 'M', '', '(46) 99070005', NULL, 2, '2013-12-03 15:19:16', '2013-12-03 15:19:16', NULL, 'PF Brasileiro', 0),
(92, 'ALICE MITSUE HAGUIUDA CORREA', NULL, '544.179.888-20', '5.385.148-1  PR', 'MODASALICE@GMAIL.COM', 'F', '(45) 35234553', '(45) 99127675', NULL, 2, '2013-12-03 15:48:44', '2013-12-03 15:48:44', NULL, 'PF Brasileiro', 0),
(93, 'ALEXANDRE KASSEN NAJI', NULL, '928.117.799-49', '6.358.960-8  PR', 'ALEXANDRENAJI@HOTMAIL.COM', 'M', '', '(44) 99235319', NULL, 2, '2013-12-03 16:06:48', '2013-12-03 16:06:48', NULL, 'PF Brasileiro', 0),
(94, 'CLEIA REGINA GERON', NULL, '483.872.159-53', '3.729.587-6  PR', 'CRGERON@GMAIL.COM', 'F', '(45) 35239623', '(45) 99760615', NULL, 2, '2013-12-03 16:14:25', '2013-12-03 16:14:25', NULL, 'PF Brasileiro', 0),
(95, 'ALEXANDRE MONTEIRO', NULL, '029.206.349-09', '7.234.567-3  PR', '', 'M', '(45) 33247182', '(45) 88178220', NULL, 2, '2013-12-03 16:18:07', '2013-12-03 16:18:07', NULL, 'PF Brasileiro', 0),
(96, 'ALEXANDRE SIGNORI', NULL, '706.375.049-68', '4.481.930-9  PR', 'LILICAETIGOR@UOL.COM.BR', 'M', '(45) 32233494', '(45) 99723661', NULL, 2, '2013-12-03 16:28:17', '2013-12-03 16:28:17', NULL, 'PF Brasileiro', 0),
(97, 'ALEXANDRE SIMONETTO', NULL, '025.927.639-10', '7.388.179-9  PR', 'ALEXANDRE.SIMONETTO@BOL.COM.BR', 'M', '', '(45) 84080067', NULL, 2, '2013-12-03 16:44:53', '2013-12-03 16:44:53', NULL, 'PF Brasileiro', 0),
(98, 'Fábio Marcos Tessari', NULL, '587.749.989-00', '', 'fabio@guacutur.com.br', 'M', '(45) 30353458', '(45) 91354050', NULL, 2, '2013-12-14 15:47:38', '2013-12-14 15:47:38', NULL, 'PF Brasileiro', 0),
(101, 'Luiz Laercio Fazioni', NULL, '286.280.042-20', '288517', 'laercio.fazioni@gmail.com', 'M', '(69) 34163792', '(69) 92191229', NULL, 1, '2013-12-16 17:44:28', '2013-12-16 19:48:47', NULL, 'PF Brasileiro', 0),
(102, 'Eucatur - Empresa União Cascavel de Transportes e Turismo Ltda,', 'Eucatur', '76.080.738/0010-69', '288517', 'laercio.fazioni@gmail', 'M', '(69) 34163700', '(69) 92121229', NULL, 1, '2013-12-16 17:46:19', '2013-12-16 17:46:49', NULL, 'PF Brasileiro', 0),
(103, 'Eucatur - Empresa União Cascavel de Trasportes e Turismo Ltda.', 'Eucatur', '76.080.738/0010-69', '0000000016579', 'laercio.fazioni@gmail.com', 'M', '(69) 34163792', '(69) 92191229_', NULL, 2, '2013-12-19 11:09:59', '2013-12-19 11:09:59', NULL, 'PF Brasileiro', 0),
(104, 'Cliente PF Teste', NULL, '518.181.325-91', '982374598273', 'teste@teste.com', 'M', '3932487928', '5938479834', NULL, 2, '2013-12-19 00:00:00', '2013-12-19 00:00:00', NULL, 'PF Brasileiro', 0),
(105, 'Cliente PJ Teste', NULL, '93.066.518/0001-09', '87236872384', 'teste@teste.com', 'M', '8736486213', '8273648217', NULL, 2, '2013-12-19 00:00:00', '2013-12-19 00:00:00', NULL, 'PF Brasileiro', 0),
(106, 'Eucatur - Rio Branco', 'Eucatur Rio Branco', '77.410.249/0001-08', '', 'laercio.fazioni@gmail.com', 'M', '(69) 34163792', '', NULL, 2, '2013-12-23 18:47:12', '2013-12-23 18:47:12', NULL, 'PF Brasileiro', 0),
(107, 'Fulano de Tal', NULL, '284.663.211-10', NULL, NULL, 'M', '(29) 8364-9863', NULL, NULL, 2, '2013-12-26 20:07:47', '2013-12-26 20:07:47', NULL, 'PF Brasileiro', 0);

-- 
-- Dumping data for table ART_TipoAdicionalTarifa
--
INSERT INTO ART_TipoAdicionalTarifa VALUES
(1, 'Escolta', '2013-12-20 18:15:04', '2013-12-20 18:15:04', NULL),
(2, 'Hotel', '2013-12-24 13:09:17', '2013-12-24 13:09:17', NULL);

-- 
-- Dumping data for table ART_DescontoPoltrona
--

-- Table veritasweb03.ART_DescontoPoltrona does not contain any data (it is empty)

-- 
-- Dumping data for table ART_PessoaCliente
--
INSERT INTO ART_PessoaCliente VALUES
(4, 98, 1, 2, NULL, NULL, NULL, NULL),
(5, 101, 1, 102, NULL, '2013-12-16 17:46:19', '2013-12-16 17:46:49', NULL),
(6, 40, 1, 103, NULL, '2013-12-19 11:10:00', '2013-12-19 11:10:00', NULL),
(7, 104, 1, 105, NULL, '2013-12-19 00:00:00', '2013-12-19 00:00:00', NULL),
(8, 40, 1, 106, NULL, '2013-12-23 18:47:12', '2013-12-23 18:47:12', NULL);

-- 
-- Dumping data for table ART_PessoaVinculo
--

-- Table veritasweb03.ART_PessoaVinculo does not contain any data (it is empty)

-- 
-- Dumping data for table ART_TipoVeiculo
--
INSERT INTO ART_TipoVeiculo VALUES
(1, 'Executivo', 2, NULL, NULL, NULL),
(2, 'Leito Leito', 2, NULL, NULL, NULL),
(3, 'Leito Cama', 2, NULL, NULL, NULL);

-- 
-- Dumping data for table ART_UF
--
INSERT INTO ART_UF VALUES
(1, 'Acre', 'AC', NULL, NULL, NULL, 1),
(2, 'Alagoas', 'AL', NULL, NULL, NULL, 1),
(3, 'Amazonas', 'AM', NULL, NULL, NULL, 1),
(4, 'Amapá', 'AP', NULL, NULL, NULL, 1),
(5, 'Bahia', 'BA', NULL, NULL, NULL, 1),
(6, 'Ceará', 'CE', NULL, NULL, NULL, 1),
(7, 'Distrito Federal', 'DF', NULL, NULL, NULL, 1),
(8, 'Espírito Santo', 'ES', NULL, NULL, NULL, 1),
(9, 'Goiás', 'GO', NULL, NULL, NULL, 1),
(10, 'Maranhão', 'MA', NULL, NULL, NULL, 1),
(11, 'Minas Gerais', 'MG', NULL, NULL, NULL, 1),
(12, 'Mato Grosso do Sul', 'MS', NULL, NULL, NULL, 1),
(13, 'Mato Grosso', 'MT', NULL, NULL, NULL, 1),
(14, 'Pará', 'PA', NULL, NULL, NULL, 1),
(15, 'Paraíba', 'PB', NULL, NULL, NULL, 1),
(16, 'Pernambuco', 'PE', NULL, NULL, NULL, 1),
(17, 'Piauí', 'PI', NULL, NULL, NULL, 1),
(18, 'Paraná', 'PR', NULL, NULL, NULL, 1),
(19, 'Rio de Janeiro', 'RJ', NULL, NULL, NULL, 1),
(20, 'Rio Grande do Norte', 'RN', NULL, NULL, NULL, 1),
(21, 'Rondônia', 'RO', NULL, NULL, NULL, 1),
(22, 'Roraima', 'RR', NULL, NULL, NULL, 1),
(23, 'Rio Grande do Sul', 'RS', NULL, NULL, NULL, 1),
(24, 'Santa Catarina', 'SC', NULL, NULL, NULL, 1),
(25, 'Sergipe', 'SE', NULL, NULL, NULL, 1),
(26, 'São Paulo', 'SP', NULL, NULL, NULL, 1),
(27, 'Tocantins', 'TO', NULL, NULL, NULL, 1);

-- 
-- Dumping data for table ART_Feriados
--

-- Table veritasweb03.ART_Feriados does not contain any data (it is empty)

-- 
-- Dumping data for table ART_Localidade
--
INSERT INTO ART_Localidade VALUES
(2, 'Água Doce do Norte', NULL, NULL, 8, NULL, NULL, NULL),
(3, 'Águia Branca', NULL, NULL, 8, NULL, NULL, NULL),
(4, 'Alegre', NULL, NULL, 8, NULL, NULL, NULL),
(5, 'Alfredo Chaves', NULL, NULL, 8, NULL, NULL, NULL),
(6, 'Alto Rio Novo', NULL, NULL, 8, NULL, NULL, NULL),
(7, 'Anchieta', NULL, NULL, 8, NULL, NULL, NULL),
(8, 'Apiacá', NULL, NULL, 8, NULL, NULL, NULL),
(9, 'Aracruz', NULL, NULL, 8, NULL, NULL, NULL),
(10, 'Atilio Vivacqua', NULL, NULL, 8, NULL, NULL, NULL),
(11, 'Baixo Guandu', NULL, NULL, 8, NULL, NULL, NULL),
(12, 'Barra de São Francisco', NULL, NULL, 8, NULL, NULL, NULL),
(13, 'Boa Esperança', NULL, NULL, 8, NULL, NULL, NULL),
(14, 'Bom Jesus do Norte', NULL, NULL, 8, NULL, NULL, NULL),
(15, 'Brejetuba', NULL, NULL, 8, NULL, NULL, NULL),
(16, 'Cachoeiro de Itapemirim', NULL, NULL, 8, NULL, NULL, NULL),
(17, 'Cariacica', NULL, NULL, 8, NULL, NULL, NULL),
(18, 'Castelo', NULL, NULL, 8, NULL, NULL, NULL),
(19, 'Colatina', NULL, NULL, 8, NULL, NULL, NULL),
(20, 'Conceição da Barra', NULL, NULL, 8, NULL, NULL, NULL),
(21, 'Conceição do Castelo', NULL, NULL, 8, NULL, NULL, NULL),
(22, 'Divino de São Lourenço', NULL, NULL, 8, NULL, NULL, NULL),
(23, 'Domingos Martins', NULL, NULL, 8, NULL, NULL, NULL),
(24, 'Dores do Rio Preto', NULL, NULL, 8, NULL, NULL, NULL),
(25, 'Ecoporanga', NULL, NULL, 8, NULL, NULL, NULL),
(26, 'Fundão', NULL, NULL, 8, NULL, NULL, NULL),
(27, 'Governador Lindenberg', NULL, NULL, 8, NULL, NULL, NULL),
(28, 'Guaçuí', NULL, NULL, 8, NULL, NULL, NULL),
(29, 'Guarapari', NULL, NULL, 8, NULL, NULL, NULL),
(30, 'Ibatiba', NULL, NULL, 8, NULL, NULL, NULL),
(31, 'Ibiraçu', NULL, NULL, 8, NULL, NULL, NULL),
(32, 'Ibitirama', NULL, NULL, 8, NULL, NULL, NULL),
(33, 'Iconha', NULL, NULL, 8, NULL, NULL, NULL),
(34, 'Irupi', NULL, NULL, 8, NULL, NULL, NULL),
(35, 'Itaguaçu', NULL, NULL, 8, NULL, NULL, NULL),
(36, 'Itapemirim', NULL, NULL, 8, NULL, NULL, NULL),
(37, 'Itarana', NULL, NULL, 8, NULL, NULL, NULL),
(38, 'Iúna', NULL, NULL, 8, NULL, NULL, NULL),
(39, 'Jaguaré', NULL, NULL, 8, NULL, NULL, NULL),
(40, 'Jerônimo Monteiro', NULL, NULL, 8, NULL, NULL, NULL),
(41, 'João Neiva', NULL, NULL, 8, NULL, NULL, NULL),
(42, 'Laranja da Terra', NULL, NULL, 8, NULL, NULL, NULL),
(43, 'Linhares', NULL, NULL, 8, NULL, NULL, NULL),
(44, 'Mantenópolis', NULL, NULL, 8, NULL, NULL, NULL),
(45, 'Marataízes', NULL, NULL, 8, NULL, NULL, NULL),
(46, 'Marechal Floriano', NULL, NULL, 8, NULL, NULL, NULL),
(47, 'Marilândia', NULL, NULL, 8, NULL, NULL, NULL),
(48, 'Mimoso do Sul', NULL, NULL, 8, NULL, NULL, NULL),
(49, 'Montanha', NULL, NULL, 8, NULL, NULL, NULL),
(50, 'Mucurici', NULL, NULL, 8, NULL, NULL, NULL),
(51, 'Muniz Freire', NULL, NULL, 8, NULL, NULL, NULL),
(52, 'Muqui', NULL, NULL, 8, NULL, NULL, NULL),
(53, 'Nova Venécia', NULL, NULL, 8, NULL, NULL, NULL),
(54, 'Pancas', NULL, NULL, 8, NULL, NULL, NULL),
(55, 'Pedro Canário', NULL, NULL, 8, NULL, NULL, NULL),
(56, 'Pinheiros', NULL, NULL, 8, NULL, NULL, NULL),
(57, 'Piúma', NULL, NULL, 8, NULL, NULL, NULL),
(58, 'Ponto Belo', NULL, NULL, 8, NULL, NULL, NULL),
(59, 'Presidente Kennedy', NULL, NULL, 8, NULL, NULL, NULL),
(60, 'Rio Bananal', NULL, NULL, 8, NULL, NULL, NULL),
(61, 'Rio Novo do Sul', NULL, NULL, 8, NULL, NULL, NULL),
(62, 'Santa Leopoldina', NULL, NULL, 8, NULL, NULL, NULL),
(63, 'Santa Maria de Jetibá', NULL, NULL, 8, NULL, NULL, NULL),
(64, 'Santa Teresa', NULL, NULL, 8, NULL, NULL, NULL),
(65, 'São Domingos do Norte', NULL, NULL, 8, NULL, NULL, NULL),
(66, 'São Gabriel da Palha', NULL, NULL, 8, NULL, NULL, NULL),
(67, 'São José do Calçado', NULL, NULL, 8, NULL, NULL, NULL),
(68, 'São Mateus', NULL, NULL, 8, NULL, NULL, NULL),
(69, 'São Roque do Canaã', NULL, NULL, 8, NULL, NULL, NULL),
(70, 'Serra', NULL, NULL, 8, NULL, NULL, NULL),
(71, 'Sooretama', NULL, NULL, 8, NULL, NULL, NULL),
(72, 'Vargem Alta', NULL, NULL, 8, NULL, NULL, NULL),
(73, 'Venda Nova do Imigrante', NULL, NULL, 8, NULL, NULL, NULL),
(74, 'Viana', NULL, NULL, 8, NULL, NULL, NULL),
(75, 'Vila Pavão', NULL, NULL, 8, NULL, NULL, NULL),
(76, 'Vila Valério', NULL, NULL, 8, NULL, NULL, NULL),
(77, 'Vila Velha', NULL, NULL, 8, NULL, NULL, NULL),
(78, 'Vitória', NULL, NULL, 8, NULL, NULL, NULL),
(79, 'Acrelândia', NULL, NULL, 1, NULL, NULL, NULL),
(80, 'Assis Brasil', NULL, NULL, 1, NULL, NULL, NULL),
(81, 'Brasiléia', NULL, NULL, 1, NULL, NULL, NULL),
(82, 'Bujari', NULL, NULL, 1, NULL, NULL, NULL),
(83, 'Capixaba', NULL, NULL, 1, NULL, NULL, NULL),
(84, 'Cruzeiro do Sul', NULL, NULL, 1, NULL, NULL, NULL),
(85, 'Epitaciolândia', NULL, NULL, 1, NULL, NULL, NULL),
(86, 'Feijó', NULL, NULL, 1, NULL, NULL, NULL),
(87, 'Jordão', NULL, NULL, 1, NULL, NULL, NULL),
(88, 'Mâncio Lima', NULL, NULL, 1, NULL, NULL, NULL),
(89, 'Manoel Urbano', NULL, NULL, 1, NULL, NULL, NULL),
(90, 'Marechal Thaumaturgo', NULL, NULL, 1, NULL, NULL, NULL),
(91, 'Plácido de Castro', NULL, NULL, 1, NULL, NULL, NULL),
(92, 'Porto Acre', NULL, NULL, 1, NULL, NULL, NULL),
(93, 'Porto Walter', NULL, NULL, 1, NULL, NULL, NULL),
(94, 'Rio Branco', NULL, NULL, 1, NULL, NULL, NULL),
(95, 'Rodrigues Alves', NULL, NULL, 1, NULL, NULL, NULL),
(96, 'Santa Rosa do Purus', NULL, NULL, 1, NULL, NULL, NULL),
(97, 'Sena Madureira', NULL, NULL, 1, NULL, NULL, NULL),
(98, 'Senador Guiomard', NULL, NULL, 1, NULL, NULL, NULL),
(99, 'Tarauacá', NULL, NULL, 1, NULL, NULL, NULL),
(100, 'Xapuri', NULL, NULL, 1, NULL, NULL, NULL),
(101, 'Água Branca', NULL, NULL, 2, NULL, NULL, NULL),
(102, 'Anadia', NULL, NULL, 2, NULL, NULL, NULL),
(103, 'Arapiraca', NULL, NULL, 2, NULL, NULL, NULL),
(104, 'Atalaia', NULL, NULL, 2, NULL, NULL, NULL),
(105, 'Barra de Santo Antônio', NULL, NULL, 2, NULL, NULL, NULL),
(106, 'Barra de São Miguel', NULL, NULL, 2, NULL, NULL, NULL),
(107, 'Batalha', NULL, NULL, 2, NULL, NULL, NULL),
(108, 'Belém', NULL, NULL, 2, NULL, NULL, NULL),
(109, 'Belo Monte', NULL, NULL, 2, NULL, NULL, NULL),
(110, 'Boca da Mata', NULL, NULL, 2, NULL, NULL, NULL),
(111, 'Branquinha', NULL, NULL, 2, NULL, NULL, NULL),
(112, 'Cacimbinhas', NULL, NULL, 2, NULL, NULL, NULL),
(113, 'Cajueiro', NULL, NULL, 2, NULL, NULL, NULL),
(114, 'Campestre', NULL, NULL, 2, NULL, NULL, NULL),
(115, 'Campo Alegre', NULL, NULL, 2, NULL, NULL, NULL),
(116, 'Campo Grande', NULL, NULL, 2, NULL, NULL, NULL),
(117, 'Canapi', NULL, NULL, 2, NULL, NULL, NULL),
(118, 'Capela', NULL, NULL, 2, NULL, NULL, NULL),
(119, 'Carneiros', NULL, NULL, 2, NULL, NULL, NULL),
(120, 'Chã Preta', NULL, NULL, 2, NULL, NULL, NULL),
(121, 'Coité do Nóia', NULL, NULL, 2, NULL, NULL, NULL),
(122, 'Colônia Leopoldina', NULL, NULL, 2, NULL, NULL, NULL),
(123, 'Coqueiro Seco', NULL, NULL, 2, NULL, NULL, NULL),
(124, 'Coruripe', NULL, NULL, 2, NULL, NULL, NULL),
(125, 'Craíbas', NULL, NULL, 2, NULL, NULL, NULL),
(126, 'Delmiro Gouveia', NULL, NULL, 2, NULL, NULL, NULL),
(127, 'Dois Riachos', NULL, NULL, 2, NULL, NULL, NULL),
(128, 'Estrela de Alagoas', NULL, NULL, 2, NULL, NULL, NULL),
(129, 'Feira Grande', NULL, NULL, 2, NULL, NULL, NULL),
(130, 'Feliz Deserto', NULL, NULL, 2, NULL, NULL, NULL),
(131, 'Flexeiras', NULL, NULL, 2, NULL, NULL, NULL),
(132, 'Girau do Ponciano', NULL, NULL, 2, NULL, NULL, NULL),
(133, 'Ibateguara', NULL, NULL, 2, NULL, NULL, NULL),
(134, 'Igaci', NULL, NULL, 2, NULL, NULL, NULL),
(135, 'Igreja Nova', NULL, NULL, 2, NULL, NULL, NULL),
(136, 'Inhapi', NULL, NULL, 2, NULL, NULL, NULL),
(137, 'Jacaré dos Homens', NULL, NULL, 2, NULL, NULL, NULL),
(138, 'Jacuípe', NULL, NULL, 2, NULL, NULL, NULL),
(139, 'Japaratinga', NULL, NULL, 2, NULL, NULL, NULL),
(140, 'Jaramataia', NULL, NULL, 2, NULL, NULL, NULL),
(141, 'Jequiá da Praia', NULL, NULL, 2, NULL, NULL, NULL),
(142, 'Joaquim Gomes', NULL, NULL, 2, NULL, NULL, NULL),
(143, 'Jundiá', NULL, NULL, 2, NULL, NULL, NULL),
(144, 'Junqueiro', NULL, NULL, 2, NULL, NULL, NULL),
(145, 'Lagoa da Canoa', NULL, NULL, 2, NULL, NULL, NULL),
(146, 'Limoeiro de Anadia', NULL, NULL, 2, NULL, NULL, NULL),
(147, 'Maceió', NULL, NULL, 2, NULL, NULL, NULL),
(148, 'Major Isidoro', NULL, NULL, 2, NULL, NULL, NULL),
(149, 'Mar Vermelho', NULL, NULL, 2, NULL, NULL, NULL),
(150, 'Maragogi', NULL, NULL, 2, NULL, NULL, NULL),
(151, 'Maravilha', NULL, NULL, 2, NULL, NULL, NULL),
(152, 'Marechal Deodoro', NULL, NULL, 2, NULL, NULL, NULL),
(153, 'Maribondo', NULL, NULL, 2, NULL, NULL, NULL),
(154, 'Mata Grande', NULL, NULL, 2, NULL, NULL, NULL),
(155, 'Matriz de Camaragibe', NULL, NULL, 2, NULL, NULL, NULL),
(156, 'Messias', NULL, NULL, 2, NULL, NULL, NULL),
(157, 'Minador do Negrão', NULL, NULL, 2, NULL, NULL, NULL),
(158, 'Monteirópolis', NULL, NULL, 2, NULL, NULL, NULL),
(159, 'Murici', NULL, NULL, 2, NULL, NULL, NULL),
(160, 'Novo Lino', NULL, NULL, 2, NULL, NULL, NULL),
(161, 'Olho d`Água das Flores', NULL, NULL, 2, NULL, NULL, NULL),
(162, 'Olho d`Água do Casado', NULL, NULL, 2, NULL, NULL, NULL),
(163, 'Olho d`Água Grande', NULL, NULL, 2, NULL, NULL, NULL),
(164, 'Olivença', NULL, NULL, 2, NULL, NULL, NULL),
(165, 'Ouro Branco', NULL, NULL, 2, NULL, NULL, NULL),
(166, 'Palestina', NULL, NULL, 2, NULL, NULL, NULL),
(167, 'Palmeira dos Índios', NULL, NULL, 2, NULL, NULL, NULL),
(168, 'Pão de Açúcar', NULL, NULL, 2, NULL, NULL, NULL),
(169, 'Pariconha', NULL, NULL, 2, NULL, NULL, NULL),
(170, 'Paripueira', NULL, NULL, 2, NULL, NULL, NULL),
(171, 'Passo de Camaragibe', NULL, NULL, 2, NULL, NULL, NULL),
(172, 'Paulo Jacinto', NULL, NULL, 2, NULL, NULL, NULL),
(173, 'Penedo', NULL, NULL, 2, NULL, NULL, NULL),
(174, 'Piaçabuçu', NULL, NULL, 2, NULL, NULL, NULL),
(175, 'Pilar', NULL, NULL, 2, NULL, NULL, NULL),
(176, 'Pindoba', NULL, NULL, 2, NULL, NULL, NULL),
(177, 'Piranhas', NULL, NULL, 2, NULL, NULL, NULL),
(178, 'Poço das Trincheiras', NULL, NULL, 2, NULL, NULL, NULL),
(179, 'Porto Calvo', NULL, NULL, 2, NULL, NULL, NULL),
(180, 'Porto de Pedras', NULL, NULL, 2, NULL, NULL, NULL),
(181, 'Porto Real do Colégio', NULL, NULL, 2, NULL, NULL, NULL),
(182, 'Quebrangulo', NULL, NULL, 2, NULL, NULL, NULL),
(183, 'Rio Largo', NULL, NULL, 2, NULL, NULL, NULL),
(184, 'Roteiro', NULL, NULL, 2, NULL, NULL, NULL),
(185, 'Santa Luzia do Norte', NULL, NULL, 2, NULL, NULL, NULL),
(186, 'Santana do Ipanema', NULL, NULL, 2, NULL, NULL, NULL),
(187, 'Santana do Mundaú', NULL, NULL, 2, NULL, NULL, NULL),
(188, 'São Brás', NULL, NULL, 2, NULL, NULL, NULL),
(189, 'São José da Laje', NULL, NULL, 2, NULL, NULL, NULL),
(190, 'São José da Tapera', NULL, NULL, 2, NULL, NULL, NULL),
(191, 'São Luís do Quitunde', NULL, NULL, 2, NULL, NULL, NULL),
(192, 'São Miguel dos Campos', NULL, NULL, 2, NULL, NULL, NULL),
(193, 'São Miguel dos Milagres', NULL, NULL, 2, NULL, NULL, NULL),
(194, 'São Sebastião', NULL, NULL, 2, NULL, NULL, NULL),
(195, 'Satuba', NULL, NULL, 2, NULL, NULL, NULL),
(196, 'Senador Rui Palmeira', NULL, NULL, 2, NULL, NULL, NULL),
(197, 'Tanque d`Arca', NULL, NULL, 2, NULL, NULL, NULL),
(198, 'Taquarana', NULL, NULL, 2, NULL, NULL, NULL),
(199, 'Teotônio Vilela', NULL, NULL, 2, NULL, NULL, NULL),
(200, 'Traipu', NULL, NULL, 2, NULL, NULL, NULL),
(201, 'União dos Palmares', NULL, NULL, 2, NULL, NULL, NULL),
(202, 'Viçosa', NULL, NULL, 2, NULL, NULL, NULL),
(203, 'Amapá', NULL, NULL, 4, NULL, NULL, NULL),
(204, 'Calçoene', NULL, NULL, 4, NULL, NULL, NULL),
(205, 'Cutias', NULL, NULL, 4, NULL, NULL, NULL),
(206, 'Ferreira Gomes', NULL, NULL, 4, NULL, NULL, NULL),
(207, 'Itaubal', NULL, NULL, 4, NULL, NULL, NULL),
(208, 'Laranjal do Jari', NULL, NULL, 4, NULL, NULL, NULL),
(209, 'Macapá', NULL, NULL, 4, NULL, NULL, NULL),
(210, 'Mazagão', NULL, NULL, 4, NULL, NULL, NULL),
(211, 'Oiapoque', NULL, NULL, 4, NULL, NULL, NULL),
(212, 'Pedra Branca do Amaparí', NULL, NULL, 4, NULL, NULL, NULL),
(213, 'Porto Grande', NULL, NULL, 4, NULL, NULL, NULL),
(214, 'Pracuúba', NULL, NULL, 4, NULL, NULL, NULL),
(215, 'Santana', NULL, NULL, 4, NULL, NULL, NULL),
(216, 'Serra do Navio', NULL, NULL, 4, NULL, NULL, NULL),
(217, 'Tartarugalzinho', NULL, NULL, 4, NULL, NULL, NULL),
(218, 'Vitória do Jari', NULL, NULL, 4, NULL, NULL, NULL),
(219, 'Alvarães', NULL, NULL, 3, NULL, NULL, NULL),
(220, 'Amaturá', NULL, NULL, 3, NULL, NULL, NULL),
(221, 'Anamã', NULL, NULL, 3, NULL, NULL, NULL),
(222, 'Anori', NULL, NULL, 3, NULL, NULL, NULL),
(223, 'Apuí', NULL, NULL, 3, NULL, NULL, NULL),
(224, 'Atalaia do Norte', NULL, NULL, 3, NULL, NULL, NULL),
(225, 'Autazes', NULL, NULL, 3, NULL, NULL, NULL),
(226, 'Barcelos', NULL, NULL, 3, NULL, NULL, NULL),
(227, 'Barreirinha', NULL, NULL, 3, NULL, NULL, NULL),
(228, 'Benjamin Constant', NULL, NULL, 3, NULL, NULL, NULL),
(229, 'Beruri', NULL, NULL, 3, NULL, NULL, NULL),
(230, 'Boa Vista do Ramos', NULL, NULL, 3, NULL, NULL, NULL),
(231, 'Boca do Acre', NULL, NULL, 3, NULL, NULL, NULL),
(232, 'Borba', NULL, NULL, 3, NULL, NULL, NULL),
(233, 'Caapiranga', NULL, NULL, 3, NULL, NULL, NULL),
(234, 'Canutama', NULL, NULL, 3, NULL, NULL, NULL),
(235, 'Carauari', NULL, NULL, 3, NULL, NULL, NULL),
(236, 'Careiro', NULL, NULL, 3, NULL, NULL, NULL),
(237, 'Careiro da Várzea', NULL, NULL, 3, NULL, NULL, NULL),
(238, 'Coari', NULL, NULL, 3, NULL, NULL, NULL),
(239, 'Codajás', NULL, NULL, 3, NULL, NULL, NULL),
(240, 'Eirunepé', NULL, NULL, 3, NULL, NULL, NULL),
(241, 'Envira', NULL, NULL, 3, NULL, NULL, NULL),
(242, 'Fonte Boa', NULL, NULL, 3, NULL, NULL, NULL),
(243, 'Guajará', NULL, NULL, 3, NULL, NULL, NULL),
(244, 'Humaitá', NULL, NULL, 3, NULL, NULL, NULL),
(245, 'Ipixuna', NULL, NULL, 3, NULL, NULL, NULL),
(246, 'Iranduba', NULL, NULL, 3, NULL, NULL, NULL),
(247, 'Itacoatiara', NULL, NULL, 3, NULL, NULL, NULL),
(248, 'Itamarati', NULL, NULL, 3, NULL, NULL, NULL),
(249, 'Itapiranga', NULL, NULL, 3, NULL, NULL, NULL),
(250, 'Japurá', NULL, NULL, 3, NULL, NULL, NULL),
(251, 'Juruá', NULL, NULL, 3, NULL, NULL, NULL),
(252, 'Jutaí', NULL, NULL, 3, NULL, NULL, NULL),
(253, 'Lábrea', NULL, NULL, 3, NULL, NULL, NULL),
(254, 'Manacapuru', NULL, NULL, 3, NULL, NULL, NULL),
(255, 'Manaquiri', NULL, NULL, 3, NULL, NULL, NULL),
(256, 'Manaus', NULL, NULL, 3, NULL, NULL, NULL),
(257, 'Manicoré', NULL, NULL, 3, NULL, NULL, NULL),
(258, 'Maraã', NULL, NULL, 3, NULL, NULL, NULL),
(259, 'Maués', NULL, NULL, 3, NULL, NULL, NULL),
(260, 'Nhamundá', NULL, NULL, 3, NULL, NULL, NULL),
(261, 'Nova Olinda do Norte', NULL, NULL, 3, NULL, NULL, NULL),
(262, 'Novo Airão', NULL, NULL, 3, NULL, NULL, NULL),
(263, 'Novo Aripuanã', NULL, NULL, 3, NULL, NULL, NULL),
(264, 'Parintins', NULL, NULL, 3, NULL, NULL, NULL),
(265, 'Pauini', NULL, NULL, 3, NULL, NULL, NULL),
(266, 'Presidente Figueiredo', NULL, NULL, 3, NULL, NULL, NULL),
(267, 'Rio Preto da Eva', NULL, NULL, 3, NULL, NULL, NULL),
(268, 'Santa Isabel do Rio Negro', NULL, NULL, 3, NULL, NULL, NULL),
(269, 'Santo Antônio do Içá', NULL, NULL, 3, NULL, NULL, NULL),
(270, 'São Gabriel da Cachoeira', NULL, NULL, 3, NULL, NULL, NULL),
(271, 'São Paulo de Olivença', NULL, NULL, 3, NULL, NULL, NULL),
(272, 'São Sebastião do Uatumã', NULL, NULL, 3, NULL, NULL, NULL),
(273, 'Silves', NULL, NULL, 3, NULL, NULL, NULL),
(274, 'Tabatinga', NULL, NULL, 3, NULL, NULL, NULL),
(275, 'Tapauá', NULL, NULL, 3, NULL, NULL, NULL),
(276, 'Tefé', NULL, NULL, 3, NULL, NULL, NULL),
(277, 'Tonantins', NULL, NULL, 3, NULL, NULL, NULL),
(278, 'Uarini', NULL, NULL, 3, NULL, NULL, NULL),
(279, 'Urucará', NULL, NULL, 3, NULL, NULL, NULL),
(280, 'Urucurituba', NULL, NULL, 3, NULL, NULL, NULL),
(281, 'Abaíra', NULL, NULL, 5, NULL, NULL, NULL),
(282, 'Abaré', NULL, NULL, 5, NULL, NULL, NULL),
(283, 'Acajutiba', NULL, NULL, 5, NULL, NULL, NULL),
(284, 'Adustina', NULL, NULL, 5, NULL, NULL, NULL),
(285, 'Água Fria', NULL, NULL, 5, NULL, NULL, NULL),
(286, 'Aiquara', NULL, NULL, 5, NULL, NULL, NULL),
(287, 'Alagoinhas', NULL, NULL, 5, NULL, NULL, NULL),
(288, 'Alcobaça', NULL, NULL, 5, NULL, NULL, NULL),
(289, 'Almadina', NULL, NULL, 5, NULL, NULL, NULL),
(290, 'Amargosa', NULL, NULL, 5, NULL, NULL, NULL),
(291, 'Amélia Rodrigues', NULL, NULL, 5, NULL, NULL, NULL),
(292, 'América Dourada', NULL, NULL, 5, NULL, NULL, NULL),
(293, 'Anagé', NULL, NULL, 5, NULL, NULL, NULL),
(294, 'Andaraí', NULL, NULL, 5, NULL, NULL, NULL),
(295, 'Andorinha', NULL, NULL, 5, NULL, NULL, NULL),
(296, 'Angical', NULL, NULL, 5, NULL, NULL, NULL),
(297, 'Anguera', NULL, NULL, 5, NULL, NULL, NULL),
(298, 'Antas', NULL, NULL, 5, NULL, NULL, NULL),
(299, 'Antônio Cardoso', NULL, NULL, 5, NULL, NULL, NULL),
(300, 'Antônio Gonçalves', NULL, NULL, 5, NULL, NULL, NULL),
(301, 'Aporá', NULL, NULL, 5, NULL, NULL, NULL),
(302, 'Apuarema', NULL, NULL, 5, NULL, NULL, NULL),
(303, 'Araças', NULL, NULL, 5, NULL, NULL, NULL),
(304, 'Aracatu', NULL, NULL, 5, NULL, NULL, NULL),
(305, 'Araci', NULL, NULL, 5, NULL, NULL, NULL),
(306, 'Aramari', NULL, NULL, 5, NULL, NULL, NULL),
(307, 'Arataca', NULL, NULL, 5, NULL, NULL, NULL),
(308, 'Aratuípe', NULL, NULL, 5, NULL, NULL, NULL),
(309, 'Aurelino Leal', NULL, NULL, 5, NULL, NULL, NULL),
(310, 'Baianópolis', NULL, NULL, 5, NULL, NULL, NULL),
(311, 'Baixa Grande', NULL, NULL, 5, NULL, NULL, NULL),
(312, 'Banzaê', NULL, NULL, 5, NULL, NULL, NULL),
(313, 'Barra', NULL, NULL, 5, NULL, NULL, NULL),
(314, 'Barra da Estiva', NULL, NULL, 5, NULL, NULL, NULL),
(315, 'Barra do Choça', NULL, NULL, 5, NULL, NULL, NULL),
(316, 'Barra do Mendes', NULL, NULL, 5, NULL, NULL, NULL),
(317, 'Barra do Rocha', NULL, NULL, 5, NULL, NULL, NULL),
(318, 'Barreiras', NULL, NULL, 5, NULL, NULL, NULL),
(319, 'Barro Alto', NULL, NULL, 5, NULL, NULL, NULL),
(320, 'Barro Preto (antigo Gov. Lomanto Jr.)', NULL, NULL, 5, NULL, NULL, NULL),
(321, 'Barrocas', NULL, NULL, 5, NULL, NULL, NULL),
(322, 'Belmonte', NULL, NULL, 5, NULL, NULL, NULL),
(323, 'Belo Campo', NULL, NULL, 5, NULL, NULL, NULL),
(324, 'Biritinga', NULL, NULL, 5, NULL, NULL, NULL),
(325, 'Boa Nova', NULL, NULL, 5, NULL, NULL, NULL),
(326, 'Boa Vista do Tupim', NULL, NULL, 5, NULL, NULL, NULL),
(327, 'Bom Jesus da Lapa', NULL, NULL, 5, NULL, NULL, NULL),
(328, 'Bom Jesus da Serra', NULL, NULL, 5, NULL, NULL, NULL),
(329, 'Boninal', NULL, NULL, 5, NULL, NULL, NULL),
(330, 'Bonito', NULL, NULL, 5, NULL, NULL, NULL),
(331, 'Boquira', NULL, NULL, 5, NULL, NULL, NULL),
(332, 'Botuporã', NULL, NULL, 5, NULL, NULL, NULL),
(333, 'Brejões', NULL, NULL, 5, NULL, NULL, NULL),
(334, 'Brejolândia', NULL, NULL, 5, NULL, NULL, NULL),
(335, 'Brotas de Macaúbas', NULL, NULL, 5, NULL, NULL, NULL),
(336, 'Brumado', NULL, NULL, 5, NULL, NULL, NULL),
(337, 'Buerarema', NULL, NULL, 5, NULL, NULL, NULL),
(338, 'Buritirama', NULL, NULL, 5, NULL, NULL, NULL),
(339, 'Caatiba', NULL, NULL, 5, NULL, NULL, NULL),
(340, 'Cabaceiras do Paraguaçu', NULL, NULL, 5, NULL, NULL, NULL),
(341, 'Cachoeira', NULL, NULL, 5, NULL, NULL, NULL),
(342, 'Caculé', NULL, NULL, 5, NULL, NULL, NULL),
(343, 'Caém', NULL, NULL, 5, NULL, NULL, NULL),
(344, 'Caetanos', NULL, NULL, 5, NULL, NULL, NULL),
(345, 'Caetité', NULL, NULL, 5, NULL, NULL, NULL),
(346, 'Cafarnaum', NULL, NULL, 5, NULL, NULL, NULL),
(347, 'Cairu', NULL, NULL, 5, NULL, NULL, NULL),
(348, 'Caldeirão Grande', NULL, NULL, 5, NULL, NULL, NULL),
(349, 'Camacan', NULL, NULL, 5, NULL, NULL, NULL),
(350, 'Camaçari', NULL, NULL, 5, NULL, NULL, NULL),
(351, 'Camamu', NULL, NULL, 5, NULL, NULL, NULL),
(352, 'Campo Alegre de Lourdes', NULL, NULL, 5, NULL, NULL, NULL),
(353, 'Campo Formoso', NULL, NULL, 5, NULL, NULL, NULL),
(354, 'Canápolis', NULL, NULL, 5, NULL, NULL, NULL),
(355, 'Canarana', NULL, NULL, 5, NULL, NULL, NULL),
(356, 'Canavieiras', NULL, NULL, 5, NULL, NULL, NULL),
(357, 'Candeal', NULL, NULL, 5, NULL, NULL, NULL),
(358, 'Candeias', NULL, NULL, 5, NULL, NULL, NULL),
(359, 'Candiba', NULL, NULL, 5, NULL, NULL, NULL),
(360, 'Cândido Sales', NULL, NULL, 5, NULL, NULL, NULL),
(361, 'Cansanção', NULL, NULL, 5, NULL, NULL, NULL),
(362, 'Canudos', NULL, NULL, 5, NULL, NULL, NULL),
(363, 'Capela do Alto Alegre', NULL, NULL, 5, NULL, NULL, NULL),
(364, 'Capim Grosso', NULL, NULL, 5, NULL, NULL, NULL),
(365, 'Caraíbas', NULL, NULL, 5, NULL, NULL, NULL),
(366, 'Caravelas', NULL, NULL, 5, NULL, NULL, NULL),
(367, 'Cardeal da Silva', NULL, NULL, 5, NULL, NULL, NULL),
(368, 'Carinhanha', NULL, NULL, 5, NULL, NULL, NULL),
(369, 'Casa Nova', NULL, NULL, 5, NULL, NULL, NULL),
(370, 'Castro Alves', NULL, NULL, 5, NULL, NULL, NULL),
(371, 'Catolândia', NULL, NULL, 5, NULL, NULL, NULL),
(372, 'Catu', NULL, NULL, 5, NULL, NULL, NULL),
(373, 'Caturama', NULL, NULL, 5, NULL, NULL, NULL),
(374, 'Central', NULL, NULL, 5, NULL, NULL, NULL),
(375, 'Chorrochó', NULL, NULL, 5, NULL, NULL, NULL),
(376, 'Cícero Dantas', NULL, NULL, 5, NULL, NULL, NULL),
(377, 'Cipó', NULL, NULL, 5, NULL, NULL, NULL),
(378, 'Coaraci', NULL, NULL, 5, NULL, NULL, NULL),
(379, 'Cocos', NULL, NULL, 5, NULL, NULL, NULL),
(380, 'Conceição da Feira', NULL, NULL, 5, NULL, NULL, NULL),
(381, 'Conceição do Almeida', NULL, NULL, 5, NULL, NULL, NULL),
(382, 'Conceição do Coité', NULL, NULL, 5, NULL, NULL, NULL),
(383, 'Conceição do Jacuípe', NULL, NULL, 5, NULL, NULL, NULL),
(384, 'Conde', NULL, NULL, 5, NULL, NULL, NULL),
(385, 'Condeúba', NULL, NULL, 5, NULL, NULL, NULL),
(386, 'Contendas do Sincorá', NULL, NULL, 5, NULL, NULL, NULL),
(387, 'Coração de Maria', NULL, NULL, 5, NULL, NULL, NULL),
(388, 'Cordeiros', NULL, NULL, 5, NULL, NULL, NULL),
(389, 'Coribe', NULL, NULL, 5, NULL, NULL, NULL),
(390, 'Coronel João Sá', NULL, NULL, 5, NULL, NULL, NULL),
(391, 'Correntina', NULL, NULL, 5, NULL, NULL, NULL),
(392, 'Cotegipe', NULL, NULL, 5, NULL, NULL, NULL),
(393, 'Cravolândia', NULL, NULL, 5, NULL, NULL, NULL),
(394, 'Crisópolis', NULL, NULL, 5, NULL, NULL, NULL),
(395, 'Cristópolis', NULL, NULL, 5, NULL, NULL, NULL),
(396, 'Cruz das Almas', NULL, NULL, 5, NULL, NULL, NULL),
(397, 'Curaçá', NULL, NULL, 5, NULL, NULL, NULL),
(398, 'Dário Meira', NULL, NULL, 5, NULL, NULL, NULL),
(399, 'Dias d`Ávila', NULL, NULL, 5, NULL, NULL, NULL),
(400, 'Dom Basílio', NULL, NULL, 5, NULL, NULL, NULL),
(401, 'Dom Macedo Costa', NULL, NULL, 5, NULL, NULL, NULL),
(402, 'Elísio Medrado', NULL, NULL, 5, NULL, NULL, NULL),
(403, 'Encruzilhada', NULL, NULL, 5, NULL, NULL, NULL),
(404, 'Entre Rios', NULL, NULL, 5, NULL, NULL, NULL),
(405, 'Érico Cardoso', NULL, NULL, 5, NULL, NULL, NULL),
(406, 'Esplanada', NULL, NULL, 5, NULL, NULL, NULL),
(407, 'Euclides da Cunha', NULL, NULL, 5, NULL, NULL, NULL),
(408, 'Eunápolis', NULL, NULL, 5, NULL, NULL, NULL),
(409, 'Fátima', NULL, NULL, 5, NULL, NULL, NULL),
(410, 'Feira da Mata', NULL, NULL, 5, NULL, NULL, NULL),
(411, 'Feira de Santana', NULL, NULL, 5, NULL, NULL, NULL),
(412, 'Filadélfia', NULL, NULL, 5, NULL, NULL, NULL),
(413, 'Firmino Alves', NULL, NULL, 5, NULL, NULL, NULL),
(414, 'Floresta Azul', NULL, NULL, 5, NULL, NULL, NULL),
(415, 'Formosa do Rio Preto', NULL, NULL, 5, NULL, NULL, NULL),
(416, 'Gandu', NULL, NULL, 5, NULL, NULL, NULL),
(417, 'Gavião', NULL, NULL, 5, NULL, NULL, NULL),
(418, 'Gentio do Ouro', NULL, NULL, 5, NULL, NULL, NULL),
(419, 'Glória', NULL, NULL, 5, NULL, NULL, NULL),
(420, 'Gongogi', NULL, NULL, 5, NULL, NULL, NULL),
(421, 'Governador Mangabeira', NULL, NULL, 5, NULL, NULL, NULL),
(422, 'Guajeru', NULL, NULL, 5, NULL, NULL, NULL),
(423, 'Guanambi', NULL, NULL, 5, NULL, NULL, NULL),
(424, 'Guaratinga', NULL, NULL, 5, NULL, NULL, NULL),
(425, 'Heliópolis', NULL, NULL, 5, NULL, NULL, NULL),
(426, 'Iaçu', NULL, NULL, 5, NULL, NULL, NULL),
(427, 'Ibiassucê', NULL, NULL, 5, NULL, NULL, NULL),
(428, 'Ibicaraí', NULL, NULL, 5, NULL, NULL, NULL),
(429, 'Ibicoara', NULL, NULL, 5, NULL, NULL, NULL),
(430, 'Ibicuí', NULL, NULL, 5, NULL, NULL, NULL),
(431, 'Ibipeba', NULL, NULL, 5, NULL, NULL, NULL),
(432, 'Ibipitanga', NULL, NULL, 5, NULL, NULL, NULL),
(433, 'Ibiquera', NULL, NULL, 5, NULL, NULL, NULL),
(434, 'Ibirapitanga', NULL, NULL, 5, NULL, NULL, NULL),
(435, 'Ibirapuã', NULL, NULL, 5, NULL, NULL, NULL),
(436, 'Ibirataia', NULL, NULL, 5, NULL, NULL, NULL),
(437, 'Ibitiara', NULL, NULL, 5, NULL, NULL, NULL),
(438, 'Ibititá', NULL, NULL, 5, NULL, NULL, NULL),
(439, 'Ibotirama', NULL, NULL, 5, NULL, NULL, NULL),
(440, 'Ichu', NULL, NULL, 5, NULL, NULL, NULL),
(441, 'Igaporã', NULL, NULL, 5, NULL, NULL, NULL),
(442, 'Igrapiúna', NULL, NULL, 5, NULL, NULL, NULL),
(443, 'Iguaí', NULL, NULL, 5, NULL, NULL, NULL),
(444, 'Ilhéus', NULL, NULL, 5, NULL, NULL, NULL),
(445, 'Inhambupe', NULL, NULL, 5, NULL, NULL, NULL),
(446, 'Ipecaetá', NULL, NULL, 5, NULL, NULL, NULL),
(447, 'Ipiaú', NULL, NULL, 5, NULL, NULL, NULL),
(448, 'Ipirá', NULL, NULL, 5, NULL, NULL, NULL),
(449, 'Ipupiara', NULL, NULL, 5, NULL, NULL, NULL),
(450, 'Irajuba', NULL, NULL, 5, NULL, NULL, NULL),
(451, 'Iramaia', NULL, NULL, 5, NULL, NULL, NULL),
(452, 'Iraquara', NULL, NULL, 5, NULL, NULL, NULL),
(453, 'Irará', NULL, NULL, 5, NULL, NULL, NULL),
(454, 'Irecê', NULL, NULL, 5, NULL, NULL, NULL),
(455, 'Itabela', NULL, NULL, 5, NULL, NULL, NULL),
(456, 'Itaberaba', NULL, NULL, 5, NULL, NULL, NULL),
(457, 'Itabuna', NULL, NULL, 5, NULL, NULL, NULL),
(458, 'Itacaré', NULL, NULL, 5, NULL, NULL, NULL),
(459, 'Itaeté', NULL, NULL, 5, NULL, NULL, NULL),
(460, 'Itagi', NULL, NULL, 5, NULL, NULL, NULL),
(461, 'Itagibá', NULL, NULL, 5, NULL, NULL, NULL),
(462, 'Itagimirim', NULL, NULL, 5, NULL, NULL, NULL),
(463, 'Itaguaçu da Bahia', NULL, NULL, 5, NULL, NULL, NULL),
(464, 'Itaju do Colônia', NULL, NULL, 5, NULL, NULL, NULL),
(465, 'Itajuípe', NULL, NULL, 5, NULL, NULL, NULL),
(466, 'Itamaraju', NULL, NULL, 5, NULL, NULL, NULL),
(467, 'Itamari', NULL, NULL, 5, NULL, NULL, NULL),
(468, 'Itambé', NULL, NULL, 5, NULL, NULL, NULL),
(469, 'Itanagra', NULL, NULL, 5, NULL, NULL, NULL),
(470, 'Itanhém', NULL, NULL, 5, NULL, NULL, NULL),
(471, 'Itaparica', NULL, NULL, 5, NULL, NULL, NULL),
(472, 'Itapé', NULL, NULL, 5, NULL, NULL, NULL),
(473, 'Itapebi', NULL, NULL, 5, NULL, NULL, NULL),
(474, 'Itapetinga', NULL, NULL, 5, NULL, NULL, NULL),
(475, 'Itapicuru', NULL, NULL, 5, NULL, NULL, NULL),
(476, 'Itapitanga', NULL, NULL, 5, NULL, NULL, NULL),
(477, 'Itaquara', NULL, NULL, 5, NULL, NULL, NULL),
(478, 'Itarantim', NULL, NULL, 5, NULL, NULL, NULL),
(479, 'Itatim', NULL, NULL, 5, NULL, NULL, NULL),
(480, 'Itiruçu', NULL, NULL, 5, NULL, NULL, NULL),
(481, 'Itiúba', NULL, NULL, 5, NULL, NULL, NULL),
(482, 'Itororó', NULL, NULL, 5, NULL, NULL, NULL),
(483, 'Ituaçu', NULL, NULL, 5, NULL, NULL, NULL),
(484, 'Ituberá', NULL, NULL, 5, NULL, NULL, NULL),
(485, 'Iuiú', NULL, NULL, 5, NULL, NULL, NULL),
(486, 'Jaborandi', NULL, NULL, 5, NULL, NULL, NULL),
(487, 'Jacaraci', NULL, NULL, 5, NULL, NULL, NULL),
(488, 'Jacobina', NULL, NULL, 5, NULL, NULL, NULL),
(489, 'Jaguaquara', NULL, NULL, 5, NULL, NULL, NULL),
(490, 'Jaguarari', NULL, NULL, 5, NULL, NULL, NULL),
(491, 'Jaguaripe', NULL, NULL, 5, NULL, NULL, NULL),
(492, 'Jandaíra', NULL, NULL, 5, NULL, NULL, NULL),
(493, 'Jequié', NULL, NULL, 5, NULL, NULL, NULL),
(494, 'Jeremoabo', NULL, NULL, 5, NULL, NULL, NULL),
(495, 'Jiquiriçá', NULL, NULL, 5, NULL, NULL, NULL),
(496, 'Jitaúna', NULL, NULL, 5, NULL, NULL, NULL),
(497, 'João Dourado', NULL, NULL, 5, NULL, NULL, NULL),
(498, 'Juazeiro', NULL, NULL, 5, NULL, NULL, NULL),
(499, 'Jucuruçu', NULL, NULL, 5, NULL, NULL, NULL),
(500, 'Jussara', NULL, NULL, 5, NULL, NULL, NULL),
(501, 'Jussari', NULL, NULL, 5, NULL, NULL, NULL),
(502, 'Jussiape', NULL, NULL, 5, NULL, NULL, NULL),
(503, 'Lafaiete Coutinho', NULL, NULL, 5, NULL, NULL, NULL),
(504, 'Lagoa Real', NULL, NULL, 5, NULL, NULL, NULL),
(505, 'Laje', NULL, NULL, 5, NULL, NULL, NULL),
(506, 'Lajedão', NULL, NULL, 5, NULL, NULL, NULL),
(507, 'Lajedinho', NULL, NULL, 5, NULL, NULL, NULL),
(508, 'Lajedo do Tabocal', NULL, NULL, 5, NULL, NULL, NULL),
(509, 'Lamarão', NULL, NULL, 5, NULL, NULL, NULL),
(510, 'Lapão', NULL, NULL, 5, NULL, NULL, NULL),
(511, 'Lauro de Freitas', NULL, NULL, 5, NULL, NULL, NULL),
(512, 'Lençóis', NULL, NULL, 5, NULL, NULL, NULL),
(513, 'Licínio de Almeida', NULL, NULL, 5, NULL, NULL, NULL),
(514, 'Livramento de Nossa Senhora', NULL, NULL, 5, NULL, NULL, NULL),
(515, 'Luís Eduardo Magalhães', NULL, NULL, 5, NULL, NULL, NULL),
(516, 'Macajuba', NULL, NULL, 5, NULL, NULL, NULL),
(517, 'Macarani', NULL, NULL, 5, NULL, NULL, NULL),
(518, 'Macaúbas', NULL, NULL, 5, NULL, NULL, NULL),
(519, 'Macururé', NULL, NULL, 5, NULL, NULL, NULL),
(520, 'Madre de Deus', NULL, NULL, 5, NULL, NULL, NULL),
(521, 'Maetinga', NULL, NULL, 5, NULL, NULL, NULL),
(522, 'Maiquinique', NULL, NULL, 5, NULL, NULL, NULL),
(523, 'Mairi', NULL, NULL, 5, NULL, NULL, NULL),
(524, 'Malhada', NULL, NULL, 5, NULL, NULL, NULL),
(525, 'Malhada de Pedras', NULL, NULL, 5, NULL, NULL, NULL),
(526, 'Manoel Vitorino', NULL, NULL, 5, NULL, NULL, NULL),
(527, 'Mansidão', NULL, NULL, 5, NULL, NULL, NULL),
(528, 'Maracás', NULL, NULL, 5, NULL, NULL, NULL),
(529, 'Maragogipe', NULL, NULL, 5, NULL, NULL, NULL),
(530, 'Maraú', NULL, NULL, 5, NULL, NULL, NULL),
(531, 'Marcionílio Souza', NULL, NULL, 5, NULL, NULL, NULL),
(532, 'Mascote', NULL, NULL, 5, NULL, NULL, NULL),
(533, 'Mata de São João', NULL, NULL, 5, NULL, NULL, NULL),
(534, 'Matina', NULL, NULL, 5, NULL, NULL, NULL),
(535, 'Medeiros Neto', NULL, NULL, 5, NULL, NULL, NULL),
(536, 'Miguel Calmon', NULL, NULL, 5, NULL, NULL, NULL),
(537, 'Milagres', NULL, NULL, 5, NULL, NULL, NULL),
(538, 'Mirangaba', NULL, NULL, 5, NULL, NULL, NULL),
(539, 'Mirante', NULL, NULL, 5, NULL, NULL, NULL),
(540, 'Monte Santo', NULL, NULL, 5, NULL, NULL, NULL),
(541, 'Morpará', NULL, NULL, 5, NULL, NULL, NULL),
(542, 'Morro do Chapéu', NULL, NULL, 5, NULL, NULL, NULL),
(543, 'Mortugaba', NULL, NULL, 5, NULL, NULL, NULL),
(544, 'Mucugê', NULL, NULL, 5, NULL, NULL, NULL),
(545, 'Mucuri', NULL, NULL, 5, NULL, NULL, NULL),
(546, 'Mulungu do Morro', NULL, NULL, 5, NULL, NULL, NULL),
(547, 'Mundo Novo', NULL, NULL, 5, NULL, NULL, NULL),
(548, 'Muniz Ferreira', NULL, NULL, 5, NULL, NULL, NULL),
(549, 'Muquém de São Francisco', NULL, NULL, 5, NULL, NULL, NULL),
(550, 'Muritiba', NULL, NULL, 5, NULL, NULL, NULL),
(551, 'Mutuípe', NULL, NULL, 5, NULL, NULL, NULL),
(552, 'Nazaré', NULL, NULL, 5, NULL, NULL, NULL),
(553, 'Nilo Peçanha', NULL, NULL, 5, NULL, NULL, NULL),
(554, 'Nordestina', NULL, NULL, 5, NULL, NULL, NULL),
(555, 'Nova Canaã', NULL, NULL, 5, NULL, NULL, NULL),
(556, 'Nova Fátima', NULL, NULL, 5, NULL, NULL, NULL),
(557, 'Nova Ibiá', NULL, NULL, 5, NULL, NULL, NULL),
(558, 'Nova Itarana', NULL, NULL, 5, NULL, NULL, NULL),
(559, 'Nova Redenção', NULL, NULL, 5, NULL, NULL, NULL),
(560, 'Nova Soure', NULL, NULL, 5, NULL, NULL, NULL),
(561, 'Nova Viçosa', NULL, NULL, 5, NULL, NULL, NULL),
(562, 'Novo Horizonte', NULL, NULL, 5, NULL, NULL, NULL),
(563, 'Novo Triunfo', NULL, NULL, 5, NULL, NULL, NULL),
(564, 'Olindina', NULL, NULL, 5, NULL, NULL, NULL),
(565, 'Oliveira dos Brejinhos', NULL, NULL, 5, NULL, NULL, NULL),
(566, 'Ouriçangas', NULL, NULL, 5, NULL, NULL, NULL),
(567, 'Ourolândia', NULL, NULL, 5, NULL, NULL, NULL),
(568, 'Palmas de Monte Alto', NULL, NULL, 5, NULL, NULL, NULL),
(569, 'Palmeiras', NULL, NULL, 5, NULL, NULL, NULL),
(570, 'Paramirim', NULL, NULL, 5, NULL, NULL, NULL),
(571, 'Paratinga', NULL, NULL, 5, NULL, NULL, NULL),
(572, 'Paripiranga', NULL, NULL, 5, NULL, NULL, NULL),
(573, 'Pau Brasil', NULL, NULL, 5, NULL, NULL, NULL),
(574, 'Paulo Afonso', NULL, NULL, 5, NULL, NULL, NULL),
(575, 'Pé de Serra', NULL, NULL, 5, NULL, NULL, NULL),
(576, 'Pedrão', NULL, NULL, 5, NULL, NULL, NULL),
(577, 'Pedro Alexandre', NULL, NULL, 5, NULL, NULL, NULL),
(578, 'Piatã', NULL, NULL, 5, NULL, NULL, NULL),
(579, 'Pilão Arcado', NULL, NULL, 5, NULL, NULL, NULL),
(580, 'Pindaí', NULL, NULL, 5, NULL, NULL, NULL),
(581, 'Pindobaçu', NULL, NULL, 5, NULL, NULL, NULL),
(582, 'Pintadas', NULL, NULL, 5, NULL, NULL, NULL),
(583, 'Piraí do Norte', NULL, NULL, 5, NULL, NULL, NULL),
(584, 'Piripá', NULL, NULL, 5, NULL, NULL, NULL),
(585, 'Piritiba', NULL, NULL, 5, NULL, NULL, NULL),
(586, 'Planaltino', NULL, NULL, 5, NULL, NULL, NULL),
(587, 'Planalto', NULL, NULL, 5, NULL, NULL, NULL),
(588, 'Poções', NULL, NULL, 5, NULL, NULL, NULL),
(589, 'Pojuca', NULL, NULL, 5, NULL, NULL, NULL),
(590, 'Ponto Novo', NULL, NULL, 5, NULL, NULL, NULL),
(591, 'Porto Seguro', NULL, NULL, 5, NULL, NULL, NULL),
(592, 'Potiraguá', NULL, NULL, 5, NULL, NULL, NULL),
(593, 'Prado', NULL, NULL, 5, NULL, NULL, NULL),
(594, 'Presidente Dutra', NULL, NULL, 5, NULL, NULL, NULL),
(595, 'Presidente Jânio Quadros', NULL, NULL, 5, NULL, NULL, NULL),
(596, 'Presidente Tancredo Neves', NULL, NULL, 5, NULL, NULL, NULL),
(597, 'Queimadas', NULL, NULL, 5, NULL, NULL, NULL),
(598, 'Quijingue', NULL, NULL, 5, NULL, NULL, NULL),
(599, 'Quixabeira', NULL, NULL, 5, NULL, NULL, NULL),
(600, 'Rafael Jambeiro', NULL, NULL, 5, NULL, NULL, NULL),
(601, 'Remanso', NULL, NULL, 5, NULL, NULL, NULL),
(602, 'Retirolândia', NULL, NULL, 5, NULL, NULL, NULL),
(603, 'Riachão das Neves', NULL, NULL, 5, NULL, NULL, NULL),
(604, 'Riachão do Jacuípe', NULL, NULL, 5, NULL, NULL, NULL),
(605, 'Riacho de Santana', NULL, NULL, 5, NULL, NULL, NULL),
(606, 'Ribeira do Amparo', NULL, NULL, 5, NULL, NULL, NULL),
(607, 'Ribeira do Pombal', NULL, NULL, 5, NULL, NULL, NULL),
(608, 'Ribeirão do Largo', NULL, NULL, 5, NULL, NULL, NULL),
(609, 'Rio de Contas', NULL, NULL, 5, NULL, NULL, NULL),
(610, 'Rio do Antônio', NULL, NULL, 5, NULL, NULL, NULL),
(611, 'Rio do Pires', NULL, NULL, 5, NULL, NULL, NULL),
(612, 'Rio Real', NULL, NULL, 5, NULL, NULL, NULL),
(613, 'Rodelas', NULL, NULL, 5, NULL, NULL, NULL),
(614, 'Ruy Barbosa', NULL, NULL, 5, NULL, NULL, NULL),
(615, 'Salinas da Margarida', NULL, NULL, 5, NULL, NULL, NULL),
(616, 'Salvador', NULL, NULL, 5, NULL, NULL, NULL),
(617, 'Santa Bárbara', NULL, NULL, 5, NULL, NULL, NULL),
(618, 'Santa Brígida', NULL, NULL, 5, NULL, NULL, NULL),
(619, 'Santa Cruz Cabrália', NULL, NULL, 5, NULL, NULL, NULL),
(620, 'Santa Cruz da Vitória', NULL, NULL, 5, NULL, NULL, NULL),
(621, 'Santa Inês', NULL, NULL, 5, NULL, NULL, NULL),
(622, 'Santa Luzia', NULL, NULL, 5, NULL, NULL, NULL),
(623, 'Santa Maria da Vitória', NULL, NULL, 5, NULL, NULL, NULL),
(624, 'Santa Rita de Cássia', NULL, NULL, 5, NULL, NULL, NULL),
(625, 'Santa Teresinha', NULL, NULL, 5, NULL, NULL, NULL),
(626, 'Santaluz', NULL, NULL, 5, NULL, NULL, NULL),
(627, 'Santana', NULL, NULL, 5, NULL, NULL, NULL),
(628, 'Santanópolis', NULL, NULL, 5, NULL, NULL, NULL),
(629, 'Santo Amaro', NULL, NULL, 5, NULL, NULL, NULL),
(630, 'Santo Antônio de Jesus', NULL, NULL, 5, NULL, NULL, NULL),
(631, 'Santo Estêvão', NULL, NULL, 5, NULL, NULL, NULL),
(632, 'São Desidério', NULL, NULL, 5, NULL, NULL, NULL),
(633, 'São Domingos', NULL, NULL, 5, NULL, NULL, NULL),
(634, 'São Felipe', NULL, NULL, 5, NULL, NULL, NULL),
(635, 'São Félix', NULL, NULL, 5, NULL, NULL, NULL),
(636, 'São Félix do Coribe', NULL, NULL, 5, NULL, NULL, NULL),
(637, 'São Francisco do Conde', NULL, NULL, 5, NULL, NULL, NULL),
(638, 'São Gabriel', NULL, NULL, 5, NULL, NULL, NULL),
(639, 'São Gonçalo dos Campos', NULL, NULL, 5, NULL, NULL, NULL),
(640, 'São José da Vitória', NULL, NULL, 5, NULL, NULL, NULL),
(641, 'São José do Jacuípe', NULL, NULL, 5, NULL, NULL, NULL),
(642, 'São Miguel das Matas', NULL, NULL, 5, NULL, NULL, NULL),
(643, 'São Sebastião do Passé', NULL, NULL, 5, NULL, NULL, NULL),
(644, 'Sapeaçu', NULL, NULL, 5, NULL, NULL, NULL),
(645, 'Sátiro Dias', NULL, NULL, 5, NULL, NULL, NULL),
(646, 'Saubara', NULL, NULL, 5, NULL, NULL, NULL),
(647, 'Saúde', NULL, NULL, 5, NULL, NULL, NULL),
(648, 'Seabra', NULL, NULL, 5, NULL, NULL, NULL),
(649, 'Sebastião Laranjeiras', NULL, NULL, 5, NULL, NULL, NULL),
(650, 'Senhor do Bonfim', NULL, NULL, 5, NULL, NULL, NULL),
(651, 'Sento Sé', NULL, NULL, 5, NULL, NULL, NULL),
(652, 'Serra do Ramalho', NULL, NULL, 5, NULL, NULL, NULL),
(653, 'Serra Dourada', NULL, NULL, 5, NULL, NULL, NULL),
(654, 'Serra Preta', NULL, NULL, 5, NULL, NULL, NULL),
(655, 'Serrinha', NULL, NULL, 5, NULL, NULL, NULL),
(656, 'Serrolândia', NULL, NULL, 5, NULL, NULL, NULL),
(657, 'Simões Filho', NULL, NULL, 5, NULL, NULL, NULL),
(658, 'Sítio do Mato', NULL, NULL, 5, NULL, NULL, NULL),
(659, 'Sítio do Quinto', NULL, NULL, 5, NULL, NULL, NULL),
(660, 'Sobradinho', NULL, NULL, 5, NULL, NULL, NULL),
(661, 'Souto Soares', NULL, NULL, 5, NULL, NULL, NULL),
(662, 'Tabocas do Brejo Velho', NULL, NULL, 5, NULL, NULL, NULL),
(663, 'Tanhaçu', NULL, NULL, 5, NULL, NULL, NULL),
(664, 'Tanque Novo', NULL, NULL, 5, NULL, NULL, NULL),
(665, 'Tanquinho', NULL, NULL, 5, NULL, NULL, NULL),
(666, 'Taperoá', NULL, NULL, 5, NULL, NULL, NULL),
(667, 'Tapiramutá', NULL, NULL, 5, NULL, NULL, NULL),
(668, 'Teixeira de Freitas', NULL, NULL, 5, NULL, NULL, NULL),
(669, 'Teodoro Sampaio', NULL, NULL, 5, NULL, NULL, NULL),
(670, 'Teofilândia', NULL, NULL, 5, NULL, NULL, NULL),
(671, 'Teolândia', NULL, NULL, 5, NULL, NULL, NULL),
(672, 'Terra Nova', NULL, NULL, 5, NULL, NULL, NULL),
(673, 'Tremedal', NULL, NULL, 5, NULL, NULL, NULL),
(674, 'Tucano', NULL, NULL, 5, NULL, NULL, NULL),
(675, 'Uauá', NULL, NULL, 5, NULL, NULL, NULL),
(676, 'Ubaíra', NULL, NULL, 5, NULL, NULL, NULL),
(677, 'Ubaitaba', NULL, NULL, 5, NULL, NULL, NULL),
(678, 'Ubatã', NULL, NULL, 5, NULL, NULL, NULL),
(679, 'Uibaí', NULL, NULL, 5, NULL, NULL, NULL),
(680, 'Umburanas', NULL, NULL, 5, NULL, NULL, NULL),
(681, 'Una', NULL, NULL, 5, NULL, NULL, NULL),
(682, 'Urandi', NULL, NULL, 5, NULL, NULL, NULL),
(683, 'Uruçuca', NULL, NULL, 5, NULL, NULL, NULL),
(684, 'Utinga', NULL, NULL, 5, NULL, NULL, NULL),
(685, 'Valença', NULL, NULL, 5, NULL, NULL, NULL),
(686, 'Valente', NULL, NULL, 5, NULL, NULL, NULL),
(687, 'Várzea da Roça', NULL, NULL, 5, NULL, NULL, NULL),
(688, 'Várzea do Poço', NULL, NULL, 5, NULL, NULL, NULL),
(689, 'Várzea Nova', NULL, NULL, 5, NULL, NULL, NULL),
(690, 'Varzedo', NULL, NULL, 5, NULL, NULL, NULL),
(691, 'Vera Cruz', NULL, NULL, 5, NULL, NULL, NULL),
(692, 'Vereda', NULL, NULL, 5, NULL, NULL, NULL),
(693, 'Vitória da Conquista', NULL, NULL, 5, NULL, NULL, NULL),
(694, 'Wagner', NULL, NULL, 5, NULL, NULL, NULL),
(695, 'Wanderley', NULL, NULL, 5, NULL, NULL, NULL),
(696, 'Wenceslau Guimarães', NULL, NULL, 5, NULL, NULL, NULL),
(697, 'Xique-Xique', NULL, NULL, 5, NULL, NULL, NULL),
(698, 'Abaiara', NULL, NULL, 6, NULL, NULL, NULL),
(699, 'Acarape', NULL, NULL, 6, NULL, NULL, NULL),
(700, 'Acaraú', NULL, NULL, 6, NULL, NULL, NULL),
(701, 'Acopiara', NULL, NULL, 6, NULL, NULL, NULL),
(702, 'Aiuaba', NULL, NULL, 6, NULL, NULL, NULL),
(703, 'Alcântaras', NULL, NULL, 6, NULL, NULL, NULL),
(704, 'Altaneira', NULL, NULL, 6, NULL, NULL, NULL),
(705, 'Alto Santo', NULL, NULL, 6, NULL, NULL, NULL),
(706, 'Amontada', NULL, NULL, 6, NULL, NULL, NULL),
(707, 'Antonina do Norte', NULL, NULL, 6, NULL, NULL, NULL),
(708, 'Apuiarés', NULL, NULL, 6, NULL, NULL, NULL),
(709, 'Aquiraz', NULL, NULL, 6, NULL, NULL, NULL),
(710, 'Aracati', NULL, NULL, 6, NULL, NULL, NULL),
(711, 'Aracoiaba', NULL, NULL, 6, NULL, NULL, NULL),
(712, 'Ararendá', NULL, NULL, 6, NULL, NULL, NULL),
(713, 'Araripe', NULL, NULL, 6, NULL, NULL, NULL),
(714, 'Aratuba', NULL, NULL, 6, NULL, NULL, NULL),
(715, 'Arneiroz', NULL, NULL, 6, NULL, NULL, NULL),
(716, 'Assaré', NULL, NULL, 6, NULL, NULL, NULL),
(717, 'Aurora', NULL, NULL, 6, NULL, NULL, NULL),
(718, 'Baixio', NULL, NULL, 6, NULL, NULL, NULL),
(719, 'Banabuiú', NULL, NULL, 6, NULL, NULL, NULL),
(720, 'Barbalha', NULL, NULL, 6, NULL, NULL, NULL),
(721, 'Barreira', NULL, NULL, 6, NULL, NULL, NULL),
(722, 'Barro', NULL, NULL, 6, NULL, NULL, NULL),
(723, 'Barroquinha', NULL, NULL, 6, NULL, NULL, NULL),
(724, 'Baturité', NULL, NULL, 6, NULL, NULL, NULL),
(725, 'Beberibe', NULL, NULL, 6, NULL, NULL, NULL),
(726, 'Bela Cruz', NULL, NULL, 6, NULL, NULL, NULL),
(727, 'Boa Viagem', NULL, NULL, 6, NULL, NULL, NULL),
(728, 'Brejo Santo', NULL, NULL, 6, NULL, NULL, NULL),
(729, 'Camocim', NULL, NULL, 6, NULL, NULL, NULL),
(730, 'Campos Sales', NULL, NULL, 6, NULL, NULL, NULL),
(731, 'Canindé', NULL, NULL, 6, NULL, NULL, NULL),
(732, 'Capistrano', NULL, NULL, 6, NULL, NULL, NULL),
(733, 'Caridade', NULL, NULL, 6, NULL, NULL, NULL),
(734, 'Cariré', NULL, NULL, 6, NULL, NULL, NULL),
(735, 'Caririaçu', NULL, NULL, 6, NULL, NULL, NULL),
(736, 'Cariús', NULL, NULL, 6, NULL, NULL, NULL),
(737, 'Carnaubal', NULL, NULL, 6, NULL, NULL, NULL),
(738, 'Cascavel', NULL, NULL, 6, NULL, NULL, NULL),
(739, 'Catarina', NULL, NULL, 6, NULL, NULL, NULL),
(740, 'Catunda', NULL, NULL, 6, NULL, NULL, NULL),
(741, 'Caucaia', NULL, NULL, 6, NULL, NULL, NULL),
(742, 'Cedro', NULL, NULL, 6, NULL, NULL, NULL),
(743, 'Chaval', NULL, NULL, 6, NULL, NULL, NULL),
(744, 'Choró', NULL, NULL, 6, NULL, NULL, NULL),
(745, 'Chorozinho', NULL, NULL, 6, NULL, NULL, NULL),
(746, 'Coreaú', NULL, NULL, 6, NULL, NULL, NULL),
(747, 'Crateús', NULL, NULL, 6, NULL, NULL, NULL),
(748, 'Crato', NULL, NULL, 6, NULL, NULL, NULL),
(749, 'Croatá', NULL, NULL, 6, NULL, NULL, NULL),
(750, 'Cruz', NULL, NULL, 6, NULL, NULL, NULL),
(751, 'Deputado Irapuan Pinheiro', NULL, NULL, 6, NULL, NULL, NULL),
(752, 'Ererê', NULL, NULL, 6, NULL, NULL, NULL),
(753, 'Eusébio', NULL, NULL, 6, NULL, NULL, NULL),
(754, 'Farias Brito', NULL, NULL, 6, NULL, NULL, NULL),
(755, 'Forquilha', NULL, NULL, 6, NULL, NULL, NULL),
(756, 'Fortaleza', NULL, NULL, 6, NULL, NULL, NULL),
(757, 'Fortim', NULL, NULL, 6, NULL, NULL, NULL),
(758, 'Frecheirinha', NULL, NULL, 6, NULL, NULL, NULL),
(759, 'General Sampaio', NULL, NULL, 6, NULL, NULL, NULL),
(760, 'Graça', NULL, NULL, 6, NULL, NULL, NULL),
(761, 'Granja', NULL, NULL, 6, NULL, NULL, NULL),
(762, 'Granjeiro', NULL, NULL, 6, NULL, NULL, NULL),
(763, 'Groaíras', NULL, NULL, 6, NULL, NULL, NULL),
(764, 'Guaiúba', NULL, NULL, 6, NULL, NULL, NULL),
(765, 'Guaraciaba do Norte', NULL, NULL, 6, NULL, NULL, NULL),
(766, 'Guaramiranga', NULL, NULL, 6, NULL, NULL, NULL),
(767, 'Hidrolândia', NULL, NULL, 6, NULL, NULL, NULL),
(768, 'Horizonte', NULL, NULL, 6, NULL, NULL, NULL),
(769, 'Ibaretama', NULL, NULL, 6, NULL, NULL, NULL),
(770, 'Ibiapina', NULL, NULL, 6, NULL, NULL, NULL),
(771, 'Ibicuitinga', NULL, NULL, 6, NULL, NULL, NULL),
(772, 'Icapuí', NULL, NULL, 6, NULL, NULL, NULL),
(773, 'Icó', NULL, NULL, 6, NULL, NULL, NULL),
(774, 'Iguatu', NULL, NULL, 6, NULL, NULL, NULL),
(775, 'Independência', NULL, NULL, 6, NULL, NULL, NULL),
(776, 'Ipaporanga', NULL, NULL, 6, NULL, NULL, NULL),
(777, 'Ipaumirim', NULL, NULL, 6, NULL, NULL, NULL),
(778, 'Ipu', NULL, NULL, 6, NULL, NULL, NULL),
(779, 'Ipueiras', NULL, NULL, 6, NULL, NULL, NULL),
(780, 'Iracema', NULL, NULL, 6, NULL, NULL, NULL),
(781, 'Irauçuba', NULL, NULL, 6, NULL, NULL, NULL),
(782, 'Itaiçaba', NULL, NULL, 6, NULL, NULL, NULL),
(783, 'Itaitinga', NULL, NULL, 6, NULL, NULL, NULL),
(784, 'Itapagé', NULL, NULL, 6, NULL, NULL, NULL),
(785, 'Itapipoca', NULL, NULL, 6, NULL, NULL, NULL),
(786, 'Itapiúna', NULL, NULL, 6, NULL, NULL, NULL),
(787, 'Itarema', NULL, NULL, 6, NULL, NULL, NULL),
(788, 'Itatira', NULL, NULL, 6, NULL, NULL, NULL),
(789, 'Jaguaretama', NULL, NULL, 6, NULL, NULL, NULL),
(790, 'Jaguaribara', NULL, NULL, 6, NULL, NULL, NULL),
(791, 'Jaguaribe', NULL, NULL, 6, NULL, NULL, NULL),
(792, 'Jaguaruana', NULL, NULL, 6, NULL, NULL, NULL),
(793, 'Jardim', NULL, NULL, 6, NULL, NULL, NULL),
(794, 'Jati', NULL, NULL, 6, NULL, NULL, NULL),
(795, 'Jijoca de Jericoacoara', NULL, NULL, 6, NULL, NULL, NULL),
(796, 'Juazeiro do Norte', NULL, NULL, 6, NULL, NULL, NULL),
(797, 'Jucás', NULL, NULL, 6, NULL, NULL, NULL),
(798, 'Lavras da Mangabeira', NULL, NULL, 6, NULL, NULL, NULL),
(799, 'Limoeiro do Norte', NULL, NULL, 6, NULL, NULL, NULL),
(800, 'Madalena', NULL, NULL, 6, NULL, NULL, NULL),
(801, 'Maracanaú', NULL, NULL, 6, NULL, NULL, NULL),
(802, 'Maranguape', NULL, NULL, 6, NULL, NULL, NULL),
(803, 'Marco', NULL, NULL, 6, NULL, NULL, NULL),
(804, 'Martinópole', NULL, NULL, 6, NULL, NULL, NULL),
(805, 'Massapê', NULL, NULL, 6, NULL, NULL, NULL),
(806, 'Mauriti', NULL, NULL, 6, NULL, NULL, NULL),
(807, 'Meruoca', NULL, NULL, 6, NULL, NULL, NULL),
(808, 'Milagres', NULL, NULL, 6, NULL, NULL, NULL),
(809, 'Milhã', NULL, NULL, 6, NULL, NULL, NULL),
(810, 'Miraíma', NULL, NULL, 6, NULL, NULL, NULL),
(811, 'Missão Velha', NULL, NULL, 6, NULL, NULL, NULL),
(812, 'Mombaça', NULL, NULL, 6, NULL, NULL, NULL),
(813, 'Monsenhor Tabosa', NULL, NULL, 6, NULL, NULL, NULL),
(814, 'Morada Nova', NULL, NULL, 6, NULL, NULL, NULL),
(815, 'Moraújo', NULL, NULL, 6, NULL, NULL, NULL),
(816, 'Morrinhos', NULL, NULL, 6, NULL, NULL, NULL),
(817, 'Mucambo', NULL, NULL, 6, NULL, NULL, NULL),
(818, 'Mulungu', NULL, NULL, 6, NULL, NULL, NULL),
(819, 'Nova Olinda', NULL, NULL, 6, NULL, NULL, NULL),
(820, 'Nova Russas', NULL, NULL, 6, NULL, NULL, NULL),
(821, 'Novo Oriente', NULL, NULL, 6, NULL, NULL, NULL),
(822, 'Ocara', NULL, NULL, 6, NULL, NULL, NULL),
(823, 'Orós', NULL, NULL, 6, NULL, NULL, NULL),
(824, 'Pacajus', NULL, NULL, 6, NULL, NULL, NULL),
(825, 'Pacatuba', NULL, NULL, 6, NULL, NULL, NULL),
(826, 'Pacoti', NULL, NULL, 6, NULL, NULL, NULL),
(827, 'Pacujá', NULL, NULL, 6, NULL, NULL, NULL),
(828, 'Palhano', NULL, NULL, 6, NULL, NULL, NULL),
(829, 'Palmácia', NULL, NULL, 6, NULL, NULL, NULL),
(830, 'Paracuru', NULL, NULL, 6, NULL, NULL, NULL),
(831, 'Paraipaba', NULL, NULL, 6, NULL, NULL, NULL),
(832, 'Parambu', NULL, NULL, 6, NULL, NULL, NULL),
(833, 'Paramoti', NULL, NULL, 6, NULL, NULL, NULL),
(834, 'Pedra Branca', NULL, NULL, 6, NULL, NULL, NULL),
(835, 'Penaforte', NULL, NULL, 6, NULL, NULL, NULL),
(836, 'Pentecoste', NULL, NULL, 6, NULL, NULL, NULL),
(837, 'Pereiro', NULL, NULL, 6, NULL, NULL, NULL),
(838, 'Pindoretama', NULL, NULL, 6, NULL, NULL, NULL),
(839, 'Piquet Carneiro', NULL, NULL, 6, NULL, NULL, NULL),
(840, 'Pires Ferreira', NULL, NULL, 6, NULL, NULL, NULL),
(841, 'Poranga', NULL, NULL, 6, NULL, NULL, NULL),
(842, 'Porteiras', NULL, NULL, 6, NULL, NULL, NULL),
(843, 'Potengi', NULL, NULL, 6, NULL, NULL, NULL),
(844, 'Potiretama', NULL, NULL, 6, NULL, NULL, NULL),
(845, 'Quiterianópolis', NULL, NULL, 6, NULL, NULL, NULL),
(846, 'Quixadá', NULL, NULL, 6, NULL, NULL, NULL),
(847, 'Quixelô', NULL, NULL, 6, NULL, NULL, NULL),
(848, 'Quixeramobim', NULL, NULL, 6, NULL, NULL, NULL),
(849, 'Quixeré', NULL, NULL, 6, NULL, NULL, NULL),
(850, 'Redenção', NULL, NULL, 6, NULL, NULL, NULL),
(851, 'Reriutaba', NULL, NULL, 6, NULL, NULL, NULL),
(852, 'Russas', NULL, NULL, 6, NULL, NULL, NULL),
(853, 'Saboeiro', NULL, NULL, 6, NULL, NULL, NULL),
(854, 'Salitre', NULL, NULL, 6, NULL, NULL, NULL),
(855, 'Santa Quitéria', NULL, NULL, 6, NULL, NULL, NULL),
(856, 'Santana do Acaraú', NULL, NULL, 6, NULL, NULL, NULL),
(857, 'Santana do Cariri', NULL, NULL, 6, NULL, NULL, NULL),
(858, 'São Benedito', NULL, NULL, 6, NULL, NULL, NULL),
(859, 'São Gonçalo do Amarante', NULL, NULL, 6, NULL, NULL, NULL),
(860, 'São João do Jaguaribe', NULL, NULL, 6, NULL, NULL, NULL),
(861, 'São Luís do Curu', NULL, NULL, 6, NULL, NULL, NULL),
(862, 'Senador Pompeu', NULL, NULL, 6, NULL, NULL, NULL),
(863, 'Senador Sá', NULL, NULL, 6, NULL, NULL, NULL),
(864, 'Sobral', NULL, NULL, 6, NULL, NULL, NULL),
(865, 'Solonópole', NULL, NULL, 6, NULL, NULL, NULL),
(866, 'Tabuleiro do Norte', NULL, NULL, 6, NULL, NULL, NULL),
(867, 'Tamboril', NULL, NULL, 6, NULL, NULL, NULL),
(868, 'Tarrafas', NULL, NULL, 6, NULL, NULL, NULL),
(869, 'Tauá', NULL, NULL, 6, NULL, NULL, NULL),
(870, 'Tejuçuoca', NULL, NULL, 6, NULL, NULL, NULL),
(871, 'Tianguá', NULL, NULL, 6, NULL, NULL, NULL),
(872, 'Trairi', NULL, NULL, 6, NULL, NULL, NULL),
(873, 'Tururu', NULL, NULL, 6, NULL, NULL, NULL),
(874, 'Ubajara', NULL, NULL, 6, NULL, NULL, NULL),
(875, 'Umari', NULL, NULL, 6, NULL, NULL, NULL),
(876, 'Umirim', NULL, NULL, 6, NULL, NULL, NULL),
(877, 'Uruburetama', NULL, NULL, 6, NULL, NULL, NULL),
(878, 'Uruoca', NULL, NULL, 6, NULL, NULL, NULL),
(879, 'Varjota', NULL, NULL, 6, NULL, NULL, NULL),
(880, 'Várzea Alegre', NULL, NULL, 6, NULL, NULL, NULL),
(881, 'Viçosa do Ceará', NULL, NULL, 6, NULL, NULL, NULL),
(882, 'Brasília', NULL, NULL, 7, NULL, NULL, NULL),
(883, 'Abadia de Goiás', NULL, NULL, 9, NULL, NULL, NULL),
(884, 'Abadiânia', NULL, NULL, 9, NULL, NULL, NULL),
(885, 'Acreúna', NULL, NULL, 9, NULL, NULL, NULL),
(886, 'Adelândia', NULL, NULL, 9, NULL, NULL, NULL),
(887, 'Água Fria de Goiás', NULL, NULL, 9, NULL, NULL, NULL),
(888, 'Água Limpa', NULL, NULL, 9, NULL, NULL, NULL),
(889, 'Águas Lindas de Goiás', NULL, NULL, 9, NULL, NULL, NULL),
(890, 'Alexânia', NULL, NULL, 9, NULL, NULL, NULL),
(891, 'Aloândia', NULL, NULL, 9, NULL, NULL, NULL),
(892, 'Alto Horizonte', NULL, NULL, 9, NULL, NULL, NULL),
(893, 'Alto Paraíso de Goiás', NULL, NULL, 9, NULL, NULL, NULL),
(894, 'Alvorada do Norte', NULL, NULL, 9, NULL, NULL, NULL),
(895, 'Amaralina', NULL, NULL, 9, NULL, NULL, NULL),
(896, 'Americano do Brasil', NULL, NULL, 9, NULL, NULL, NULL),
(897, 'Amorinópolis', NULL, NULL, 9, NULL, NULL, NULL),
(898, 'Anápolis', NULL, NULL, 9, NULL, NULL, NULL),
(899, 'Anhanguera', NULL, NULL, 9, NULL, NULL, NULL),
(900, 'Anicuns', NULL, NULL, 9, NULL, NULL, NULL),
(901, 'Aparecida de Goiânia', NULL, NULL, 9, NULL, NULL, NULL),
(902, 'Aparecida do Rio Doce', NULL, NULL, 9, NULL, NULL, NULL),
(903, 'Aporé', NULL, NULL, 9, NULL, NULL, NULL),
(904, 'Araçu', NULL, NULL, 9, NULL, NULL, NULL),
(905, 'Aragarças', NULL, NULL, 9, NULL, NULL, NULL),
(906, 'Aragoiânia', NULL, NULL, 9, NULL, NULL, NULL),
(907, 'Araguapaz', NULL, NULL, 9, NULL, NULL, NULL),
(908, 'Arenópolis', NULL, NULL, 9, NULL, NULL, NULL),
(909, 'Aruanã', NULL, NULL, 9, NULL, NULL, NULL),
(910, 'Aurilândia', NULL, NULL, 9, NULL, NULL, NULL),
(911, 'Avelinópolis', NULL, NULL, 9, NULL, NULL, NULL),
(912, 'Baliza', NULL, NULL, 9, NULL, NULL, NULL),
(913, 'Barro Alto', NULL, NULL, 9, NULL, NULL, NULL),
(914, 'Bela Vista de Goiás', NULL, NULL, 9, NULL, NULL, NULL),
(915, 'Bom Jardim de Goiás', NULL, NULL, 9, NULL, NULL, NULL),
(916, 'Bom Jesus de Goiás', NULL, NULL, 9, NULL, NULL, NULL),
(917, 'Bonfinópolis', NULL, NULL, 9, NULL, NULL, NULL),
(918, 'Bonópolis', NULL, NULL, 9, NULL, NULL, NULL),
(919, 'Brazabrantes', NULL, NULL, 9, NULL, NULL, NULL),
(920, 'Britânia', NULL, NULL, 9, NULL, NULL, NULL),
(921, 'Buriti Alegre', NULL, NULL, 9, NULL, NULL, NULL),
(922, 'Buriti de Goiás', NULL, NULL, 9, NULL, NULL, NULL),
(923, 'Buritinópolis', NULL, NULL, 9, NULL, NULL, NULL),
(924, 'Cabeceiras', NULL, NULL, 9, NULL, NULL, NULL),
(925, 'Cachoeira Alta', NULL, NULL, 9, NULL, NULL, NULL),
(926, 'Cachoeira de Goiás', NULL, NULL, 9, NULL, NULL, NULL),
(927, 'Cachoeira Dourada', NULL, NULL, 9, NULL, NULL, NULL),
(928, 'Caçu', NULL, NULL, 9, NULL, NULL, NULL),
(929, 'Caiapônia', NULL, NULL, 9, NULL, NULL, NULL),
(930, 'Caldas Novas', NULL, NULL, 9, NULL, NULL, NULL),
(931, 'Caldazinha', NULL, NULL, 9, NULL, NULL, NULL),
(932, 'Campestre de Goiás', NULL, NULL, 9, NULL, NULL, NULL),
(933, 'Campinaçu', NULL, NULL, 9, NULL, NULL, NULL),
(934, 'Campinorte', NULL, NULL, 9, NULL, NULL, NULL),
(935, 'Campo Alegre de Goiás', NULL, NULL, 9, NULL, NULL, NULL),
(936, 'Campo Limpo de Goiás', NULL, NULL, 9, NULL, NULL, NULL),
(937, 'Campos Belos', NULL, NULL, 9, NULL, NULL, NULL),
(938, 'Campos Verdes', NULL, NULL, 9, NULL, NULL, NULL),
(939, 'Carmo do Rio Verde', NULL, NULL, 9, NULL, NULL, NULL),
(940, 'Castelândia', NULL, NULL, 9, NULL, NULL, NULL),
(941, 'Catalão', NULL, NULL, 9, NULL, NULL, NULL),
(942, 'Caturaí', NULL, NULL, 9, NULL, NULL, NULL),
(943, 'Cavalcante', NULL, NULL, 9, NULL, NULL, NULL),
(944, 'Ceres', NULL, NULL, 9, NULL, NULL, NULL),
(945, 'Cezarina', NULL, NULL, 9, NULL, NULL, NULL),
(946, 'Chapadão do Céu', NULL, NULL, 9, NULL, NULL, NULL),
(947, 'Cidade Ocidental', NULL, NULL, 9, NULL, NULL, NULL),
(948, 'Cocalzinho de Goiás', NULL, NULL, 9, NULL, NULL, NULL),
(949, 'Colinas do Sul', NULL, NULL, 9, NULL, NULL, NULL),
(950, 'Córrego do Ouro', NULL, NULL, 9, NULL, NULL, NULL),
(951, 'Corumbá de Goiás', NULL, NULL, 9, NULL, NULL, NULL),
(952, 'Corumbaíba', NULL, NULL, 9, NULL, NULL, NULL),
(953, 'Cristalina', NULL, NULL, 9, NULL, NULL, NULL),
(954, 'Cristianópolis', NULL, NULL, 9, NULL, NULL, NULL),
(955, 'Crixás', NULL, NULL, 9, NULL, NULL, NULL),
(956, 'Cromínia', NULL, NULL, 9, NULL, NULL, NULL),
(957, 'Cumari', NULL, NULL, 9, NULL, NULL, NULL),
(958, 'Damianópolis', NULL, NULL, 9, NULL, NULL, NULL),
(959, 'Damolândia', NULL, NULL, 9, NULL, NULL, NULL),
(960, 'Davinópolis', NULL, NULL, 9, NULL, NULL, NULL),
(961, 'Diorama', NULL, NULL, 9, NULL, NULL, NULL),
(962, 'Divinópolis de Goiás', NULL, NULL, 9, NULL, NULL, NULL),
(963, 'Doverlândia', NULL, NULL, 9, NULL, NULL, NULL),
(964, 'Edealina', NULL, NULL, 9, NULL, NULL, NULL),
(965, 'Edéia', NULL, NULL, 9, NULL, NULL, NULL),
(966, 'Estrela do Norte', NULL, NULL, 9, NULL, NULL, NULL),
(967, 'Faina', NULL, NULL, 9, NULL, NULL, NULL),
(968, 'Fazenda Nova', NULL, NULL, 9, NULL, NULL, NULL),
(969, 'Firminópolis', NULL, NULL, 9, NULL, NULL, NULL),
(970, 'Flores de Goiás', NULL, NULL, 9, NULL, NULL, NULL),
(971, 'Formosa', NULL, NULL, 9, NULL, NULL, NULL),
(972, 'Formoso', NULL, NULL, 9, NULL, NULL, NULL),
(973, 'Gameleira de Goiás', NULL, NULL, 9, NULL, NULL, NULL),
(974, 'Goianápolis', NULL, NULL, 9, NULL, NULL, NULL),
(975, 'Goiandira', NULL, NULL, 9, NULL, NULL, NULL),
(976, 'Goianésia', NULL, NULL, 9, NULL, NULL, NULL),
(977, 'Goiânia', NULL, NULL, 9, NULL, NULL, NULL),
(978, 'Goianira', NULL, NULL, 9, NULL, NULL, NULL),
(979, 'Goiás', NULL, NULL, 9, NULL, NULL, NULL),
(980, 'Goiatuba', NULL, NULL, 9, NULL, NULL, NULL),
(981, 'Gouvelândia', NULL, NULL, 9, NULL, NULL, NULL),
(982, 'Guapó', NULL, NULL, 9, NULL, NULL, NULL),
(983, 'Guaraíta', NULL, NULL, 9, NULL, NULL, NULL),
(984, 'Guarani de Goiás', NULL, NULL, 9, NULL, NULL, NULL),
(985, 'Guarinos', NULL, NULL, 9, NULL, NULL, NULL),
(986, 'Heitoraí', NULL, NULL, 9, NULL, NULL, NULL),
(987, 'Hidrolândia', NULL, NULL, 9, NULL, NULL, NULL),
(988, 'Hidrolina', NULL, NULL, 9, NULL, NULL, NULL),
(989, 'Iaciara', NULL, NULL, 9, NULL, NULL, NULL),
(990, 'Inaciolândia', NULL, NULL, 9, NULL, NULL, NULL),
(991, 'Indiara', NULL, NULL, 9, NULL, NULL, NULL),
(992, 'Inhumas', NULL, NULL, 9, NULL, NULL, NULL),
(993, 'Ipameri', NULL, NULL, 9, NULL, NULL, NULL),
(994, 'Ipiranga de Goiás', NULL, NULL, 9, NULL, NULL, NULL),
(995, 'Iporá', NULL, NULL, 9, NULL, NULL, NULL),
(996, 'Israelândia', NULL, NULL, 9, NULL, NULL, NULL),
(997, 'Itaberaí', NULL, NULL, 9, NULL, NULL, NULL),
(998, 'Itaguari', NULL, NULL, 9, NULL, NULL, NULL),
(999, 'Itaguaru', NULL, NULL, 9, NULL, NULL, NULL),
(1000, 'Itajá', NULL, NULL, 9, NULL, NULL, NULL),
(1001, 'Itapaci', NULL, NULL, 9, NULL, NULL, NULL),
(1002, 'Itapirapuã', NULL, NULL, 9, NULL, NULL, NULL),
(1003, 'Itapuranga', NULL, NULL, 9, NULL, NULL, NULL),
(1004, 'Itarumã', NULL, NULL, 9, NULL, NULL, NULL),
(1005, 'Itauçu', NULL, NULL, 9, NULL, NULL, NULL),
(1006, 'Itumbiara', NULL, NULL, 9, NULL, NULL, NULL),
(1007, 'Ivolândia', NULL, NULL, 9, NULL, NULL, NULL),
(1008, 'Jandaia', NULL, NULL, 9, NULL, NULL, NULL),
(1009, 'Jaraguá', NULL, NULL, 9, NULL, NULL, NULL),
(1010, 'Jataí', NULL, NULL, 9, NULL, NULL, NULL),
(1011, 'Jaupaci', NULL, NULL, 9, NULL, NULL, NULL),
(1012, 'Jesúpolis', NULL, NULL, 9, NULL, NULL, NULL),
(1013, 'Joviânia', NULL, NULL, 9, NULL, NULL, NULL),
(1014, 'Jussara', NULL, NULL, 9, NULL, NULL, NULL),
(1015, 'Lagoa Santa', NULL, NULL, 9, NULL, NULL, NULL),
(1016, 'Leopoldo de Bulhões', NULL, NULL, 9, NULL, NULL, NULL),
(1017, 'Luziânia', NULL, NULL, 9, NULL, NULL, NULL),
(1018, 'Mairipotaba', NULL, NULL, 9, NULL, NULL, NULL),
(1019, 'Mambaí', NULL, NULL, 9, NULL, NULL, NULL),
(1020, 'Mara Rosa', NULL, NULL, 9, NULL, NULL, NULL),
(1021, 'Marzagão', NULL, NULL, 9, NULL, NULL, NULL),
(1022, 'Matrinchã', NULL, NULL, 9, NULL, NULL, NULL),
(1023, 'Maurilândia', NULL, NULL, 9, NULL, NULL, NULL),
(1024, 'Mimoso de Goiás', NULL, NULL, 9, NULL, NULL, NULL),
(1025, 'Minaçu', NULL, NULL, 9, NULL, NULL, NULL),
(1026, 'Mineiros', NULL, NULL, 9, NULL, NULL, NULL),
(1027, 'Moiporá', NULL, NULL, 9, NULL, NULL, NULL),
(1028, 'Monte Alegre de Goiás', NULL, NULL, 9, NULL, NULL, NULL),
(1029, 'Montes Claros de Goiás', NULL, NULL, 9, NULL, NULL, NULL),
(1030, 'Montividiu', NULL, NULL, 9, NULL, NULL, NULL),
(1031, 'Montividiu do Norte', NULL, NULL, 9, NULL, NULL, NULL),
(1032, 'Morrinhos', NULL, NULL, 9, NULL, NULL, NULL),
(1033, 'Morro Agudo de Goiás', NULL, NULL, 9, NULL, NULL, NULL),
(1034, 'Mossâmedes', NULL, NULL, 9, NULL, NULL, NULL),
(1035, 'Mozarlândia', NULL, NULL, 9, NULL, NULL, NULL),
(1036, 'Mundo Novo', NULL, NULL, 9, NULL, NULL, NULL),
(1037, 'Mutunópolis', NULL, NULL, 9, NULL, NULL, NULL),
(1038, 'Nazário', NULL, NULL, 9, NULL, NULL, NULL),
(1039, 'Nerópolis', NULL, NULL, 9, NULL, NULL, NULL),
(1040, 'Niquelândia', NULL, NULL, 9, NULL, NULL, NULL),
(1041, 'Nova América', NULL, NULL, 9, NULL, NULL, NULL),
(1042, 'Nova Aurora', NULL, NULL, 9, NULL, NULL, NULL),
(1043, 'Nova Crixás', NULL, NULL, 9, NULL, NULL, NULL),
(1044, 'Nova Glória', NULL, NULL, 9, NULL, NULL, NULL),
(1045, 'Nova Iguaçu de Goiás', NULL, NULL, 9, NULL, NULL, NULL),
(1046, 'Nova Roma', NULL, NULL, 9, NULL, NULL, NULL),
(1047, 'Nova Veneza', NULL, NULL, 9, NULL, NULL, NULL),
(1048, 'Novo Brasil', NULL, NULL, 9, NULL, NULL, NULL),
(1049, 'Novo Gama', NULL, NULL, 9, NULL, NULL, NULL),
(1050, 'Novo Planalto', NULL, NULL, 9, NULL, NULL, NULL),
(1051, 'Orizona', NULL, NULL, 9, NULL, NULL, NULL),
(1052, 'Ouro Verde de Goiás', NULL, NULL, 9, NULL, NULL, NULL),
(1053, 'Ouvidor', NULL, NULL, 9, NULL, NULL, NULL),
(1054, 'Padre Bernardo', NULL, NULL, 9, NULL, NULL, NULL),
(1055, 'Palestina de Goiás', NULL, NULL, 9, NULL, NULL, NULL),
(1056, 'Palmeiras de Goiás', NULL, NULL, 9, NULL, NULL, NULL),
(1057, 'Palmelo', NULL, NULL, 9, NULL, NULL, NULL),
(1058, 'Palminópolis', NULL, NULL, 9, NULL, NULL, NULL),
(1059, 'Panamá', NULL, NULL, 9, NULL, NULL, NULL),
(1060, 'Paranaiguara', NULL, NULL, 9, NULL, NULL, NULL),
(1061, 'Paraúna', NULL, NULL, 9, NULL, NULL, NULL),
(1062, 'Perolândia', NULL, NULL, 9, NULL, NULL, NULL),
(1063, 'Petrolina de Goiás', NULL, NULL, 9, NULL, NULL, NULL),
(1064, 'Pilar de Goiás', NULL, NULL, 9, NULL, NULL, NULL),
(1065, 'Piracanjuba', NULL, NULL, 9, NULL, NULL, NULL),
(1066, 'Piranhas', NULL, NULL, 9, NULL, NULL, NULL),
(1067, 'Pirenópolis', NULL, NULL, 9, NULL, NULL, NULL),
(1068, 'Pires do Rio', NULL, NULL, 9, NULL, NULL, NULL),
(1069, 'Planaltina', NULL, NULL, 9, NULL, NULL, NULL),
(1070, 'Pontalina', NULL, NULL, 9, NULL, NULL, NULL),
(1071, 'Porangatu', NULL, NULL, 9, NULL, NULL, NULL),
(1072, 'Porteirão', NULL, NULL, 9, NULL, NULL, NULL),
(1073, 'Portelândia', NULL, NULL, 9, NULL, NULL, NULL),
(1074, 'Posse', NULL, NULL, 9, NULL, NULL, NULL),
(1075, 'Professor Jamil', NULL, NULL, 9, NULL, NULL, NULL),
(1076, 'Quirinópolis', NULL, NULL, 9, NULL, NULL, NULL),
(1077, 'Rialma', NULL, NULL, 9, NULL, NULL, NULL),
(1078, 'Rianápolis', NULL, NULL, 9, NULL, NULL, NULL),
(1079, 'Rio Quente', NULL, NULL, 9, NULL, NULL, NULL),
(1080, 'Rio Verde', NULL, NULL, 9, NULL, NULL, NULL),
(1081, 'Rubiataba', NULL, NULL, 9, NULL, NULL, NULL),
(1082, 'Sanclerlândia', NULL, NULL, 9, NULL, NULL, NULL),
(1083, 'Santa Bárbara de Goiás', NULL, NULL, 9, NULL, NULL, NULL),
(1084, 'Santa Cruz de Goiás', NULL, NULL, 9, NULL, NULL, NULL),
(1085, 'Santa Fé de Goiás', NULL, NULL, 9, NULL, NULL, NULL),
(1086, 'Santa Helena de Goiás', NULL, NULL, 9, NULL, NULL, NULL),
(1087, 'Santa Isabel', NULL, NULL, 9, NULL, NULL, NULL),
(1088, 'Santa Rita do Araguaia', NULL, NULL, 9, NULL, NULL, NULL),
(1089, 'Santa Rita do Novo Destino', NULL, NULL, 9, NULL, NULL, NULL),
(1090, 'Santa Rosa de Goiás', NULL, NULL, 9, NULL, NULL, NULL),
(1091, 'Santa Tereza de Goiás', NULL, NULL, 9, NULL, NULL, NULL),
(1092, 'Santa Terezinha de Goiás', NULL, NULL, 9, NULL, NULL, NULL),
(1093, 'Santo Antônio da Barra', NULL, NULL, 9, NULL, NULL, NULL),
(1094, 'Santo Antônio de Goiás', NULL, NULL, 9, NULL, NULL, NULL),
(1095, 'Santo Antônio do Descoberto', NULL, NULL, 9, NULL, NULL, NULL),
(1096, 'São Domingos', NULL, NULL, 9, NULL, NULL, NULL),
(1097, 'São Francisco de Goiás', NULL, NULL, 9, NULL, NULL, NULL),
(1098, 'São João d`Aliança', NULL, NULL, 9, NULL, NULL, NULL),
(1099, 'São João da Paraúna', NULL, NULL, 9, NULL, NULL, NULL),
(1100, 'São Luís de Montes Belos', NULL, NULL, 9, NULL, NULL, NULL),
(1101, 'São Luíz do Norte', NULL, NULL, 9, NULL, NULL, NULL),
(1102, 'São Miguel do Araguaia', NULL, NULL, 9, NULL, NULL, NULL),
(1103, 'São Miguel do Passa Quatro', NULL, NULL, 9, NULL, NULL, NULL),
(1104, 'São Patrício', NULL, NULL, 9, NULL, NULL, NULL),
(1105, 'São Simão', NULL, NULL, 9, NULL, NULL, NULL),
(1106, 'Senador Canedo', NULL, NULL, 9, NULL, NULL, NULL),
(1107, 'Serranópolis', NULL, NULL, 9, NULL, NULL, NULL),
(1108, 'Silvânia', NULL, NULL, 9, NULL, NULL, NULL),
(1109, 'Simolândia', NULL, NULL, 9, NULL, NULL, NULL),
(1110, 'Sítio d`Abadia', NULL, NULL, 9, NULL, NULL, NULL),
(1111, 'Taquaral de Goiás', NULL, NULL, 9, NULL, NULL, NULL),
(1112, 'Teresina de Goiás', NULL, NULL, 9, NULL, NULL, NULL),
(1113, 'Terezópolis de Goiás', NULL, NULL, 9, NULL, NULL, NULL),
(1114, 'Três Ranchos', NULL, NULL, 9, NULL, NULL, NULL),
(1115, 'Trindade', NULL, NULL, 9, NULL, NULL, NULL),
(1116, 'Trombas', NULL, NULL, 9, NULL, NULL, NULL),
(1117, 'Turvânia', NULL, NULL, 9, NULL, NULL, NULL),
(1118, 'Turvelândia', NULL, NULL, 9, NULL, NULL, NULL),
(1119, 'Uirapuru', NULL, NULL, 9, NULL, NULL, NULL),
(1120, 'Uruaçu', NULL, NULL, 9, NULL, NULL, NULL),
(1121, 'Uruana', NULL, NULL, 9, NULL, NULL, NULL),
(1122, 'Urutaí', NULL, NULL, 9, NULL, NULL, NULL),
(1123, 'Valparaíso de Goiás', NULL, NULL, 9, NULL, NULL, NULL),
(1124, 'Varjão', NULL, NULL, 9, NULL, NULL, NULL),
(1125, 'Vianópolis', NULL, NULL, 9, NULL, NULL, NULL),
(1126, 'Vicentinópolis', NULL, NULL, 9, NULL, NULL, NULL),
(1127, 'Vila Boa', NULL, NULL, 9, NULL, NULL, NULL),
(1128, 'Vila Propício', NULL, NULL, 9, NULL, NULL, NULL),
(1129, 'Açailândia', NULL, NULL, 10, NULL, NULL, NULL),
(1130, 'Afonso Cunha', NULL, NULL, 10, NULL, NULL, NULL),
(1131, 'Água Doce do Maranhão', NULL, NULL, 10, NULL, NULL, NULL),
(1132, 'Alcântara', NULL, NULL, 10, NULL, NULL, NULL),
(1133, 'Aldeias Altas', NULL, NULL, 10, NULL, NULL, NULL),
(1134, 'Altamira do Maranhão', NULL, NULL, 10, NULL, NULL, NULL),
(1135, 'Alto Alegre do Maranhão', NULL, NULL, 10, NULL, NULL, NULL),
(1136, 'Alto Alegre do Pindaré', NULL, NULL, 10, NULL, NULL, NULL),
(1137, 'Alto Parnaíba', NULL, NULL, 10, NULL, NULL, NULL),
(1138, 'Amapá do Maranhão', NULL, NULL, 10, NULL, NULL, NULL),
(1139, 'Amarante do Maranhão', NULL, NULL, 10, NULL, NULL, NULL),
(1140, 'Anajatuba', NULL, NULL, 10, NULL, NULL, NULL),
(1141, 'Anapurus', NULL, NULL, 10, NULL, NULL, NULL),
(1142, 'Apicum-Açu', NULL, NULL, 10, NULL, NULL, NULL),
(1143, 'Araguanã', NULL, NULL, 10, NULL, NULL, NULL),
(1144, 'Araioses', NULL, NULL, 10, NULL, NULL, NULL),
(1145, 'Arame', NULL, NULL, 10, NULL, NULL, NULL),
(1146, 'Arari', NULL, NULL, 10, NULL, NULL, NULL),
(1147, 'Axixá', NULL, NULL, 10, NULL, NULL, NULL),
(1148, 'Bacabal', NULL, NULL, 10, NULL, NULL, NULL),
(1149, 'Bacabeira', NULL, NULL, 10, NULL, NULL, NULL),
(1150, 'Bacuri', NULL, NULL, 10, NULL, NULL, NULL),
(1151, 'Bacurituba', NULL, NULL, 10, NULL, NULL, NULL),
(1152, 'Balsas', NULL, NULL, 10, NULL, NULL, NULL),
(1153, 'Barão de Grajaú', NULL, NULL, 10, NULL, NULL, NULL),
(1154, 'Barra do Corda', NULL, NULL, 10, NULL, NULL, NULL),
(1155, 'Barreirinhas', NULL, NULL, 10, NULL, NULL, NULL),
(1156, 'Bela Vista do Maranhão', NULL, NULL, 10, NULL, NULL, NULL),
(1157, 'Belágua', NULL, NULL, 10, NULL, NULL, NULL),
(1158, 'Benedito Leite', NULL, NULL, 10, NULL, NULL, NULL),
(1159, 'Bequimão', NULL, NULL, 10, NULL, NULL, NULL),
(1160, 'Bernardo do Mearim', NULL, NULL, 10, NULL, NULL, NULL),
(1161, 'Boa Vista do Gurupi', NULL, NULL, 10, NULL, NULL, NULL),
(1162, 'Bom Jardim', NULL, NULL, 10, NULL, NULL, NULL),
(1163, 'Bom Jesus das Selvas', NULL, NULL, 10, NULL, NULL, NULL),
(1164, 'Bom Lugar', NULL, NULL, 10, NULL, NULL, NULL),
(1165, 'Brejo', NULL, NULL, 10, NULL, NULL, NULL),
(1166, 'Brejo de Areia', NULL, NULL, 10, NULL, NULL, NULL),
(1167, 'Buriti', NULL, NULL, 10, NULL, NULL, NULL),
(1168, 'Buriti Bravo', NULL, NULL, 10, NULL, NULL, NULL),
(1169, 'Buriticupu', NULL, NULL, 10, NULL, NULL, NULL),
(1170, 'Buritirana', NULL, NULL, 10, NULL, NULL, NULL),
(1171, 'Cachoeira Grande', NULL, NULL, 10, NULL, NULL, NULL),
(1172, 'Cajapió', NULL, NULL, 10, NULL, NULL, NULL),
(1173, 'Cajari', NULL, NULL, 10, NULL, NULL, NULL),
(1174, 'Campestre do Maranhão', NULL, NULL, 10, NULL, NULL, NULL),
(1175, 'Cândido Mendes', NULL, NULL, 10, NULL, NULL, NULL),
(1176, 'Cantanhede', NULL, NULL, 10, NULL, NULL, NULL),
(1177, 'Capinzal do Norte', NULL, NULL, 10, NULL, NULL, NULL),
(1178, 'Carolina', NULL, NULL, 10, NULL, NULL, NULL),
(1179, 'Carutapera', NULL, NULL, 10, NULL, NULL, NULL),
(1180, 'Caxias', NULL, NULL, 10, NULL, NULL, NULL),
(1181, 'Cedral', NULL, NULL, 10, NULL, NULL, NULL),
(1182, 'Central do Maranhão', NULL, NULL, 10, NULL, NULL, NULL),
(1183, 'Centro do Guilherme', NULL, NULL, 10, NULL, NULL, NULL),
(1184, 'Centro Novo do Maranhão', NULL, NULL, 10, NULL, NULL, NULL),
(1185, 'Chapadinha', NULL, NULL, 10, NULL, NULL, NULL),
(1186, 'Cidelândia', NULL, NULL, 10, NULL, NULL, NULL),
(1187, 'Codó', NULL, NULL, 10, NULL, NULL, NULL),
(1188, 'Coelho Neto', NULL, NULL, 10, NULL, NULL, NULL),
(1189, 'Colinas', NULL, NULL, 10, NULL, NULL, NULL),
(1190, 'Conceição do Lago-Açu', NULL, NULL, 10, NULL, NULL, NULL),
(1191, 'Coroatá', NULL, NULL, 10, NULL, NULL, NULL),
(1192, 'Cururupu', NULL, NULL, 10, NULL, NULL, NULL),
(1193, 'Davinópolis', NULL, NULL, 10, NULL, NULL, NULL),
(1194, 'Dom Pedro', NULL, NULL, 10, NULL, NULL, NULL),
(1195, 'Duque Bacelar', NULL, NULL, 10, NULL, NULL, NULL),
(1196, 'Esperantinópolis', NULL, NULL, 10, NULL, NULL, NULL),
(1197, 'Estreito', NULL, NULL, 10, NULL, NULL, NULL),
(1198, 'Feira Nova do Maranhão', NULL, NULL, 10, NULL, NULL, NULL),
(1199, 'Fernando Falcão', NULL, NULL, 10, NULL, NULL, NULL),
(1200, 'Formosa da Serra Negra', NULL, NULL, 10, NULL, NULL, NULL),
(1201, 'Fortaleza dos Nogueiras', NULL, NULL, 10, NULL, NULL, NULL),
(1202, 'Fortuna', NULL, NULL, 10, NULL, NULL, NULL),
(1203, 'Godofredo Viana', NULL, NULL, 10, NULL, NULL, NULL),
(1204, 'Gonçalves Dias', NULL, NULL, 10, NULL, NULL, NULL),
(1205, 'Governador Archer', NULL, NULL, 10, NULL, NULL, NULL),
(1206, 'Governador Edison Lobão', NULL, NULL, 10, NULL, NULL, NULL),
(1207, 'Governador Eugênio Barros', NULL, NULL, 10, NULL, NULL, NULL),
(1208, 'Governador Luiz Rocha', NULL, NULL, 10, NULL, NULL, NULL),
(1209, 'Governador Newton Bello', NULL, NULL, 10, NULL, NULL, NULL),
(1210, 'Governador Nunes Freire', NULL, NULL, 10, NULL, NULL, NULL),
(1211, 'Graça Aranha', NULL, NULL, 10, NULL, NULL, NULL),
(1212, 'Grajaú', NULL, NULL, 10, NULL, NULL, NULL),
(1213, 'Guimarães', NULL, NULL, 10, NULL, NULL, NULL),
(1214, 'Humberto de Campos', NULL, NULL, 10, NULL, NULL, NULL),
(1215, 'Icatu', NULL, NULL, 10, NULL, NULL, NULL),
(1216, 'Igarapé do Meio', NULL, NULL, 10, NULL, NULL, NULL),
(1217, 'Igarapé Grande', NULL, NULL, 10, NULL, NULL, NULL),
(1218, 'Imperatriz', NULL, NULL, 10, NULL, NULL, NULL),
(1219, 'Itaipava do Grajaú', NULL, NULL, 10, NULL, NULL, NULL),
(1220, 'Itapecuru Mirim', NULL, NULL, 10, NULL, NULL, NULL),
(1221, 'Itinga do Maranhão', NULL, NULL, 10, NULL, NULL, NULL),
(1222, 'Jatobá', NULL, NULL, 10, NULL, NULL, NULL),
(1223, 'Jenipapo dos Vieiras', NULL, NULL, 10, NULL, NULL, NULL),
(1224, 'João Lisboa', NULL, NULL, 10, NULL, NULL, NULL),
(1225, 'Joselândia', NULL, NULL, 10, NULL, NULL, NULL),
(1226, 'Junco do Maranhão', NULL, NULL, 10, NULL, NULL, NULL),
(1227, 'Lago da Pedra', NULL, NULL, 10, NULL, NULL, NULL),
(1228, 'Lago do Junco', NULL, NULL, 10, NULL, NULL, NULL),
(1229, 'Lago dos Rodrigues', NULL, NULL, 10, NULL, NULL, NULL),
(1230, 'Lago Verde', NULL, NULL, 10, NULL, NULL, NULL),
(1231, 'Lagoa do Mato', NULL, NULL, 10, NULL, NULL, NULL),
(1232, 'Lagoa Grande do Maranhão', NULL, NULL, 10, NULL, NULL, NULL),
(1233, 'Lajeado Novo', NULL, NULL, 10, NULL, NULL, NULL),
(1234, 'Lima Campos', NULL, NULL, 10, NULL, NULL, NULL),
(1235, 'Loreto', NULL, NULL, 10, NULL, NULL, NULL),
(1236, 'Luís Domingues', NULL, NULL, 10, NULL, NULL, NULL),
(1237, 'Magalhães de Almeida', NULL, NULL, 10, NULL, NULL, NULL),
(1238, 'Maracaçumé', NULL, NULL, 10, NULL, NULL, NULL),
(1239, 'Marajá do Sena', NULL, NULL, 10, NULL, NULL, NULL),
(1240, 'Maranhãozinho', NULL, NULL, 10, NULL, NULL, NULL),
(1241, 'Mata Roma', NULL, NULL, 10, NULL, NULL, NULL),
(1242, 'Matinha', NULL, NULL, 10, NULL, NULL, NULL),
(1243, 'Matões', NULL, NULL, 10, NULL, NULL, NULL),
(1244, 'Matões do Norte', NULL, NULL, 10, NULL, NULL, NULL),
(1245, 'Milagres do Maranhão', NULL, NULL, 10, NULL, NULL, NULL),
(1246, 'Mirador', NULL, NULL, 10, NULL, NULL, NULL),
(1247, 'Miranda do Norte', NULL, NULL, 10, NULL, NULL, NULL),
(1248, 'Mirinzal', NULL, NULL, 10, NULL, NULL, NULL),
(1249, 'Monção', NULL, NULL, 10, NULL, NULL, NULL),
(1250, 'Montes Altos', NULL, NULL, 10, NULL, NULL, NULL),
(1251, 'Morros', NULL, NULL, 10, NULL, NULL, NULL),
(1252, 'Nina Rodrigues', NULL, NULL, 10, NULL, NULL, NULL),
(1253, 'Nova Colinas', NULL, NULL, 10, NULL, NULL, NULL),
(1254, 'Nova Iorque', NULL, NULL, 10, NULL, NULL, NULL),
(1255, 'Nova Olinda do Maranhão', NULL, NULL, 10, NULL, NULL, NULL),
(1256, 'Olho d`Água das Cunhãs', NULL, NULL, 10, NULL, NULL, NULL),
(1257, 'Olinda Nova do Maranhão', NULL, NULL, 10, NULL, NULL, NULL),
(1258, 'Paço do Lumiar', NULL, NULL, 10, NULL, NULL, NULL),
(1259, 'Palmeirândia', NULL, NULL, 10, NULL, NULL, NULL),
(1260, 'Paraibano', NULL, NULL, 10, NULL, NULL, NULL),
(1261, 'Parnarama', NULL, NULL, 10, NULL, NULL, NULL),
(1262, 'Passagem Franca', NULL, NULL, 10, NULL, NULL, NULL),
(1263, 'Pastos Bons', NULL, NULL, 10, NULL, NULL, NULL),
(1264, 'Paulino Neves', NULL, NULL, 10, NULL, NULL, NULL),
(1265, 'Paulo Ramos', NULL, NULL, 10, NULL, NULL, NULL),
(1266, 'Pedreiras', NULL, NULL, 10, NULL, NULL, NULL),
(1267, 'Pedro do Rosário', NULL, NULL, 10, NULL, NULL, NULL),
(1268, 'Penalva', NULL, NULL, 10, NULL, NULL, NULL),
(1269, 'Peri Mirim', NULL, NULL, 10, NULL, NULL, NULL),
(1270, 'Peritoró', NULL, NULL, 10, NULL, NULL, NULL),
(1271, 'Pindaré-Mirim', NULL, NULL, 10, NULL, NULL, NULL),
(1272, 'Pinheiro', NULL, NULL, 10, NULL, NULL, NULL),
(1273, 'Pio XII', NULL, NULL, 10, NULL, NULL, NULL),
(1274, 'Pirapemas', NULL, NULL, 10, NULL, NULL, NULL),
(1275, 'Poção de Pedras', NULL, NULL, 10, NULL, NULL, NULL),
(1276, 'Porto Franco', NULL, NULL, 10, NULL, NULL, NULL),
(1277, 'Porto Rico do Maranhão', NULL, NULL, 10, NULL, NULL, NULL),
(1278, 'Presidente Dutra', NULL, NULL, 10, NULL, NULL, NULL),
(1279, 'Presidente Juscelino', NULL, NULL, 10, NULL, NULL, NULL),
(1280, 'Presidente Médici', NULL, NULL, 10, NULL, NULL, NULL),
(1281, 'Presidente Sarney', NULL, NULL, 10, NULL, NULL, NULL),
(1282, 'Presidente Vargas', NULL, NULL, 10, NULL, NULL, NULL),
(1283, 'Primeira Cruz', NULL, NULL, 10, NULL, NULL, NULL),
(1284, 'Raposa', NULL, NULL, 10, NULL, NULL, NULL),
(1285, 'Riachão', NULL, NULL, 10, NULL, NULL, NULL),
(1286, 'Ribamar Fiquene', NULL, NULL, 10, NULL, NULL, NULL),
(1287, 'Rosário', NULL, NULL, 10, NULL, NULL, NULL),
(1288, 'Sambaíba', NULL, NULL, 10, NULL, NULL, NULL),
(1289, 'Santa Filomena do Maranhão', NULL, NULL, 10, NULL, NULL, NULL),
(1290, 'Santa Helena', NULL, NULL, 10, NULL, NULL, NULL),
(1291, 'Santa Inês', NULL, NULL, 10, NULL, NULL, NULL),
(1292, 'Santa Luzia', NULL, NULL, 10, NULL, NULL, NULL),
(1293, 'Santa Luzia do Paruá', NULL, NULL, 10, NULL, NULL, NULL),
(1294, 'Santa Quitéria do Maranhão', NULL, NULL, 10, NULL, NULL, NULL),
(1295, 'Santa Rita', NULL, NULL, 10, NULL, NULL, NULL),
(1296, 'Santana do Maranhão', NULL, NULL, 10, NULL, NULL, NULL),
(1297, 'Santo Amaro do Maranhão', NULL, NULL, 10, NULL, NULL, NULL),
(1298, 'Santo Antônio dos Lopes', NULL, NULL, 10, NULL, NULL, NULL),
(1299, 'São Benedito do Rio Preto', NULL, NULL, 10, NULL, NULL, NULL),
(1300, 'São Bento', NULL, NULL, 10, NULL, NULL, NULL),
(1301, 'São Bernardo', NULL, NULL, 10, NULL, NULL, NULL),
(1302, 'São Domingos do Azeitão', NULL, NULL, 10, NULL, NULL, NULL),
(1303, 'São Domingos do Maranhão', NULL, NULL, 10, NULL, NULL, NULL),
(1304, 'São Félix de Balsas', NULL, NULL, 10, NULL, NULL, NULL),
(1305, 'São Francisco do Brejão', NULL, NULL, 10, NULL, NULL, NULL),
(1306, 'São Francisco do Maranhão', NULL, NULL, 10, NULL, NULL, NULL),
(1307, 'São João Batista', NULL, NULL, 10, NULL, NULL, NULL),
(1308, 'São João do Carú', NULL, NULL, 10, NULL, NULL, NULL),
(1309, 'São João do Paraíso', NULL, NULL, 10, NULL, NULL, NULL),
(1310, 'São João do Soter', NULL, NULL, 10, NULL, NULL, NULL),
(1311, 'São João dos Patos', NULL, NULL, 10, NULL, NULL, NULL),
(1312, 'São José de Ribamar', NULL, NULL, 10, NULL, NULL, NULL),
(1313, 'São José dos Basílios', NULL, NULL, 10, NULL, NULL, NULL),
(1314, 'São Luís', NULL, NULL, 10, NULL, NULL, NULL),
(1315, 'São Luís Gonzaga do Maranhão', NULL, NULL, 10, NULL, NULL, NULL),
(1316, 'São Mateus do Maranhão', NULL, NULL, 10, NULL, NULL, NULL),
(1317, 'São Pedro da Água Branca', NULL, NULL, 10, NULL, NULL, NULL),
(1318, 'São Pedro dos Crentes', NULL, NULL, 10, NULL, NULL, NULL),
(1319, 'São Raimundo das Mangabeiras', NULL, NULL, 10, NULL, NULL, NULL),
(1320, 'São Raimundo do Doca Bezerra', NULL, NULL, 10, NULL, NULL, NULL),
(1321, 'São Roberto', NULL, NULL, 10, NULL, NULL, NULL),
(1322, 'São Vicente Ferrer', NULL, NULL, 10, NULL, NULL, NULL),
(1323, 'Satubinha', NULL, NULL, 10, NULL, NULL, NULL),
(1324, 'Senador Alexandre Costa', NULL, NULL, 10, NULL, NULL, NULL),
(1325, 'Senador La Rocque', NULL, NULL, 10, NULL, NULL, NULL),
(1326, 'Serrano do Maranhão', NULL, NULL, 10, NULL, NULL, NULL),
(1327, 'Sítio Novo', NULL, NULL, 10, NULL, NULL, NULL),
(1328, 'Sucupira do Norte', NULL, NULL, 10, NULL, NULL, NULL),
(1329, 'Sucupira do Riachão', NULL, NULL, 10, NULL, NULL, NULL),
(1330, 'Tasso Fragoso', NULL, NULL, 10, NULL, NULL, NULL),
(1331, 'Timbiras', NULL, NULL, 10, NULL, NULL, NULL),
(1332, 'Timon', NULL, NULL, 10, NULL, NULL, NULL),
(1333, 'Trizidela do Vale', NULL, NULL, 10, NULL, NULL, NULL),
(1334, 'Tufilândia', NULL, NULL, 10, NULL, NULL, NULL),
(1335, 'Tuntum', NULL, NULL, 10, NULL, NULL, NULL),
(1336, 'Turiaçu', NULL, NULL, 10, NULL, NULL, NULL),
(1337, 'Turilândia', NULL, NULL, 10, NULL, NULL, NULL),
(1338, 'Tutóia', NULL, NULL, 10, NULL, NULL, NULL),
(1339, 'Urbano Santos', NULL, NULL, 10, NULL, NULL, NULL),
(1340, 'Vargem Grande', NULL, NULL, 10, NULL, NULL, NULL),
(1341, 'Viana', NULL, NULL, 10, NULL, NULL, NULL),
(1342, 'Vila Nova dos Martírios', NULL, NULL, 10, NULL, NULL, NULL),
(1343, 'Vitória do Mearim', NULL, NULL, 10, NULL, NULL, NULL),
(1344, 'Vitorino Freire', NULL, NULL, 10, NULL, NULL, NULL),
(1345, 'Zé Doca', NULL, NULL, 10, NULL, NULL, NULL),
(1346, 'Acorizal', NULL, NULL, 13, NULL, NULL, NULL),
(1347, 'Água Boa', NULL, NULL, 13, NULL, NULL, NULL),
(1348, 'Alta Floresta', NULL, NULL, 13, NULL, NULL, NULL),
(1349, 'Alto Araguaia', NULL, NULL, 13, NULL, NULL, NULL),
(1350, 'Alto Boa Vista', NULL, NULL, 13, NULL, NULL, NULL),
(1351, 'Alto Garças', NULL, NULL, 13, NULL, NULL, NULL),
(1352, 'Alto Paraguai', NULL, NULL, 13, NULL, NULL, NULL),
(1353, 'Alto Taquari', NULL, NULL, 13, NULL, NULL, NULL),
(1354, 'Apiacás', NULL, NULL, 13, NULL, NULL, NULL),
(1355, 'Araguaiana', NULL, NULL, 13, NULL, NULL, NULL),
(1356, 'Araguainha', NULL, NULL, 13, NULL, NULL, NULL),
(1357, 'Araputanga', NULL, NULL, 13, NULL, NULL, NULL),
(1358, 'Arenápolis', NULL, NULL, 13, NULL, NULL, NULL),
(1359, 'Aripuanã', NULL, NULL, 13, NULL, NULL, NULL),
(1360, 'Barão de Melgaço', NULL, NULL, 13, NULL, NULL, NULL),
(1361, 'Barra do Bugres', NULL, NULL, 13, NULL, NULL, NULL),
(1362, 'Barra do Garças', NULL, NULL, 13, NULL, NULL, NULL),
(1363, 'Bom Jesus do Araguaia', NULL, NULL, 13, NULL, NULL, NULL),
(1364, 'Brasnorte', NULL, NULL, 13, NULL, NULL, NULL),
(1365, 'Cáceres', NULL, NULL, 13, NULL, NULL, NULL),
(1366, 'Campinápolis', NULL, NULL, 13, NULL, NULL, NULL),
(1367, 'Campo Novo do Parecis', NULL, NULL, 13, NULL, NULL, NULL),
(1368, 'Campo Verde', NULL, NULL, 13, NULL, NULL, NULL),
(1369, 'Campos de Júlio', NULL, NULL, 13, NULL, NULL, NULL),
(1370, 'Canabrava do Norte', NULL, NULL, 13, NULL, NULL, NULL),
(1371, 'Canarana', NULL, NULL, 13, NULL, NULL, NULL),
(1372, 'Carlinda', NULL, NULL, 13, NULL, NULL, NULL),
(1373, 'Castanheira', NULL, NULL, 13, NULL, NULL, NULL),
(1374, 'Chapada dos Guimarães', NULL, NULL, 13, NULL, NULL, NULL),
(1375, 'Cláudia', NULL, NULL, 13, NULL, NULL, NULL),
(1376, 'Cocalinho', NULL, NULL, 13, NULL, NULL, NULL),
(1377, 'Colíder', NULL, NULL, 13, NULL, NULL, NULL),
(1378, 'Colniza', NULL, NULL, 13, NULL, NULL, NULL),
(1379, 'Comodoro', NULL, NULL, 13, NULL, NULL, NULL),
(1380, 'Confresa', NULL, NULL, 13, NULL, NULL, NULL),
(1381, 'Conquista d`Oeste', NULL, NULL, 13, NULL, NULL, NULL),
(1382, 'Cotriguaçu', NULL, NULL, 13, NULL, NULL, NULL),
(1383, 'Cuiabá', NULL, NULL, 13, NULL, NULL, NULL),
(1384, 'Curvelândia', NULL, NULL, 13, NULL, NULL, NULL),
(1385, 'Curvelândia', NULL, NULL, 13, NULL, NULL, NULL),
(1386, 'Denise', NULL, NULL, 13, NULL, NULL, NULL),
(1387, 'Diamantino', NULL, NULL, 13, NULL, NULL, NULL),
(1388, 'Dom Aquino', NULL, NULL, 13, NULL, NULL, NULL),
(1389, 'Feliz Natal', NULL, NULL, 13, NULL, NULL, NULL),
(1390, 'Figueirópolis d`Oeste', NULL, NULL, 13, NULL, NULL, NULL),
(1391, 'Gaúcha do Norte', NULL, NULL, 13, NULL, NULL, NULL),
(1392, 'General Carneiro', NULL, NULL, 13, NULL, NULL, NULL),
(1393, 'Glória d`Oeste', NULL, NULL, 13, NULL, NULL, NULL),
(1394, 'Guarantã do Norte', NULL, NULL, 13, NULL, NULL, NULL),
(1395, 'Guiratinga', NULL, NULL, 13, NULL, NULL, NULL),
(1396, 'Indiavaí', NULL, NULL, 13, NULL, NULL, NULL),
(1397, 'Ipiranga do Norte', NULL, NULL, 13, NULL, NULL, NULL),
(1398, 'Itanhangá', NULL, NULL, 13, NULL, NULL, NULL),
(1399, 'Itaúba', NULL, NULL, 13, NULL, NULL, NULL),
(1400, 'Itiquira', NULL, NULL, 13, NULL, NULL, NULL),
(1401, 'Jaciara', NULL, NULL, 13, NULL, NULL, NULL),
(1402, 'Jangada', NULL, NULL, 13, NULL, NULL, NULL),
(1403, 'Jauru', NULL, NULL, 13, NULL, NULL, NULL),
(1404, 'Juara', NULL, NULL, 13, NULL, NULL, NULL),
(1405, 'Juína', NULL, NULL, 13, NULL, NULL, NULL),
(1406, 'Juruena', NULL, NULL, 13, NULL, NULL, NULL),
(1407, 'Juscimeira', NULL, NULL, 13, NULL, NULL, NULL),
(1408, 'Lambari d`Oeste', NULL, NULL, 13, NULL, NULL, NULL),
(1409, 'Lucas do Rio Verde', NULL, NULL, 13, NULL, NULL, NULL),
(1410, 'Luciára', NULL, NULL, 13, NULL, NULL, NULL),
(1411, 'Marcelândia', NULL, NULL, 13, NULL, NULL, NULL),
(1412, 'Matupá', NULL, NULL, 13, NULL, NULL, NULL),
(1413, 'Mirassol d`Oeste', NULL, NULL, 13, NULL, NULL, NULL),
(1414, 'Nobres', NULL, NULL, 13, NULL, NULL, NULL),
(1415, 'Nortelândia', NULL, NULL, 13, NULL, NULL, NULL),
(1416, 'Nossa Senhora do Livramento', NULL, NULL, 13, NULL, NULL, NULL),
(1417, 'Nova Bandeirantes', NULL, NULL, 13, NULL, NULL, NULL),
(1418, 'Nova Brasilândia', NULL, NULL, 13, NULL, NULL, NULL),
(1419, 'Nova Canaã do Norte', NULL, NULL, 13, NULL, NULL, NULL),
(1420, 'Nova Guarita', NULL, NULL, 13, NULL, NULL, NULL),
(1421, 'Nova Lacerda', NULL, NULL, 13, NULL, NULL, NULL),
(1422, 'Nova Marilândia', NULL, NULL, 13, NULL, NULL, NULL),
(1423, 'Nova Maringá', NULL, NULL, 13, NULL, NULL, NULL),
(1424, 'Nova Monte verde', NULL, NULL, 13, NULL, NULL, NULL),
(1425, 'Nova Mutum', NULL, NULL, 13, NULL, NULL, NULL),
(1426, 'Nova Olímpia', NULL, NULL, 13, NULL, NULL, NULL),
(1427, 'Nova Santa Helena', NULL, NULL, 13, NULL, NULL, NULL),
(1428, 'Nova Ubiratã', NULL, NULL, 13, NULL, NULL, NULL),
(1429, 'Nova Xavantina', NULL, NULL, 13, NULL, NULL, NULL),
(1430, 'Novo Horizonte do Norte', NULL, NULL, 13, NULL, NULL, NULL),
(1431, 'Novo Mundo', NULL, NULL, 13, NULL, NULL, NULL),
(1432, 'Novo Santo Antônio', NULL, NULL, 13, NULL, NULL, NULL),
(1433, 'Novo São Joaquim', NULL, NULL, 13, NULL, NULL, NULL),
(1434, 'Paranaíta', NULL, NULL, 13, NULL, NULL, NULL),
(1435, 'Paranatinga', NULL, NULL, 13, NULL, NULL, NULL),
(1436, 'Pedra Preta', NULL, NULL, 13, NULL, NULL, NULL),
(1437, 'Peixoto de Azevedo', NULL, NULL, 13, NULL, NULL, NULL),
(1438, 'Planalto da Serra', NULL, NULL, 13, NULL, NULL, NULL),
(1439, 'Poconé', NULL, NULL, 13, NULL, NULL, NULL),
(1440, 'Pontal do Araguaia', NULL, NULL, 13, NULL, NULL, NULL),
(1441, 'Ponte Branca', NULL, NULL, 13, NULL, NULL, NULL),
(1442, 'Pontes e Lacerda', NULL, NULL, 13, NULL, NULL, NULL),
(1443, 'Porto Alegre do Norte', NULL, NULL, 13, NULL, NULL, NULL),
(1444, 'Porto dos Gaúchos', NULL, NULL, 13, NULL, NULL, NULL),
(1445, 'Porto Esperidião', NULL, NULL, 13, NULL, NULL, NULL),
(1446, 'Porto Estrela', NULL, NULL, 13, NULL, NULL, NULL),
(1447, 'Poxoréo', NULL, NULL, 13, NULL, NULL, NULL),
(1448, 'Primavera do Leste', NULL, NULL, 13, NULL, NULL, NULL),
(1449, 'Querência', NULL, NULL, 13, NULL, NULL, NULL),
(1450, 'Reserva do Cabaçal', NULL, NULL, 13, NULL, NULL, NULL),
(1451, 'Ribeirão Cascalheira', NULL, NULL, 13, NULL, NULL, NULL),
(1452, 'Ribeirãozinho', NULL, NULL, 13, NULL, NULL, NULL),
(1453, 'Rio Branco', NULL, NULL, 13, NULL, NULL, NULL),
(1454, 'Rondolândia', NULL, NULL, 13, NULL, NULL, NULL),
(1455, 'Rondonópolis', NULL, NULL, 13, NULL, NULL, NULL),
(1456, 'Rosário Oeste', NULL, NULL, 13, NULL, NULL, NULL),
(1457, 'Salto do Céu', NULL, NULL, 13, NULL, NULL, NULL),
(1458, 'Santa Carmem', NULL, NULL, 13, NULL, NULL, NULL),
(1459, 'Santa Cruz do Xingu', NULL, NULL, 13, NULL, NULL, NULL),
(1460, 'Santa Rita do Trivelato', NULL, NULL, 13, NULL, NULL, NULL),
(1461, 'Santa Terezinha', NULL, NULL, 13, NULL, NULL, NULL),
(1462, 'Santo Afonso', NULL, NULL, 13, NULL, NULL, NULL),
(1463, 'Santo Antônio do Leste', NULL, NULL, 13, NULL, NULL, NULL),
(1464, 'Santo Antônio do Leverger', NULL, NULL, 13, NULL, NULL, NULL),
(1465, 'São Félix do Araguaia', NULL, NULL, 13, NULL, NULL, NULL),
(1466, 'São José do Povo', NULL, NULL, 13, NULL, NULL, NULL),
(1467, 'São José do Rio Claro', NULL, NULL, 13, NULL, NULL, NULL),
(1468, 'São José do Xingu', NULL, NULL, 13, NULL, NULL, NULL),
(1469, 'São José dos Quatro Marcos', NULL, NULL, 13, NULL, NULL, NULL),
(1470, 'São Pedro da Cipa', NULL, NULL, 13, NULL, NULL, NULL),
(1471, 'Sapezal', NULL, NULL, 13, NULL, NULL, NULL),
(1472, 'Serra Nova Dourada', NULL, NULL, 13, NULL, NULL, NULL),
(1473, 'Sinop', NULL, NULL, 13, NULL, NULL, NULL),
(1474, 'Sorriso', NULL, NULL, 13, NULL, NULL, NULL),
(1475, 'Tabaporã', NULL, NULL, 13, NULL, NULL, NULL),
(1476, 'Tangará da Serra', NULL, NULL, 13, NULL, NULL, NULL),
(1477, 'Tapurah', NULL, NULL, 13, NULL, NULL, NULL),
(1478, 'Terra Nova do Norte', NULL, NULL, 13, NULL, NULL, NULL),
(1479, 'Tesouro', NULL, NULL, 13, NULL, NULL, NULL),
(1480, 'Torixoréu', NULL, NULL, 13, NULL, NULL, NULL),
(1481, 'União do Sul', NULL, NULL, 13, NULL, NULL, NULL),
(1482, 'Vale de São Domingos', NULL, NULL, 13, NULL, NULL, NULL),
(1483, 'Várzea Grande', NULL, NULL, 13, NULL, NULL, NULL),
(1484, 'Vera', NULL, NULL, 13, NULL, NULL, NULL),
(1485, 'Vila Bela da Santíssima Trindade', NULL, NULL, 13, NULL, NULL, NULL),
(1486, 'Vila Rica', NULL, NULL, 13, NULL, NULL, NULL),
(1487, 'Água Clara', NULL, NULL, 12, NULL, NULL, NULL),
(1488, 'Alcinópolis', NULL, NULL, 12, NULL, NULL, NULL),
(1489, 'Amambaí', NULL, NULL, 12, NULL, NULL, NULL),
(1490, 'Anastácio', NULL, NULL, 12, NULL, NULL, NULL),
(1491, 'Anaurilândia', NULL, NULL, 12, NULL, NULL, NULL),
(1492, 'Angélica', NULL, NULL, 12, NULL, NULL, NULL),
(1493, 'Antônio João', NULL, NULL, 12, NULL, NULL, NULL),
(1494, 'Aparecida do Taboado', NULL, NULL, 12, NULL, NULL, NULL),
(1495, 'Aquidauana', NULL, NULL, 12, NULL, NULL, NULL),
(1496, 'Aral Moreira', NULL, NULL, 12, NULL, NULL, NULL),
(1497, 'Bandeirantes', NULL, NULL, 12, NULL, NULL, NULL),
(1498, 'Bataguassu', NULL, NULL, 12, NULL, NULL, NULL),
(1499, 'Bataiporã', NULL, NULL, 12, NULL, NULL, NULL),
(1500, 'Bela Vista', NULL, NULL, 12, NULL, NULL, NULL),
(1501, 'Bodoquena', NULL, NULL, 12, NULL, NULL, NULL),
(1502, 'Bonito', NULL, NULL, 12, NULL, NULL, NULL),
(1503, 'Brasilândia', NULL, NULL, 12, NULL, NULL, NULL),
(1504, 'Caarapó', NULL, NULL, 12, NULL, NULL, NULL),
(1505, 'Camapuã', NULL, NULL, 12, NULL, NULL, NULL),
(1506, 'Campo Grande', NULL, NULL, 12, NULL, NULL, NULL),
(1507, 'Caracol', NULL, NULL, 12, NULL, NULL, NULL),
(1508, 'Cassilândia', NULL, NULL, 12, NULL, NULL, NULL),
(1509, 'Chapadão do Sul', NULL, NULL, 12, NULL, NULL, NULL),
(1510, 'Corguinho', NULL, NULL, 12, NULL, NULL, NULL),
(1511, 'Coronel Sapucaia', NULL, NULL, 12, NULL, NULL, NULL),
(1512, 'Corumbá', NULL, NULL, 12, NULL, NULL, NULL),
(1513, 'Costa Rica', NULL, NULL, 12, NULL, NULL, NULL),
(1514, 'Coxim', NULL, NULL, 12, NULL, NULL, NULL),
(1515, 'Deodápolis', NULL, NULL, 12, NULL, NULL, NULL),
(1516, 'Dois Irmãos do Buriti', NULL, NULL, 12, NULL, NULL, NULL),
(1517, 'Douradina', NULL, NULL, 12, NULL, NULL, NULL),
(1518, 'Dourados', NULL, NULL, 12, NULL, NULL, NULL),
(1519, 'Eldorado', NULL, NULL, 12, NULL, NULL, NULL),
(1520, 'Fátima do Sul', NULL, NULL, 12, NULL, NULL, NULL),
(1521, 'Figueirão', NULL, NULL, 12, NULL, NULL, NULL),
(1522, 'Glória de Dourados', NULL, NULL, 12, NULL, NULL, NULL),
(1523, 'Guia Lopes da Laguna', NULL, NULL, 12, NULL, NULL, NULL),
(1524, 'Iguatemi', NULL, NULL, 12, NULL, NULL, NULL),
(1525, 'Inocência', NULL, NULL, 12, NULL, NULL, NULL),
(1526, 'Itaporã', NULL, NULL, 12, NULL, NULL, NULL),
(1527, 'Itaquiraí', NULL, NULL, 12, NULL, NULL, NULL),
(1528, 'Ivinhema', NULL, NULL, 12, NULL, NULL, NULL),
(1529, 'Japorã', NULL, NULL, 12, NULL, NULL, NULL),
(1530, 'Jaraguari', NULL, NULL, 12, NULL, NULL, NULL),
(1531, 'Jardim', NULL, NULL, 12, NULL, NULL, NULL),
(1532, 'Jateí', NULL, NULL, 12, NULL, NULL, NULL),
(1533, 'Juti', NULL, NULL, 12, NULL, NULL, NULL),
(1534, 'Ladário', NULL, NULL, 12, NULL, NULL, NULL),
(1535, 'Laguna Carapã', NULL, NULL, 12, NULL, NULL, NULL),
(1536, 'Maracaju', NULL, NULL, 12, NULL, NULL, NULL),
(1537, 'Miranda', NULL, NULL, 12, NULL, NULL, NULL),
(1538, 'Mundo Novo', NULL, NULL, 12, NULL, NULL, NULL),
(1539, 'Naviraí', NULL, NULL, 12, NULL, NULL, NULL),
(1540, 'Nioaque', NULL, NULL, 12, NULL, NULL, NULL),
(1541, 'Nova Alvorada do Sul', NULL, NULL, 12, NULL, NULL, NULL),
(1542, 'Nova Andradina', NULL, NULL, 12, NULL, NULL, NULL),
(1543, 'Novo Horizonte do Sul', NULL, NULL, 12, NULL, NULL, NULL),
(1544, 'Paranaíba', NULL, NULL, 12, NULL, NULL, NULL),
(1545, 'Paranhos', NULL, NULL, 12, NULL, NULL, NULL),
(1546, 'Pedro Gomes', NULL, NULL, 12, NULL, NULL, NULL),
(1547, 'Ponta Porã', NULL, NULL, 12, NULL, NULL, NULL),
(1548, 'Porto Murtinho', NULL, NULL, 12, NULL, NULL, NULL),
(1549, 'Ribas do Rio Pardo', NULL, NULL, 12, NULL, NULL, NULL),
(1550, 'Rio Brilhante', NULL, NULL, 12, NULL, NULL, NULL),
(1551, 'Rio Negro', NULL, NULL, 12, NULL, NULL, NULL),
(1552, 'Rio Verde de Mato Grosso', NULL, NULL, 12, NULL, NULL, NULL),
(1553, 'Rochedo', NULL, NULL, 12, NULL, NULL, NULL),
(1554, 'Santa Rita do Pardo', NULL, NULL, 12, NULL, NULL, NULL),
(1555, 'São Gabriel do Oeste', NULL, NULL, 12, NULL, NULL, NULL),
(1556, 'Selvíria', NULL, NULL, 12, NULL, NULL, NULL),
(1557, 'Sete Quedas', NULL, NULL, 12, NULL, NULL, NULL),
(1558, 'Sidrolândia', NULL, NULL, 12, NULL, NULL, NULL),
(1559, 'Sonora', NULL, NULL, 12, NULL, NULL, NULL),
(1560, 'Tacuru', NULL, NULL, 12, NULL, NULL, NULL),
(1561, 'Taquarussu', NULL, NULL, 12, NULL, NULL, NULL),
(1562, 'Terenos', NULL, NULL, 12, NULL, NULL, NULL),
(1563, 'Três Lagoas', NULL, NULL, 12, NULL, NULL, NULL),
(1564, 'Vicentina', NULL, NULL, 12, NULL, NULL, NULL),
(1565, 'Abadia dos Dourados', NULL, NULL, 11, NULL, NULL, NULL),
(1566, 'Abaeté', NULL, NULL, 11, NULL, NULL, NULL),
(1567, 'Abre Campo', NULL, NULL, 11, NULL, NULL, NULL),
(1568, 'Acaiaca', NULL, NULL, 11, NULL, NULL, NULL),
(1569, 'Açucena', NULL, NULL, 11, NULL, NULL, NULL),
(1570, 'Água Boa', NULL, NULL, 11, NULL, NULL, NULL),
(1571, 'Água Comprida', NULL, NULL, 11, NULL, NULL, NULL),
(1572, 'Aguanil', NULL, NULL, 11, NULL, NULL, NULL),
(1573, 'Águas Formosas', NULL, NULL, 11, NULL, NULL, NULL),
(1574, 'Águas Vermelhas', NULL, NULL, 11, NULL, NULL, NULL),
(1575, 'Aimorés', NULL, NULL, 11, NULL, NULL, NULL),
(1576, 'Aiuruoca', NULL, NULL, 11, NULL, NULL, NULL),
(1577, 'Alagoa', NULL, NULL, 11, NULL, NULL, NULL),
(1578, 'Albertina', NULL, NULL, 11, NULL, NULL, NULL),
(1579, 'Além Paraíba', NULL, NULL, 11, NULL, NULL, NULL),
(1580, 'Alfenas', NULL, NULL, 11, NULL, NULL, NULL),
(1581, 'Alfredo Vasconcelos', NULL, NULL, 11, NULL, NULL, NULL),
(1582, 'Almenara', NULL, NULL, 11, NULL, NULL, NULL),
(1583, 'Alpercata', NULL, NULL, 11, NULL, NULL, NULL),
(1584, 'Alpinópolis', NULL, NULL, 11, NULL, NULL, NULL),
(1585, 'Alterosa', NULL, NULL, 11, NULL, NULL, NULL),
(1586, 'Alto Caparaó', NULL, NULL, 11, NULL, NULL, NULL),
(1587, 'Alto Jequitibá', NULL, NULL, 11, NULL, NULL, NULL),
(1588, 'Alto Rio Doce', NULL, NULL, 11, NULL, NULL, NULL),
(1589, 'Alvarenga', NULL, NULL, 11, NULL, NULL, NULL),
(1590, 'Alvinópolis', NULL, NULL, 11, NULL, NULL, NULL),
(1591, 'Alvorada de Minas', NULL, NULL, 11, NULL, NULL, NULL),
(1592, 'Amparo do Serra', NULL, NULL, 11, NULL, NULL, NULL),
(1593, 'Andradas', NULL, NULL, 11, NULL, NULL, NULL),
(1594, 'Andrelândia', NULL, NULL, 11, NULL, NULL, NULL),
(1595, 'Angelândia', NULL, NULL, 11, NULL, NULL, NULL),
(1596, 'Antônio Carlos', NULL, NULL, 11, NULL, NULL, NULL),
(1597, 'Antônio Dias', NULL, NULL, 11, NULL, NULL, NULL),
(1598, 'Antônio Prado de Minas', NULL, NULL, 11, NULL, NULL, NULL),
(1599, 'Araçaí', NULL, NULL, 11, NULL, NULL, NULL),
(1600, 'Aracitaba', NULL, NULL, 11, NULL, NULL, NULL),
(1601, 'Araçuaí', NULL, NULL, 11, NULL, NULL, NULL),
(1602, 'Araguari', NULL, NULL, 11, NULL, NULL, NULL),
(1603, 'Arantina', NULL, NULL, 11, NULL, NULL, NULL),
(1604, 'Araponga', NULL, NULL, 11, NULL, NULL, NULL),
(1605, 'Araporã', NULL, NULL, 11, NULL, NULL, NULL),
(1606, 'Arapuá', NULL, NULL, 11, NULL, NULL, NULL),
(1607, 'Araújos', NULL, NULL, 11, NULL, NULL, NULL),
(1608, 'Araxá', NULL, NULL, 11, NULL, NULL, NULL),
(1609, 'Arceburgo', NULL, NULL, 11, NULL, NULL, NULL),
(1610, 'Arcos', NULL, NULL, 11, NULL, NULL, NULL),
(1611, 'Areado', NULL, NULL, 11, NULL, NULL, NULL),
(1612, 'Argirita', NULL, NULL, 11, NULL, NULL, NULL),
(1613, 'Aricanduva', NULL, NULL, 11, NULL, NULL, NULL),
(1614, 'Arinos', NULL, NULL, 11, NULL, NULL, NULL),
(1615, 'Astolfo Dutra', NULL, NULL, 11, NULL, NULL, NULL),
(1616, 'Ataléia', NULL, NULL, 11, NULL, NULL, NULL),
(1617, 'Augusto de Lima', NULL, NULL, 11, NULL, NULL, NULL),
(1618, 'Baependi', NULL, NULL, 11, NULL, NULL, NULL),
(1619, 'Baldim', NULL, NULL, 11, NULL, NULL, NULL),
(1620, 'Bambuí', NULL, NULL, 11, NULL, NULL, NULL),
(1621, 'Bandeira', NULL, NULL, 11, NULL, NULL, NULL),
(1622, 'Bandeira do Sul', NULL, NULL, 11, NULL, NULL, NULL),
(1623, 'Barão de Cocais', NULL, NULL, 11, NULL, NULL, NULL),
(1624, 'Barão de Monte Alto', NULL, NULL, 11, NULL, NULL, NULL),
(1625, 'Barbacena', NULL, NULL, 11, NULL, NULL, NULL),
(1626, 'Barra Longa', NULL, NULL, 11, NULL, NULL, NULL),
(1627, 'Barroso', NULL, NULL, 11, NULL, NULL, NULL),
(1628, 'Bela Vista de Minas', NULL, NULL, 11, NULL, NULL, NULL),
(1629, 'Belmiro Braga', NULL, NULL, 11, NULL, NULL, NULL),
(1630, 'Belo Horizonte', NULL, NULL, 11, NULL, NULL, NULL),
(1631, 'Belo Oriente', NULL, NULL, 11, NULL, NULL, NULL),
(1632, 'Belo Vale', NULL, NULL, 11, NULL, NULL, NULL),
(1633, 'Berilo', NULL, NULL, 11, NULL, NULL, NULL),
(1634, 'Berizal', NULL, NULL, 11, NULL, NULL, NULL),
(1635, 'Bertópolis', NULL, NULL, 11, NULL, NULL, NULL),
(1636, 'Betim', NULL, NULL, 11, NULL, NULL, NULL),
(1637, 'Bias Fortes', NULL, NULL, 11, NULL, NULL, NULL),
(1638, 'Bicas', NULL, NULL, 11, NULL, NULL, NULL),
(1639, 'Biquinhas', NULL, NULL, 11, NULL, NULL, NULL),
(1640, 'Boa Esperança', NULL, NULL, 11, NULL, NULL, NULL),
(1641, 'Bocaina de Minas', NULL, NULL, 11, NULL, NULL, NULL),
(1642, 'Bocaiúva', NULL, NULL, 11, NULL, NULL, NULL),
(1643, 'Bom Despacho', NULL, NULL, 11, NULL, NULL, NULL),
(1644, 'Bom Jardim de Minas', NULL, NULL, 11, NULL, NULL, NULL),
(1645, 'Bom Jesus da Penha', NULL, NULL, 11, NULL, NULL, NULL),
(1646, 'Bom Jesus do Amparo', NULL, NULL, 11, NULL, NULL, NULL),
(1647, 'Bom Jesus do Galho', NULL, NULL, 11, NULL, NULL, NULL),
(1648, 'Bom Repouso', NULL, NULL, 11, NULL, NULL, NULL),
(1649, 'Bom Sucesso', NULL, NULL, 11, NULL, NULL, NULL),
(1650, 'Bonfim', NULL, NULL, 11, NULL, NULL, NULL),
(1651, 'Bonfinópolis de Minas', NULL, NULL, 11, NULL, NULL, NULL),
(1652, 'Bonito de Minas', NULL, NULL, 11, NULL, NULL, NULL),
(1653, 'Borda da Mata', NULL, NULL, 11, NULL, NULL, NULL),
(1654, 'Botelhos', NULL, NULL, 11, NULL, NULL, NULL),
(1655, 'Botumirim', NULL, NULL, 11, NULL, NULL, NULL),
(1656, 'Brás Pires', NULL, NULL, 11, NULL, NULL, NULL),
(1657, 'Brasilândia de Minas', NULL, NULL, 11, NULL, NULL, NULL),
(1658, 'Brasília de Minas', NULL, NULL, 11, NULL, NULL, NULL),
(1659, 'Brasópolis', NULL, NULL, 11, NULL, NULL, NULL),
(1660, 'Braúnas', NULL, NULL, 11, NULL, NULL, NULL),
(1661, 'Brumadinho', NULL, NULL, 11, NULL, NULL, NULL),
(1662, 'Bueno Brandão', NULL, NULL, 11, NULL, NULL, NULL),
(1663, 'Buenópolis', NULL, NULL, 11, NULL, NULL, NULL),
(1664, 'Bugre', NULL, NULL, 11, NULL, NULL, NULL),
(1665, 'Buritis', NULL, NULL, 11, NULL, NULL, NULL),
(1666, 'Buritizeiro', NULL, NULL, 11, NULL, NULL, NULL),
(1667, 'Cabeceira Grande', NULL, NULL, 11, NULL, NULL, NULL),
(1668, 'Cabo Verde', NULL, NULL, 11, NULL, NULL, NULL),
(1669, 'Cachoeira da Prata', NULL, NULL, 11, NULL, NULL, NULL),
(1670, 'Cachoeira de Minas', NULL, NULL, 11, NULL, NULL, NULL),
(1671, 'Cachoeira de Pajeú', NULL, NULL, 11, NULL, NULL, NULL),
(1672, 'Cachoeira Dourada', NULL, NULL, 11, NULL, NULL, NULL),
(1673, 'Caetanópolis', NULL, NULL, 11, NULL, NULL, NULL),
(1674, 'Caeté', NULL, NULL, 11, NULL, NULL, NULL),
(1675, 'Caiana', NULL, NULL, 11, NULL, NULL, NULL),
(1676, 'Cajuri', NULL, NULL, 11, NULL, NULL, NULL),
(1677, 'Caldas', NULL, NULL, 11, NULL, NULL, NULL),
(1678, 'Camacho', NULL, NULL, 11, NULL, NULL, NULL),
(1679, 'Camanducaia', NULL, NULL, 11, NULL, NULL, NULL),
(1680, 'Cambuí', NULL, NULL, 11, NULL, NULL, NULL),
(1681, 'Cambuquira', NULL, NULL, 11, NULL, NULL, NULL),
(1682, 'Campanário', NULL, NULL, 11, NULL, NULL, NULL),
(1683, 'Campanha', NULL, NULL, 11, NULL, NULL, NULL),
(1684, 'Campestre', NULL, NULL, 11, NULL, NULL, NULL),
(1685, 'Campina Verde', NULL, NULL, 11, NULL, NULL, NULL),
(1686, 'Campo Azul', NULL, NULL, 11, NULL, NULL, NULL),
(1687, 'Campo Belo', NULL, NULL, 11, NULL, NULL, NULL),
(1688, 'Campo do Meio', NULL, NULL, 11, NULL, NULL, NULL),
(1689, 'Campo Florido', NULL, NULL, 11, NULL, NULL, NULL),
(1690, 'Campos Altos', NULL, NULL, 11, NULL, NULL, NULL),
(1691, 'Campos Gerais', NULL, NULL, 11, NULL, NULL, NULL),
(1692, 'Cana Verde', NULL, NULL, 11, NULL, NULL, NULL),
(1693, 'Canaã', NULL, NULL, 11, NULL, NULL, NULL),
(1694, 'Canápolis', NULL, NULL, 11, NULL, NULL, NULL),
(1695, 'Candeias', NULL, NULL, 11, NULL, NULL, NULL),
(1696, 'Cantagalo', NULL, NULL, 11, NULL, NULL, NULL),
(1697, 'Caparaó', NULL, NULL, 11, NULL, NULL, NULL),
(1698, 'Capela Nova', NULL, NULL, 11, NULL, NULL, NULL),
(1699, 'Capelinha', NULL, NULL, 11, NULL, NULL, NULL),
(1700, 'Capetinga', NULL, NULL, 11, NULL, NULL, NULL),
(1701, 'Capim Branco', NULL, NULL, 11, NULL, NULL, NULL),
(1702, 'Capinópolis', NULL, NULL, 11, NULL, NULL, NULL),
(1703, 'Capitão Andrade', NULL, NULL, 11, NULL, NULL, NULL),
(1704, 'Capitão Enéas', NULL, NULL, 11, NULL, NULL, NULL),
(1705, 'Capitólio', NULL, NULL, 11, NULL, NULL, NULL),
(1706, 'Caputira', NULL, NULL, 11, NULL, NULL, NULL),
(1707, 'Caraí', NULL, NULL, 11, NULL, NULL, NULL),
(1708, 'Caranaíba', NULL, NULL, 11, NULL, NULL, NULL),
(1709, 'Carandaí', NULL, NULL, 11, NULL, NULL, NULL),
(1710, 'Carangola', NULL, NULL, 11, NULL, NULL, NULL),
(1711, 'Caratinga', NULL, NULL, 11, NULL, NULL, NULL),
(1712, 'Carbonita', NULL, NULL, 11, NULL, NULL, NULL),
(1713, 'Careaçu', NULL, NULL, 11, NULL, NULL, NULL),
(1714, 'Carlos Chagas', NULL, NULL, 11, NULL, NULL, NULL),
(1715, 'Carmésia', NULL, NULL, 11, NULL, NULL, NULL),
(1716, 'Carmo da Cachoeira', NULL, NULL, 11, NULL, NULL, NULL),
(1717, 'Carmo da Mata', NULL, NULL, 11, NULL, NULL, NULL),
(1718, 'Carmo de Minas', NULL, NULL, 11, NULL, NULL, NULL),
(1719, 'Carmo do Cajuru', NULL, NULL, 11, NULL, NULL, NULL),
(1720, 'Carmo do Paranaíba', NULL, NULL, 11, NULL, NULL, NULL),
(1721, 'Carmo do Rio Claro', NULL, NULL, 11, NULL, NULL, NULL),
(1722, 'Carmópolis de Minas', NULL, NULL, 11, NULL, NULL, NULL),
(1723, 'Carneirinho', NULL, NULL, 11, NULL, NULL, NULL),
(1724, 'Carrancas', NULL, NULL, 11, NULL, NULL, NULL),
(1725, 'Carvalhópolis', NULL, NULL, 11, NULL, NULL, NULL),
(1726, 'Carvalhos', NULL, NULL, 11, NULL, NULL, NULL),
(1727, 'Casa Grande', NULL, NULL, 11, NULL, NULL, NULL),
(1728, 'Cascalho Rico', NULL, NULL, 11, NULL, NULL, NULL),
(1729, 'Cássia', NULL, NULL, 11, NULL, NULL, NULL),
(1730, 'Cataguases', NULL, NULL, 11, NULL, NULL, NULL),
(1731, 'Catas Altas', NULL, NULL, 11, NULL, NULL, NULL),
(1732, 'Catas Altas da Noruega', NULL, NULL, 11, NULL, NULL, NULL),
(1733, 'Catuji', NULL, NULL, 11, NULL, NULL, NULL),
(1734, 'Catuti', NULL, NULL, 11, NULL, NULL, NULL),
(1735, 'Caxambu', NULL, NULL, 11, NULL, NULL, NULL),
(1736, 'Cedro do Abaeté', NULL, NULL, 11, NULL, NULL, NULL),
(1737, 'Central de Minas', NULL, NULL, 11, NULL, NULL, NULL),
(1738, 'Centralina', NULL, NULL, 11, NULL, NULL, NULL),
(1739, 'Chácara', NULL, NULL, 11, NULL, NULL, NULL),
(1740, 'Chalé', NULL, NULL, 11, NULL, NULL, NULL),
(1741, 'Chapada do Norte', NULL, NULL, 11, NULL, NULL, NULL),
(1742, 'Chapada Gaúcha', NULL, NULL, 11, NULL, NULL, NULL),
(1743, 'Chiador', NULL, NULL, 11, NULL, NULL, NULL),
(1744, 'Cipotânea', NULL, NULL, 11, NULL, NULL, NULL),
(1745, 'Claraval', NULL, NULL, 11, NULL, NULL, NULL),
(1746, 'Claro dos Poções', NULL, NULL, 11, NULL, NULL, NULL),
(1747, 'Cláudio', NULL, NULL, 11, NULL, NULL, NULL),
(1748, 'Coimbra', NULL, NULL, 11, NULL, NULL, NULL),
(1749, 'Coluna', NULL, NULL, 11, NULL, NULL, NULL),
(1750, 'Comendador Gomes', NULL, NULL, 11, NULL, NULL, NULL),
(1751, 'Comercinho', NULL, NULL, 11, NULL, NULL, NULL),
(1752, 'Conceição da Aparecida', NULL, NULL, 11, NULL, NULL, NULL),
(1753, 'Conceição da Barra de Minas', NULL, NULL, 11, NULL, NULL, NULL),
(1754, 'Conceição das Alagoas', NULL, NULL, 11, NULL, NULL, NULL),
(1755, 'Conceição das Pedras', NULL, NULL, 11, NULL, NULL, NULL),
(1756, 'Conceição de Ipanema', NULL, NULL, 11, NULL, NULL, NULL),
(1757, 'Conceição do Mato Dentro', NULL, NULL, 11, NULL, NULL, NULL),
(1758, 'Conceição do Pará', NULL, NULL, 11, NULL, NULL, NULL),
(1759, 'Conceição do Rio Verde', NULL, NULL, 11, NULL, NULL, NULL),
(1760, 'Conceição dos Ouros', NULL, NULL, 11, NULL, NULL, NULL),
(1761, 'Cônego Marinho', NULL, NULL, 11, NULL, NULL, NULL),
(1762, 'Confins', NULL, NULL, 11, NULL, NULL, NULL),
(1763, 'Congonhal', NULL, NULL, 11, NULL, NULL, NULL),
(1764, 'Congonhas', NULL, NULL, 11, NULL, NULL, NULL),
(1765, 'Congonhas do Norte', NULL, NULL, 11, NULL, NULL, NULL),
(1766, 'Conquista', NULL, NULL, 11, NULL, NULL, NULL),
(1767, 'Conselheiro Lafaiete', NULL, NULL, 11, NULL, NULL, NULL),
(1768, 'Conselheiro Pena', NULL, NULL, 11, NULL, NULL, NULL),
(1769, 'Consolação', NULL, NULL, 11, NULL, NULL, NULL),
(1770, 'Contagem', NULL, NULL, 11, NULL, NULL, NULL),
(1771, 'Coqueiral', NULL, NULL, 11, NULL, NULL, NULL),
(1772, 'Coração de Jesus', NULL, NULL, 11, NULL, NULL, NULL),
(1773, 'Cordisburgo', NULL, NULL, 11, NULL, NULL, NULL),
(1774, 'Cordislândia', NULL, NULL, 11, NULL, NULL, NULL),
(1775, 'Corinto', NULL, NULL, 11, NULL, NULL, NULL),
(1776, 'Coroaci', NULL, NULL, 11, NULL, NULL, NULL),
(1777, 'Coromandel', NULL, NULL, 11, NULL, NULL, NULL),
(1778, 'Coronel Fabriciano', NULL, NULL, 11, NULL, NULL, NULL),
(1779, 'Coronel Murta', NULL, NULL, 11, NULL, NULL, NULL),
(1780, 'Coronel Pacheco', NULL, NULL, 11, NULL, NULL, NULL),
(1781, 'Coronel Xavier Chaves', NULL, NULL, 11, NULL, NULL, NULL),
(1782, 'Córrego Danta', NULL, NULL, 11, NULL, NULL, NULL),
(1783, 'Córrego do Bom Jesus', NULL, NULL, 11, NULL, NULL, NULL),
(1784, 'Córrego Fundo', NULL, NULL, 11, NULL, NULL, NULL),
(1785, 'Córrego Novo', NULL, NULL, 11, NULL, NULL, NULL),
(1786, 'Couto de Magalhães de Minas', NULL, NULL, 11, NULL, NULL, NULL),
(1787, 'Crisólita', NULL, NULL, 11, NULL, NULL, NULL),
(1788, 'Cristais', NULL, NULL, 11, NULL, NULL, NULL),
(1789, 'Cristália', NULL, NULL, 11, NULL, NULL, NULL),
(1790, 'Cristiano Otoni', NULL, NULL, 11, NULL, NULL, NULL),
(1791, 'Cristina', NULL, NULL, 11, NULL, NULL, NULL),
(1792, 'Crucilândia', NULL, NULL, 11, NULL, NULL, NULL),
(1793, 'Cruzeiro da Fortaleza', NULL, NULL, 11, NULL, NULL, NULL),
(1794, 'Cruzília', NULL, NULL, 11, NULL, NULL, NULL),
(1795, 'Cuparaque', NULL, NULL, 11, NULL, NULL, NULL),
(1796, 'Curral de Dentro', NULL, NULL, 11, NULL, NULL, NULL),
(1797, 'Curvelo', NULL, NULL, 11, NULL, NULL, NULL),
(1798, 'Datas', NULL, NULL, 11, NULL, NULL, NULL),
(1799, 'Delfim Moreira', NULL, NULL, 11, NULL, NULL, NULL),
(1800, 'Delfinópolis', NULL, NULL, 11, NULL, NULL, NULL),
(1801, 'Delta', NULL, NULL, 11, NULL, NULL, NULL),
(1802, 'Descoberto', NULL, NULL, 11, NULL, NULL, NULL),
(1803, 'Desterro de Entre Rios', NULL, NULL, 11, NULL, NULL, NULL),
(1804, 'Desterro do Melo', NULL, NULL, 11, NULL, NULL, NULL),
(1805, 'Diamantina', NULL, NULL, 11, NULL, NULL, NULL),
(1806, 'Diogo de Vasconcelos', NULL, NULL, 11, NULL, NULL, NULL),
(1807, 'Dionísio', NULL, NULL, 11, NULL, NULL, NULL),
(1808, 'Divinésia', NULL, NULL, 11, NULL, NULL, NULL),
(1809, 'Divino', NULL, NULL, 11, NULL, NULL, NULL),
(1810, 'Divino das Laranjeiras', NULL, NULL, 11, NULL, NULL, NULL),
(1811, 'Divinolândia de Minas', NULL, NULL, 11, NULL, NULL, NULL),
(1812, 'Divinópolis', NULL, NULL, 11, NULL, NULL, NULL),
(1813, 'Divisa Alegre', NULL, NULL, 11, NULL, NULL, NULL),
(1814, 'Divisa Nova', NULL, NULL, 11, NULL, NULL, NULL),
(1815, 'Divisópolis', NULL, NULL, 11, NULL, NULL, NULL),
(1816, 'Dom Bosco', NULL, NULL, 11, NULL, NULL, NULL),
(1817, 'Dom Cavati', NULL, NULL, 11, NULL, NULL, NULL),
(1818, 'Dom Joaquim', NULL, NULL, 11, NULL, NULL, NULL),
(1819, 'Dom Silvério', NULL, NULL, 11, NULL, NULL, NULL),
(1820, 'Dom Viçoso', NULL, NULL, 11, NULL, NULL, NULL),
(1821, 'Dona Eusébia', NULL, NULL, 11, NULL, NULL, NULL),
(1822, 'Dores de Campos', NULL, NULL, 11, NULL, NULL, NULL),
(1823, 'Dores de Guanhães', NULL, NULL, 11, NULL, NULL, NULL),
(1824, 'Dores do Indaiá', NULL, NULL, 11, NULL, NULL, NULL),
(1825, 'Dores do Turvo', NULL, NULL, 11, NULL, NULL, NULL),
(1826, 'Doresópolis', NULL, NULL, 11, NULL, NULL, NULL),
(1827, 'Douradoquara', NULL, NULL, 11, NULL, NULL, NULL),
(1828, 'Durandé', NULL, NULL, 11, NULL, NULL, NULL),
(1829, 'Elói Mendes', NULL, NULL, 11, NULL, NULL, NULL),
(1830, 'Engenheiro Caldas', NULL, NULL, 11, NULL, NULL, NULL),
(1831, 'Engenheiro Navarro', NULL, NULL, 11, NULL, NULL, NULL),
(1832, 'Entre Folhas', NULL, NULL, 11, NULL, NULL, NULL),
(1833, 'Entre Rios de Minas', NULL, NULL, 11, NULL, NULL, NULL),
(1834, 'Ervália', NULL, NULL, 11, NULL, NULL, NULL),
(1835, 'Esmeraldas', NULL, NULL, 11, NULL, NULL, NULL),
(1836, 'Espera Feliz', NULL, NULL, 11, NULL, NULL, NULL),
(1837, 'Espinosa', NULL, NULL, 11, NULL, NULL, NULL),
(1838, 'Espírito Santo do Dourado', NULL, NULL, 11, NULL, NULL, NULL),
(1839, 'Estiva', NULL, NULL, 11, NULL, NULL, NULL),
(1840, 'Estrela Dalva', NULL, NULL, 11, NULL, NULL, NULL),
(1841, 'Estrela do Indaiá', NULL, NULL, 11, NULL, NULL, NULL),
(1842, 'Estrela do Sul', NULL, NULL, 11, NULL, NULL, NULL),
(1843, 'Eugenópolis', NULL, NULL, 11, NULL, NULL, NULL),
(1844, 'Ewbank da Câmara', NULL, NULL, 11, NULL, NULL, NULL),
(1845, 'Extrema', NULL, NULL, 11, NULL, NULL, NULL),
(1846, 'Fama', NULL, NULL, 11, NULL, NULL, NULL),
(1847, 'Faria Lemos', NULL, NULL, 11, NULL, NULL, NULL),
(1848, 'Felício dos Santos', NULL, NULL, 11, NULL, NULL, NULL),
(1849, 'Felisburgo', NULL, NULL, 11, NULL, NULL, NULL),
(1850, 'Felixlândia', NULL, NULL, 11, NULL, NULL, NULL),
(1851, 'Fernandes Tourinho', NULL, NULL, 11, NULL, NULL, NULL),
(1852, 'Ferros', NULL, NULL, 11, NULL, NULL, NULL),
(1853, 'Fervedouro', NULL, NULL, 11, NULL, NULL, NULL),
(1854, 'Florestal', NULL, NULL, 11, NULL, NULL, NULL),
(1855, 'Formiga', NULL, NULL, 11, NULL, NULL, NULL),
(1856, 'Formoso', NULL, NULL, 11, NULL, NULL, NULL),
(1857, 'Fortaleza de Minas', NULL, NULL, 11, NULL, NULL, NULL),
(1858, 'Fortuna de Minas', NULL, NULL, 11, NULL, NULL, NULL),
(1859, 'Francisco Badaró', NULL, NULL, 11, NULL, NULL, NULL),
(1860, 'Francisco Dumont', NULL, NULL, 11, NULL, NULL, NULL),
(1861, 'Francisco Sá', NULL, NULL, 11, NULL, NULL, NULL),
(1862, 'Franciscópolis', NULL, NULL, 11, NULL, NULL, NULL),
(1863, 'Frei Gaspar', NULL, NULL, 11, NULL, NULL, NULL),
(1864, 'Frei Inocêncio', NULL, NULL, 11, NULL, NULL, NULL),
(1865, 'Frei Lagonegro', NULL, NULL, 11, NULL, NULL, NULL),
(1866, 'Fronteira', NULL, NULL, 11, NULL, NULL, NULL),
(1867, 'Fronteira dos Vales', NULL, NULL, 11, NULL, NULL, NULL),
(1868, 'Fruta de Leite', NULL, NULL, 11, NULL, NULL, NULL),
(1869, 'Frutal', NULL, NULL, 11, NULL, NULL, NULL),
(1870, 'Funilândia', NULL, NULL, 11, NULL, NULL, NULL),
(1871, 'Galiléia', NULL, NULL, 11, NULL, NULL, NULL),
(1872, 'Gameleiras', NULL, NULL, 11, NULL, NULL, NULL),
(1873, 'Glaucilândia', NULL, NULL, 11, NULL, NULL, NULL),
(1874, 'Goiabeira', NULL, NULL, 11, NULL, NULL, NULL),
(1875, 'Goianá', NULL, NULL, 11, NULL, NULL, NULL),
(1876, 'Gonçalves', NULL, NULL, 11, NULL, NULL, NULL),
(1877, 'Gonzaga', NULL, NULL, 11, NULL, NULL, NULL),
(1878, 'Gouveia', NULL, NULL, 11, NULL, NULL, NULL),
(1879, 'Governador Valadares', NULL, NULL, 11, NULL, NULL, NULL),
(1880, 'Grão Mogol', NULL, NULL, 11, NULL, NULL, NULL),
(1881, 'Grupiara', NULL, NULL, 11, NULL, NULL, NULL),
(1882, 'Guanhães', NULL, NULL, 11, NULL, NULL, NULL),
(1883, 'Guapé', NULL, NULL, 11, NULL, NULL, NULL),
(1884, 'Guaraciaba', NULL, NULL, 11, NULL, NULL, NULL),
(1885, 'Guaraciama', NULL, NULL, 11, NULL, NULL, NULL),
(1886, 'Guaranésia', NULL, NULL, 11, NULL, NULL, NULL),
(1887, 'Guarani', NULL, NULL, 11, NULL, NULL, NULL),
(1888, 'Guarará', NULL, NULL, 11, NULL, NULL, NULL),
(1889, 'Guarda-Mor', NULL, NULL, 11, NULL, NULL, NULL),
(1890, 'Guaxupé', NULL, NULL, 11, NULL, NULL, NULL),
(1891, 'Guidoval', NULL, NULL, 11, NULL, NULL, NULL),
(1892, 'Guimarânia', NULL, NULL, 11, NULL, NULL, NULL),
(1893, 'Guiricema', NULL, NULL, 11, NULL, NULL, NULL),
(1894, 'Gurinhatã', NULL, NULL, 11, NULL, NULL, NULL),
(1895, 'Heliodora', NULL, NULL, 11, NULL, NULL, NULL),
(1896, 'Iapu', NULL, NULL, 11, NULL, NULL, NULL),
(1897, 'Ibertioga', NULL, NULL, 11, NULL, NULL, NULL),
(1898, 'Ibiá', NULL, NULL, 11, NULL, NULL, NULL),
(1899, 'Ibiaí', NULL, NULL, 11, NULL, NULL, NULL),
(1900, 'Ibiracatu', NULL, NULL, 11, NULL, NULL, NULL),
(1901, 'Ibiraci', NULL, NULL, 11, NULL, NULL, NULL),
(1902, 'Ibirité', NULL, NULL, 11, NULL, NULL, NULL),
(1903, 'Ibitiúra de Minas', NULL, NULL, 11, NULL, NULL, NULL),
(1904, 'Ibituruna', NULL, NULL, 11, NULL, NULL, NULL),
(1905, 'Icaraí de Minas', NULL, NULL, 11, NULL, NULL, NULL),
(1906, 'Igarapé', NULL, NULL, 11, NULL, NULL, NULL),
(1907, 'Igaratinga', NULL, NULL, 11, NULL, NULL, NULL),
(1908, 'Iguatama', NULL, NULL, 11, NULL, NULL, NULL),
(1909, 'Ijaci', NULL, NULL, 11, NULL, NULL, NULL),
(1910, 'Ilicínea', NULL, NULL, 11, NULL, NULL, NULL),
(1911, 'Imbé de Minas', NULL, NULL, 11, NULL, NULL, NULL),
(1912, 'Inconfidentes', NULL, NULL, 11, NULL, NULL, NULL),
(1913, 'Indaiabira', NULL, NULL, 11, NULL, NULL, NULL),
(1914, 'Indianópolis', NULL, NULL, 11, NULL, NULL, NULL),
(1915, 'Ingaí', NULL, NULL, 11, NULL, NULL, NULL),
(1916, 'Inhapim', NULL, NULL, 11, NULL, NULL, NULL),
(1917, 'Inhaúma', NULL, NULL, 11, NULL, NULL, NULL),
(1918, 'Inimutaba', NULL, NULL, 11, NULL, NULL, NULL),
(1919, 'Ipaba', NULL, NULL, 11, NULL, NULL, NULL),
(1920, 'Ipanema', NULL, NULL, 11, NULL, NULL, NULL),
(1921, 'Ipatinga', NULL, NULL, 11, NULL, NULL, NULL),
(1922, 'Ipiaçu', NULL, NULL, 11, NULL, NULL, NULL),
(1923, 'Ipuiúna', NULL, NULL, 11, NULL, NULL, NULL),
(1924, 'Iraí de Minas', NULL, NULL, 11, NULL, NULL, NULL),
(1925, 'Itabira', NULL, NULL, 11, NULL, NULL, NULL),
(1926, 'Itabirinha de Mantena', NULL, NULL, 11, NULL, NULL, NULL),
(1927, 'Itabirito', NULL, NULL, 11, NULL, NULL, NULL),
(1928, 'Itacambira', NULL, NULL, 11, NULL, NULL, NULL),
(1929, 'Itacarambi', NULL, NULL, 11, NULL, NULL, NULL),
(1930, 'Itaguara', NULL, NULL, 11, NULL, NULL, NULL),
(1931, 'Itaipé', NULL, NULL, 11, NULL, NULL, NULL),
(1932, 'Itajubá', NULL, NULL, 11, NULL, NULL, NULL),
(1933, 'Itamarandiba', NULL, NULL, 11, NULL, NULL, NULL),
(1934, 'Itamarati de Minas', NULL, NULL, 11, NULL, NULL, NULL),
(1935, 'Itambacuri', NULL, NULL, 11, NULL, NULL, NULL),
(1936, 'Itambé do Mato Dentro', NULL, NULL, 11, NULL, NULL, NULL),
(1937, 'Itamogi', NULL, NULL, 11, NULL, NULL, NULL),
(1938, 'Itamonte', NULL, NULL, 11, NULL, NULL, NULL),
(1939, 'Itanhandu', NULL, NULL, 11, NULL, NULL, NULL),
(1940, 'Itanhomi', NULL, NULL, 11, NULL, NULL, NULL),
(1941, 'Itaobim', NULL, NULL, 11, NULL, NULL, NULL),
(1942, 'Itapagipe', NULL, NULL, 11, NULL, NULL, NULL),
(1943, 'Itapecerica', NULL, NULL, 11, NULL, NULL, NULL),
(1944, 'Itapeva', NULL, NULL, 11, NULL, NULL, NULL),
(1945, 'Itatiaiuçu', NULL, NULL, 11, NULL, NULL, NULL),
(1946, 'Itaú de Minas', NULL, NULL, 11, NULL, NULL, NULL),
(1947, 'Itaúna', NULL, NULL, 11, NULL, NULL, NULL),
(1948, 'Itaverava', NULL, NULL, 11, NULL, NULL, NULL),
(1949, 'Itinga', NULL, NULL, 11, NULL, NULL, NULL),
(1950, 'Itueta', NULL, NULL, 11, NULL, NULL, NULL),
(1951, 'Ituiutaba', NULL, NULL, 11, NULL, NULL, NULL),
(1952, 'Itumirim', NULL, NULL, 11, NULL, NULL, NULL),
(1953, 'Iturama', NULL, NULL, 11, NULL, NULL, NULL),
(1954, 'Itutinga', NULL, NULL, 11, NULL, NULL, NULL),
(1955, 'Jaboticatubas', NULL, NULL, 11, NULL, NULL, NULL),
(1956, 'Jacinto', NULL, NULL, 11, NULL, NULL, NULL),
(1957, 'Jacuí', NULL, NULL, 11, NULL, NULL, NULL),
(1958, 'Jacutinga', NULL, NULL, 11, NULL, NULL, NULL),
(1959, 'Jaguaraçu', NULL, NULL, 11, NULL, NULL, NULL),
(1960, 'Jaíba', NULL, NULL, 11, NULL, NULL, NULL),
(1961, 'Jampruca', NULL, NULL, 11, NULL, NULL, NULL),
(1962, 'Janaúba', NULL, NULL, 11, NULL, NULL, NULL),
(1963, 'Januária', NULL, NULL, 11, NULL, NULL, NULL),
(1964, 'Japaraíba', NULL, NULL, 11, NULL, NULL, NULL),
(1965, 'Japonvar', NULL, NULL, 11, NULL, NULL, NULL),
(1966, 'Jeceaba', NULL, NULL, 11, NULL, NULL, NULL),
(1967, 'Jenipapo de Minas', NULL, NULL, 11, NULL, NULL, NULL),
(1968, 'Jequeri', NULL, NULL, 11, NULL, NULL, NULL),
(1969, 'Jequitaí', NULL, NULL, 11, NULL, NULL, NULL),
(1970, 'Jequitibá', NULL, NULL, 11, NULL, NULL, NULL),
(1971, 'Jequitinhonha', NULL, NULL, 11, NULL, NULL, NULL),
(1972, 'Jesuânia', NULL, NULL, 11, NULL, NULL, NULL),
(1973, 'Joaíma', NULL, NULL, 11, NULL, NULL, NULL),
(1974, 'Joanésia', NULL, NULL, 11, NULL, NULL, NULL),
(1975, 'João Monlevade', NULL, NULL, 11, NULL, NULL, NULL),
(1976, 'João Pinheiro', NULL, NULL, 11, NULL, NULL, NULL),
(1977, 'Joaquim Felício', NULL, NULL, 11, NULL, NULL, NULL),
(1978, 'Jordânia', NULL, NULL, 11, NULL, NULL, NULL),
(1979, 'José Gonçalves de Minas', NULL, NULL, 11, NULL, NULL, NULL),
(1980, 'José Raydan', NULL, NULL, 11, NULL, NULL, NULL),
(1981, 'Josenópolis', NULL, NULL, 11, NULL, NULL, NULL),
(1982, 'Juatuba', NULL, NULL, 11, NULL, NULL, NULL),
(1983, 'Juiz de Fora', NULL, NULL, 11, NULL, NULL, NULL),
(1984, 'Juramento', NULL, NULL, 11, NULL, NULL, NULL),
(1985, 'Juruaia', NULL, NULL, 11, NULL, NULL, NULL),
(1986, 'Juvenília', NULL, NULL, 11, NULL, NULL, NULL),
(1987, 'Ladainha', NULL, NULL, 11, NULL, NULL, NULL),
(1988, 'Lagamar', NULL, NULL, 11, NULL, NULL, NULL),
(1989, 'Lagoa da Prata', NULL, NULL, 11, NULL, NULL, NULL),
(1990, 'Lagoa dos Patos', NULL, NULL, 11, NULL, NULL, NULL),
(1991, 'Lagoa Dourada', NULL, NULL, 11, NULL, NULL, NULL),
(1992, 'Lagoa Formosa', NULL, NULL, 11, NULL, NULL, NULL),
(1993, 'Lagoa Grande', NULL, NULL, 11, NULL, NULL, NULL),
(1994, 'Lagoa Santa', NULL, NULL, 11, NULL, NULL, NULL),
(1995, 'Lajinha', NULL, NULL, 11, NULL, NULL, NULL),
(1996, 'Lambari', NULL, NULL, 11, NULL, NULL, NULL),
(1997, 'Lamim', NULL, NULL, 11, NULL, NULL, NULL),
(1998, 'Laranjal', NULL, NULL, 11, NULL, NULL, NULL),
(1999, 'Lassance', NULL, NULL, 11, NULL, NULL, NULL),
(2000, 'Lavras', NULL, NULL, 11, NULL, NULL, NULL),
(2001, 'Leandro Ferreira', NULL, NULL, 11, NULL, NULL, NULL),
(2002, 'Leme do Prado', NULL, NULL, 11, NULL, NULL, NULL),
(2003, 'Leopoldina', NULL, NULL, 11, NULL, NULL, NULL),
(2004, 'Liberdade', NULL, NULL, 11, NULL, NULL, NULL),
(2005, 'Lima Duarte', NULL, NULL, 11, NULL, NULL, NULL),
(2006, 'Limeira do Oeste', NULL, NULL, 11, NULL, NULL, NULL),
(2007, 'Lontra', NULL, NULL, 11, NULL, NULL, NULL),
(2008, 'Luisburgo', NULL, NULL, 11, NULL, NULL, NULL),
(2009, 'Luislândia', NULL, NULL, 11, NULL, NULL, NULL),
(2010, 'Luminárias', NULL, NULL, 11, NULL, NULL, NULL),
(2011, 'Luz', NULL, NULL, 11, NULL, NULL, NULL),
(2012, 'Machacalis', NULL, NULL, 11, NULL, NULL, NULL),
(2013, 'Machado', NULL, NULL, 11, NULL, NULL, NULL),
(2014, 'Madre de Deus de Minas', NULL, NULL, 11, NULL, NULL, NULL),
(2015, 'Malacacheta', NULL, NULL, 11, NULL, NULL, NULL),
(2016, 'Mamonas', NULL, NULL, 11, NULL, NULL, NULL),
(2017, 'Manga', NULL, NULL, 11, NULL, NULL, NULL),
(2018, 'Manhuaçu', NULL, NULL, 11, NULL, NULL, NULL),
(2019, 'Manhumirim', NULL, NULL, 11, NULL, NULL, NULL),
(2020, 'Mantena', NULL, NULL, 11, NULL, NULL, NULL),
(2021, 'Mar de Espanha', NULL, NULL, 11, NULL, NULL, NULL),
(2022, 'Maravilhas', NULL, NULL, 11, NULL, NULL, NULL),
(2023, 'Maria da Fé', NULL, NULL, 11, NULL, NULL, NULL),
(2024, 'Mariana', NULL, NULL, 11, NULL, NULL, NULL),
(2025, 'Marilac', NULL, NULL, 11, NULL, NULL, NULL),
(2026, 'Mário Campos', NULL, NULL, 11, NULL, NULL, NULL),
(2027, 'Maripá de Minas', NULL, NULL, 11, NULL, NULL, NULL),
(2028, 'Marliéria', NULL, NULL, 11, NULL, NULL, NULL),
(2029, 'Marmelópolis', NULL, NULL, 11, NULL, NULL, NULL),
(2030, 'Martinho Campos', NULL, NULL, 11, NULL, NULL, NULL),
(2031, 'Martins Soares', NULL, NULL, 11, NULL, NULL, NULL),
(2032, 'Mata Verde', NULL, NULL, 11, NULL, NULL, NULL),
(2033, 'Materlândia', NULL, NULL, 11, NULL, NULL, NULL),
(2034, 'Mateus Leme', NULL, NULL, 11, NULL, NULL, NULL),
(2035, 'Mathias Lobato', NULL, NULL, 11, NULL, NULL, NULL),
(2036, 'Matias Barbosa', NULL, NULL, 11, NULL, NULL, NULL),
(2037, 'Matias Cardoso', NULL, NULL, 11, NULL, NULL, NULL),
(2038, 'Matipó', NULL, NULL, 11, NULL, NULL, NULL),
(2039, 'Mato Verde', NULL, NULL, 11, NULL, NULL, NULL),
(2040, 'Matozinhos', NULL, NULL, 11, NULL, NULL, NULL),
(2041, 'Matutina', NULL, NULL, 11, NULL, NULL, NULL),
(2042, 'Medeiros', NULL, NULL, 11, NULL, NULL, NULL),
(2043, 'Medina', NULL, NULL, 11, NULL, NULL, NULL),
(2044, 'Mendes Pimentel', NULL, NULL, 11, NULL, NULL, NULL),
(2045, 'Mercês', NULL, NULL, 11, NULL, NULL, NULL),
(2046, 'Mesquita', NULL, NULL, 11, NULL, NULL, NULL),
(2047, 'Minas Novas', NULL, NULL, 11, NULL, NULL, NULL),
(2048, 'Minduri', NULL, NULL, 11, NULL, NULL, NULL),
(2049, 'Mirabela', NULL, NULL, 11, NULL, NULL, NULL),
(2050, 'Miradouro', NULL, NULL, 11, NULL, NULL, NULL),
(2051, 'Miraí', NULL, NULL, 11, NULL, NULL, NULL),
(2052, 'Miravânia', NULL, NULL, 11, NULL, NULL, NULL),
(2053, 'Moeda', NULL, NULL, 11, NULL, NULL, NULL),
(2054, 'Moema', NULL, NULL, 11, NULL, NULL, NULL),
(2055, 'Monjolos', NULL, NULL, 11, NULL, NULL, NULL),
(2056, 'Monsenhor Paulo', NULL, NULL, 11, NULL, NULL, NULL),
(2057, 'Montalvânia', NULL, NULL, 11, NULL, NULL, NULL),
(2058, 'Monte Alegre de Minas', NULL, NULL, 11, NULL, NULL, NULL),
(2059, 'Monte Azul', NULL, NULL, 11, NULL, NULL, NULL),
(2060, 'Monte Belo', NULL, NULL, 11, NULL, NULL, NULL),
(2061, 'Monte Carmelo', NULL, NULL, 11, NULL, NULL, NULL),
(2062, 'Monte Formoso', NULL, NULL, 11, NULL, NULL, NULL),
(2063, 'Monte Santo de Minas', NULL, NULL, 11, NULL, NULL, NULL),
(2064, 'Monte Sião', NULL, NULL, 11, NULL, NULL, NULL),
(2065, 'Montes Claros', NULL, NULL, 11, NULL, NULL, NULL),
(2066, 'Montezuma', NULL, NULL, 11, NULL, NULL, NULL),
(2067, 'Morada Nova de Minas', NULL, NULL, 11, NULL, NULL, NULL),
(2068, 'Morro da Garça', NULL, NULL, 11, NULL, NULL, NULL),
(2069, 'Morro do Pilar', NULL, NULL, 11, NULL, NULL, NULL),
(2070, 'Munhoz', NULL, NULL, 11, NULL, NULL, NULL),
(2071, 'Muriaé', NULL, NULL, 11, NULL, NULL, NULL),
(2072, 'Mutum', NULL, NULL, 11, NULL, NULL, NULL),
(2073, 'Muzambinho', NULL, NULL, 11, NULL, NULL, NULL),
(2074, 'Nacip Raydan', NULL, NULL, 11, NULL, NULL, NULL),
(2075, 'Nanuque', NULL, NULL, 11, NULL, NULL, NULL),
(2076, 'Naque', NULL, NULL, 11, NULL, NULL, NULL),
(2077, 'Natalândia', NULL, NULL, 11, NULL, NULL, NULL),
(2078, 'Natércia', NULL, NULL, 11, NULL, NULL, NULL),
(2079, 'Nazareno', NULL, NULL, 11, NULL, NULL, NULL),
(2080, 'Nepomuceno', NULL, NULL, 11, NULL, NULL, NULL),
(2081, 'Ninheira', NULL, NULL, 11, NULL, NULL, NULL),
(2082, 'Nova Belém', NULL, NULL, 11, NULL, NULL, NULL),
(2083, 'Nova Era', NULL, NULL, 11, NULL, NULL, NULL),
(2084, 'Nova Lima', NULL, NULL, 11, NULL, NULL, NULL),
(2085, 'Nova Módica', NULL, NULL, 11, NULL, NULL, NULL),
(2086, 'Nova Ponte', NULL, NULL, 11, NULL, NULL, NULL),
(2087, 'Nova Porteirinha', NULL, NULL, 11, NULL, NULL, NULL),
(2088, 'Nova Resende', NULL, NULL, 11, NULL, NULL, NULL),
(2089, 'Nova Serrana', NULL, NULL, 11, NULL, NULL, NULL),
(2090, 'Nova União', NULL, NULL, 11, NULL, NULL, NULL),
(2091, 'Novo Cruzeiro', NULL, NULL, 11, NULL, NULL, NULL),
(2092, 'Novo Oriente de Minas', NULL, NULL, 11, NULL, NULL, NULL),
(2093, 'Novorizonte', NULL, NULL, 11, NULL, NULL, NULL),
(2094, 'Olaria', NULL, NULL, 11, NULL, NULL, NULL),
(2095, 'Olhos-d`Água', NULL, NULL, 11, NULL, NULL, NULL),
(2096, 'Olímpio Noronha', NULL, NULL, 11, NULL, NULL, NULL),
(2097, 'Oliveira', NULL, NULL, 11, NULL, NULL, NULL),
(2098, 'Oliveira Fortes', NULL, NULL, 11, NULL, NULL, NULL),
(2099, 'Onça de Pitangui', NULL, NULL, 11, NULL, NULL, NULL),
(2100, 'Oratórios', NULL, NULL, 11, NULL, NULL, NULL),
(2101, 'Orizânia', NULL, NULL, 11, NULL, NULL, NULL),
(2102, 'Ouro Branco', NULL, NULL, 11, NULL, NULL, NULL),
(2103, 'Ouro Fino', NULL, NULL, 11, NULL, NULL, NULL),
(2104, 'Ouro Preto', NULL, NULL, 11, NULL, NULL, NULL),
(2105, 'Ouro Verde de Minas', NULL, NULL, 11, NULL, NULL, NULL),
(2106, 'Padre Carvalho', NULL, NULL, 11, NULL, NULL, NULL),
(2107, 'Padre Paraíso', NULL, NULL, 11, NULL, NULL, NULL),
(2108, 'Pai Pedro', NULL, NULL, 11, NULL, NULL, NULL),
(2109, 'Paineiras', NULL, NULL, 11, NULL, NULL, NULL),
(2110, 'Pains', NULL, NULL, 11, NULL, NULL, NULL),
(2111, 'Paiva', NULL, NULL, 11, NULL, NULL, NULL),
(2112, 'Palma', NULL, NULL, 11, NULL, NULL, NULL),
(2113, 'Palmópolis', NULL, NULL, 11, NULL, NULL, NULL),
(2114, 'Papagaios', NULL, NULL, 11, NULL, NULL, NULL),
(2115, 'Pará de Minas', NULL, NULL, 11, NULL, NULL, NULL),
(2116, 'Paracatu', NULL, NULL, 11, NULL, NULL, NULL),
(2117, 'Paraguaçu', NULL, NULL, 11, NULL, NULL, NULL),
(2118, 'Paraisópolis', NULL, NULL, 11, NULL, NULL, NULL),
(2119, 'Paraopeba', NULL, NULL, 11, NULL, NULL, NULL),
(2120, 'Passa Quatro', NULL, NULL, 11, NULL, NULL, NULL),
(2121, 'Passa Tempo', NULL, NULL, 11, NULL, NULL, NULL),
(2122, 'Passabém', NULL, NULL, 11, NULL, NULL, NULL),
(2123, 'Passa-Vinte', NULL, NULL, 11, NULL, NULL, NULL),
(2124, 'Passos', NULL, NULL, 11, NULL, NULL, NULL),
(2125, 'Patis', NULL, NULL, 11, NULL, NULL, NULL),
(2126, 'Patos de Minas', NULL, NULL, 11, NULL, NULL, NULL),
(2127, 'Patrocínio', NULL, NULL, 11, NULL, NULL, NULL),
(2128, 'Patrocínio do Muriaé', NULL, NULL, 11, NULL, NULL, NULL),
(2129, 'Paula Cândido', NULL, NULL, 11, NULL, NULL, NULL),
(2130, 'Paulistas', NULL, NULL, 11, NULL, NULL, NULL),
(2131, 'Pavão', NULL, NULL, 11, NULL, NULL, NULL),
(2132, 'Peçanha', NULL, NULL, 11, NULL, NULL, NULL),
(2133, 'Pedra Azul', NULL, NULL, 11, NULL, NULL, NULL),
(2134, 'Pedra Bonita', NULL, NULL, 11, NULL, NULL, NULL),
(2135, 'Pedra do Anta', NULL, NULL, 11, NULL, NULL, NULL),
(2136, 'Pedra do Indaiá', NULL, NULL, 11, NULL, NULL, NULL),
(2137, 'Pedra Dourada', NULL, NULL, 11, NULL, NULL, NULL),
(2138, 'Pedralva', NULL, NULL, 11, NULL, NULL, NULL),
(2139, 'Pedras de Maria da Cruz', NULL, NULL, 11, NULL, NULL, NULL),
(2140, 'Pedrinópolis', NULL, NULL, 11, NULL, NULL, NULL),
(2141, 'Pedro Leopoldo', NULL, NULL, 11, NULL, NULL, NULL),
(2142, 'Pedro Teixeira', NULL, NULL, 11, NULL, NULL, NULL),
(2143, 'Pequeri', NULL, NULL, 11, NULL, NULL, NULL),
(2144, 'Pequi', NULL, NULL, 11, NULL, NULL, NULL),
(2145, 'Perdigão', NULL, NULL, 11, NULL, NULL, NULL),
(2146, 'Perdizes', NULL, NULL, 11, NULL, NULL, NULL),
(2147, 'Perdões', NULL, NULL, 11, NULL, NULL, NULL),
(2148, 'Periquito', NULL, NULL, 11, NULL, NULL, NULL),
(2149, 'Pescador', NULL, NULL, 11, NULL, NULL, NULL),
(2150, 'Piau', NULL, NULL, 11, NULL, NULL, NULL),
(2151, 'Piedade de Caratinga', NULL, NULL, 11, NULL, NULL, NULL),
(2152, 'Piedade de Ponte Nova', NULL, NULL, 11, NULL, NULL, NULL),
(2153, 'Piedade do Rio Grande', NULL, NULL, 11, NULL, NULL, NULL),
(2154, 'Piedade dos Gerais', NULL, NULL, 11, NULL, NULL, NULL),
(2155, 'Pimenta', NULL, NULL, 11, NULL, NULL, NULL),
(2156, 'Pingo-d`Água', NULL, NULL, 11, NULL, NULL, NULL),
(2157, 'Pintópolis', NULL, NULL, 11, NULL, NULL, NULL),
(2158, 'Piracema', NULL, NULL, 11, NULL, NULL, NULL),
(2159, 'Pirajuba', NULL, NULL, 11, NULL, NULL, NULL),
(2160, 'Piranga', NULL, NULL, 11, NULL, NULL, NULL),
(2161, 'Piranguçu', NULL, NULL, 11, NULL, NULL, NULL),
(2162, 'Piranguinho', NULL, NULL, 11, NULL, NULL, NULL),
(2163, 'Pirapetinga', NULL, NULL, 11, NULL, NULL, NULL),
(2164, 'Pirapora', NULL, NULL, 11, NULL, NULL, NULL),
(2165, 'Piraúba', NULL, NULL, 11, NULL, NULL, NULL),
(2166, 'Pitangui', NULL, NULL, 11, NULL, NULL, NULL),
(2167, 'Piumhi', NULL, NULL, 11, NULL, NULL, NULL),
(2168, 'Planura', NULL, NULL, 11, NULL, NULL, NULL),
(2169, 'Poço Fundo', NULL, NULL, 11, NULL, NULL, NULL),
(2170, 'Poços de Caldas', NULL, NULL, 11, NULL, NULL, NULL),
(2171, 'Pocrane', NULL, NULL, 11, NULL, NULL, NULL),
(2172, 'Pompéu', NULL, NULL, 11, NULL, NULL, NULL),
(2173, 'Ponte Nova', NULL, NULL, 11, NULL, NULL, NULL),
(2174, 'Ponto Chique', NULL, NULL, 11, NULL, NULL, NULL),
(2175, 'Ponto dos Volantes', NULL, NULL, 11, NULL, NULL, NULL),
(2176, 'Porteirinha', NULL, NULL, 11, NULL, NULL, NULL),
(2177, 'Porto Firme', NULL, NULL, 11, NULL, NULL, NULL),
(2178, 'Poté', NULL, NULL, 11, NULL, NULL, NULL),
(2179, 'Pouso Alegre', NULL, NULL, 11, NULL, NULL, NULL),
(2180, 'Pouso Alto', NULL, NULL, 11, NULL, NULL, NULL),
(2181, 'Prados', NULL, NULL, 11, NULL, NULL, NULL),
(2182, 'Prata', NULL, NULL, 11, NULL, NULL, NULL),
(2183, 'Pratápolis', NULL, NULL, 11, NULL, NULL, NULL),
(2184, 'Pratinha', NULL, NULL, 11, NULL, NULL, NULL),
(2185, 'Presidente Bernardes', NULL, NULL, 11, NULL, NULL, NULL),
(2186, 'Presidente Juscelino', NULL, NULL, 11, NULL, NULL, NULL),
(2187, 'Presidente Kubitschek', NULL, NULL, 11, NULL, NULL, NULL),
(2188, 'Presidente Olegário', NULL, NULL, 11, NULL, NULL, NULL),
(2189, 'Prudente de Morais', NULL, NULL, 11, NULL, NULL, NULL),
(2190, 'Quartel Geral', NULL, NULL, 11, NULL, NULL, NULL),
(2191, 'Queluzito', NULL, NULL, 11, NULL, NULL, NULL),
(2192, 'Raposos', NULL, NULL, 11, NULL, NULL, NULL),
(2193, 'Raul Soares', NULL, NULL, 11, NULL, NULL, NULL),
(2194, 'Recreio', NULL, NULL, 11, NULL, NULL, NULL),
(2195, 'Reduto', NULL, NULL, 11, NULL, NULL, NULL),
(2196, 'Resende Costa', NULL, NULL, 11, NULL, NULL, NULL),
(2197, 'Resplendor', NULL, NULL, 11, NULL, NULL, NULL),
(2198, 'Ressaquinha', NULL, NULL, 11, NULL, NULL, NULL),
(2199, 'Riachinho', NULL, NULL, 11, NULL, NULL, NULL),
(2200, 'Riacho dos Machados', NULL, NULL, 11, NULL, NULL, NULL),
(2201, 'Ribeirão das Neves', NULL, NULL, 11, NULL, NULL, NULL),
(2202, 'Ribeirão Vermelho', NULL, NULL, 11, NULL, NULL, NULL),
(2203, 'Rio Acima', NULL, NULL, 11, NULL, NULL, NULL),
(2204, 'Rio Casca', NULL, NULL, 11, NULL, NULL, NULL),
(2205, 'Rio do Prado', NULL, NULL, 11, NULL, NULL, NULL),
(2206, 'Rio Doce', NULL, NULL, 11, NULL, NULL, NULL),
(2207, 'Rio Espera', NULL, NULL, 11, NULL, NULL, NULL),
(2208, 'Rio Manso', NULL, NULL, 11, NULL, NULL, NULL),
(2209, 'Rio Novo', NULL, NULL, 11, NULL, NULL, NULL),
(2210, 'Rio Paranaíba', NULL, NULL, 11, NULL, NULL, NULL),
(2211, 'Rio Pardo de Minas', NULL, NULL, 11, NULL, NULL, NULL),
(2212, 'Rio Piracicaba', NULL, NULL, 11, NULL, NULL, NULL),
(2213, 'Rio Pomba', NULL, NULL, 11, NULL, NULL, NULL),
(2214, 'Rio Preto', NULL, NULL, 11, NULL, NULL, NULL),
(2215, 'Rio Vermelho', NULL, NULL, 11, NULL, NULL, NULL),
(2216, 'Ritápolis', NULL, NULL, 11, NULL, NULL, NULL),
(2217, 'Rochedo de Minas', NULL, NULL, 11, NULL, NULL, NULL),
(2218, 'Rodeiro', NULL, NULL, 11, NULL, NULL, NULL),
(2219, 'Romaria', NULL, NULL, 11, NULL, NULL, NULL),
(2220, 'Rosário da Limeira', NULL, NULL, 11, NULL, NULL, NULL),
(2221, 'Rubelita', NULL, NULL, 11, NULL, NULL, NULL),
(2222, 'Rubim', NULL, NULL, 11, NULL, NULL, NULL),
(2223, 'Sabará', NULL, NULL, 11, NULL, NULL, NULL),
(2224, 'Sabinópolis', NULL, NULL, 11, NULL, NULL, NULL),
(2225, 'Sacramento', NULL, NULL, 11, NULL, NULL, NULL),
(2226, 'Salinas', NULL, NULL, 11, NULL, NULL, NULL),
(2227, 'Salto da Divisa', NULL, NULL, 11, NULL, NULL, NULL),
(2228, 'Santa Bárbara', NULL, NULL, 11, NULL, NULL, NULL),
(2229, 'Santa Bárbara do Leste', NULL, NULL, 11, NULL, NULL, NULL),
(2230, 'Santa Bárbara do Monte Verde', NULL, NULL, 11, NULL, NULL, NULL),
(2231, 'Santa Bárbara do Tugúrio', NULL, NULL, 11, NULL, NULL, NULL),
(2232, 'Santa Cruz de Minas', NULL, NULL, 11, NULL, NULL, NULL),
(2233, 'Santa Cruz de Salinas', NULL, NULL, 11, NULL, NULL, NULL),
(2234, 'Santa Cruz do Escalvado', NULL, NULL, 11, NULL, NULL, NULL),
(2235, 'Santa Efigênia de Minas', NULL, NULL, 11, NULL, NULL, NULL),
(2236, 'Santa Fé de Minas', NULL, NULL, 11, NULL, NULL, NULL),
(2237, 'Santa Helena de Minas', NULL, NULL, 11, NULL, NULL, NULL),
(2238, 'Santa Juliana', NULL, NULL, 11, NULL, NULL, NULL),
(2239, 'Santa Luzia', NULL, NULL, 11, NULL, NULL, NULL),
(2240, 'Santa Margarida', NULL, NULL, 11, NULL, NULL, NULL),
(2241, 'Santa Maria de Itabira', NULL, NULL, 11, NULL, NULL, NULL),
(2242, 'Santa Maria do Salto', NULL, NULL, 11, NULL, NULL, NULL),
(2243, 'Santa Maria do Suaçuí', NULL, NULL, 11, NULL, NULL, NULL),
(2244, 'Santa Rita de Caldas', NULL, NULL, 11, NULL, NULL, NULL),
(2245, 'Santa Rita de Ibitipoca', NULL, NULL, 11, NULL, NULL, NULL),
(2246, 'Santa Rita de Jacutinga', NULL, NULL, 11, NULL, NULL, NULL),
(2247, 'Santa Rita de Minas', NULL, NULL, 11, NULL, NULL, NULL),
(2248, 'Santa Rita do Itueto', NULL, NULL, 11, NULL, NULL, NULL),
(2249, 'Santa Rita do Sapucaí', NULL, NULL, 11, NULL, NULL, NULL),
(2250, 'Santa Rosa da Serra', NULL, NULL, 11, NULL, NULL, NULL),
(2251, 'Santa Vitória', NULL, NULL, 11, NULL, NULL, NULL),
(2252, 'Santana da Vargem', NULL, NULL, 11, NULL, NULL, NULL),
(2253, 'Santana de Cataguases', NULL, NULL, 11, NULL, NULL, NULL),
(2254, 'Santana de Pirapama', NULL, NULL, 11, NULL, NULL, NULL),
(2255, 'Santana do Deserto', NULL, NULL, 11, NULL, NULL, NULL),
(2256, 'Santana do Garambéu', NULL, NULL, 11, NULL, NULL, NULL),
(2257, 'Santana do Jacaré', NULL, NULL, 11, NULL, NULL, NULL),
(2258, 'Santana do Manhuaçu', NULL, NULL, 11, NULL, NULL, NULL),
(2259, 'Santana do Paraíso', NULL, NULL, 11, NULL, NULL, NULL),
(2260, 'Santana do Riacho', NULL, NULL, 11, NULL, NULL, NULL),
(2261, 'Santana dos Montes', NULL, NULL, 11, NULL, NULL, NULL),
(2262, 'Santo Antônio do Amparo', NULL, NULL, 11, NULL, NULL, NULL),
(2263, 'Santo Antônio do Aventureiro', NULL, NULL, 11, NULL, NULL, NULL),
(2264, 'Santo Antônio do Grama', NULL, NULL, 11, NULL, NULL, NULL),
(2265, 'Santo Antônio do Itambé', NULL, NULL, 11, NULL, NULL, NULL),
(2266, 'Santo Antônio do Jacinto', NULL, NULL, 11, NULL, NULL, NULL),
(2267, 'Santo Antônio do Monte', NULL, NULL, 11, NULL, NULL, NULL),
(2268, 'Santo Antônio do Retiro', NULL, NULL, 11, NULL, NULL, NULL),
(2269, 'Santo Antônio do Rio Abaixo', NULL, NULL, 11, NULL, NULL, NULL),
(2270, 'Santo Hipólito', NULL, NULL, 11, NULL, NULL, NULL),
(2271, 'Santos Dumont', NULL, NULL, 11, NULL, NULL, NULL),
(2272, 'São Bento Abade', NULL, NULL, 11, NULL, NULL, NULL),
(2273, 'São Brás do Suaçuí', NULL, NULL, 11, NULL, NULL, NULL),
(2274, 'São Domingos das Dores', NULL, NULL, 11, NULL, NULL, NULL),
(2275, 'São Domingos do Prata', NULL, NULL, 11, NULL, NULL, NULL),
(2276, 'São Félix de Minas', NULL, NULL, 11, NULL, NULL, NULL),
(2277, 'São Francisco', NULL, NULL, 11, NULL, NULL, NULL),
(2278, 'São Francisco de Paula', NULL, NULL, 11, NULL, NULL, NULL),
(2279, 'São Francisco de Sales', NULL, NULL, 11, NULL, NULL, NULL),
(2280, 'São Francisco do Glória', NULL, NULL, 11, NULL, NULL, NULL),
(2281, 'São Geraldo', NULL, NULL, 11, NULL, NULL, NULL),
(2282, 'São Geraldo da Piedade', NULL, NULL, 11, NULL, NULL, NULL),
(2283, 'São Geraldo do Baixio', NULL, NULL, 11, NULL, NULL, NULL),
(2284, 'São Gonçalo do Abaeté', NULL, NULL, 11, NULL, NULL, NULL),
(2285, 'São Gonçalo do Pará', NULL, NULL, 11, NULL, NULL, NULL),
(2286, 'São Gonçalo do Rio Abaixo', NULL, NULL, 11, NULL, NULL, NULL),
(2287, 'São Gonçalo do Rio Preto', NULL, NULL, 11, NULL, NULL, NULL),
(2288, 'São Gonçalo do Sapucaí', NULL, NULL, 11, NULL, NULL, NULL),
(2289, 'São Gotardo', NULL, NULL, 11, NULL, NULL, NULL),
(2290, 'São João Batista do Glória', NULL, NULL, 11, NULL, NULL, NULL),
(2291, 'São João da Lagoa', NULL, NULL, 11, NULL, NULL, NULL),
(2292, 'São João da Mata', NULL, NULL, 11, NULL, NULL, NULL),
(2293, 'São João da Ponte', NULL, NULL, 11, NULL, NULL, NULL),
(2294, 'São João das Missões', NULL, NULL, 11, NULL, NULL, NULL),
(2295, 'São João del Rei', NULL, NULL, 11, NULL, NULL, NULL),
(2296, 'São João do Manhuaçu', NULL, NULL, 11, NULL, NULL, NULL),
(2297, 'São João do Manteninha', NULL, NULL, 11, NULL, NULL, NULL),
(2298, 'São João do Oriente', NULL, NULL, 11, NULL, NULL, NULL),
(2299, 'São João do Pacuí', NULL, NULL, 11, NULL, NULL, NULL),
(2300, 'São João do Paraíso', NULL, NULL, 11, NULL, NULL, NULL),
(2301, 'São João Evangelista', NULL, NULL, 11, NULL, NULL, NULL),
(2302, 'São João Nepomuceno', NULL, NULL, 11, NULL, NULL, NULL),
(2303, 'São Joaquim de Bicas', NULL, NULL, 11, NULL, NULL, NULL),
(2304, 'São José da Barra', NULL, NULL, 11, NULL, NULL, NULL),
(2305, 'São José da Lapa', NULL, NULL, 11, NULL, NULL, NULL),
(2306, 'São José da Safira', NULL, NULL, 11, NULL, NULL, NULL),
(2307, 'São José da Varginha', NULL, NULL, 11, NULL, NULL, NULL),
(2308, 'São José do Alegre', NULL, NULL, 11, NULL, NULL, NULL),
(2309, 'São José do Divino', NULL, NULL, 11, NULL, NULL, NULL),
(2310, 'São José do Goiabal', NULL, NULL, 11, NULL, NULL, NULL),
(2311, 'São José do Jacuri', NULL, NULL, 11, NULL, NULL, NULL),
(2312, 'São José do Mantimento', NULL, NULL, 11, NULL, NULL, NULL),
(2313, 'São Lourenço', NULL, NULL, 11, NULL, NULL, NULL),
(2314, 'São Miguel do Anta', NULL, NULL, 11, NULL, NULL, NULL),
(2315, 'São Pedro da União', NULL, NULL, 11, NULL, NULL, NULL),
(2316, 'São Pedro do Suaçuí', NULL, NULL, 11, NULL, NULL, NULL),
(2317, 'São Pedro dos Ferros', NULL, NULL, 11, NULL, NULL, NULL),
(2318, 'São Romão', NULL, NULL, 11, NULL, NULL, NULL),
(2319, 'São Roque de Minas', NULL, NULL, 11, NULL, NULL, NULL),
(2320, 'São Sebastião da Bela Vista', NULL, NULL, 11, NULL, NULL, NULL),
(2321, 'São Sebastião da Vargem Alegre', NULL, NULL, 11, NULL, NULL, NULL),
(2322, 'São Sebastião do Anta', NULL, NULL, 11, NULL, NULL, NULL),
(2323, 'São Sebastião do Maranhão', NULL, NULL, 11, NULL, NULL, NULL),
(2324, 'São Sebastião do Oeste', NULL, NULL, 11, NULL, NULL, NULL),
(2325, 'São Sebastião do Paraíso', NULL, NULL, 11, NULL, NULL, NULL),
(2326, 'São Sebastião do Rio Preto', NULL, NULL, 11, NULL, NULL, NULL),
(2327, 'São Sebastião do Rio Verde', NULL, NULL, 11, NULL, NULL, NULL),
(2328, 'São Thomé das Letras', NULL, NULL, 11, NULL, NULL, NULL),
(2329, 'São Tiago', NULL, NULL, 11, NULL, NULL, NULL),
(2330, 'São Tomás de Aquino', NULL, NULL, 11, NULL, NULL, NULL),
(2331, 'São Vicente de Minas', NULL, NULL, 11, NULL, NULL, NULL),
(2332, 'Sapucaí-Mirim', NULL, NULL, 11, NULL, NULL, NULL),
(2333, 'Sardoá', NULL, NULL, 11, NULL, NULL, NULL),
(2334, 'Sarzedo', NULL, NULL, 11, NULL, NULL, NULL),
(2335, 'Sem-Peixe', NULL, NULL, 11, NULL, NULL, NULL),
(2336, 'Senador Amaral', NULL, NULL, 11, NULL, NULL, NULL),
(2337, 'Senador Cortes', NULL, NULL, 11, NULL, NULL, NULL),
(2338, 'Senador Firmino', NULL, NULL, 11, NULL, NULL, NULL),
(2339, 'Senador José Bento', NULL, NULL, 11, NULL, NULL, NULL),
(2340, 'Senador Modestino Gonçalves', NULL, NULL, 11, NULL, NULL, NULL),
(2341, 'Senhora de Oliveira', NULL, NULL, 11, NULL, NULL, NULL),
(2342, 'Senhora do Porto', NULL, NULL, 11, NULL, NULL, NULL),
(2343, 'Senhora dos Remédios', NULL, NULL, 11, NULL, NULL, NULL),
(2344, 'Sericita', NULL, NULL, 11, NULL, NULL, NULL),
(2345, 'Seritinga', NULL, NULL, 11, NULL, NULL, NULL),
(2346, 'Serra Azul de Minas', NULL, NULL, 11, NULL, NULL, NULL),
(2347, 'Serra da Saudade', NULL, NULL, 11, NULL, NULL, NULL),
(2348, 'Serra do Salitre', NULL, NULL, 11, NULL, NULL, NULL),
(2349, 'Serra dos Aimorés', NULL, NULL, 11, NULL, NULL, NULL),
(2350, 'Serrania', NULL, NULL, 11, NULL, NULL, NULL),
(2351, 'Serranópolis de Minas', NULL, NULL, 11, NULL, NULL, NULL),
(2352, 'Serranos', NULL, NULL, 11, NULL, NULL, NULL),
(2353, 'Serro', NULL, NULL, 11, NULL, NULL, NULL),
(2354, 'Sete Lagoas', NULL, NULL, 11, NULL, NULL, NULL),
(2355, 'Setubinha', NULL, NULL, 11, NULL, NULL, NULL),
(2356, 'Silveirânia', NULL, NULL, 11, NULL, NULL, NULL),
(2357, 'Silvianópolis', NULL, NULL, 11, NULL, NULL, NULL),
(2358, 'Simão Pereira', NULL, NULL, 11, NULL, NULL, NULL),
(2359, 'Simonésia', NULL, NULL, 11, NULL, NULL, NULL),
(2360, 'Sobrália', NULL, NULL, 11, NULL, NULL, NULL),
(2361, 'Soledade de Minas', NULL, NULL, 11, NULL, NULL, NULL),
(2362, 'Tabuleiro', NULL, NULL, 11, NULL, NULL, NULL),
(2363, 'Taiobeiras', NULL, NULL, 11, NULL, NULL, NULL),
(2364, 'Taparuba', NULL, NULL, 11, NULL, NULL, NULL),
(2365, 'Tapira', NULL, NULL, 11, NULL, NULL, NULL),
(2366, 'Tapiraí', NULL, NULL, 11, NULL, NULL, NULL),
(2367, 'Taquaraçu de Minas', NULL, NULL, 11, NULL, NULL, NULL),
(2368, 'Tarumirim', NULL, NULL, 11, NULL, NULL, NULL),
(2369, 'Teixeiras', NULL, NULL, 11, NULL, NULL, NULL),
(2370, 'Teófilo Otoni', NULL, NULL, 11, NULL, NULL, NULL),
(2371, 'Timóteo', NULL, NULL, 11, NULL, NULL, NULL),
(2372, 'Tiradentes', NULL, NULL, 11, NULL, NULL, NULL),
(2373, 'Tiros', NULL, NULL, 11, NULL, NULL, NULL),
(2374, 'Tocantins', NULL, NULL, 11, NULL, NULL, NULL),
(2375, 'Tocos do Moji', NULL, NULL, 11, NULL, NULL, NULL),
(2376, 'Toledo', NULL, NULL, 11, NULL, NULL, NULL),
(2377, 'Tombos', NULL, NULL, 11, NULL, NULL, NULL),
(2378, 'Três Corações', NULL, NULL, 11, NULL, NULL, NULL),
(2379, 'Três Marias', NULL, NULL, 11, NULL, NULL, NULL),
(2380, 'Três Pontas', NULL, NULL, 11, NULL, NULL, NULL),
(2381, 'Tumiritinga', NULL, NULL, 11, NULL, NULL, NULL),
(2382, 'Tupaciguara', NULL, NULL, 11, NULL, NULL, NULL),
(2383, 'Turmalina', NULL, NULL, 11, NULL, NULL, NULL),
(2384, 'Turvolândia', NULL, NULL, 11, NULL, NULL, NULL),
(2385, 'Ubá', NULL, NULL, 11, NULL, NULL, NULL),
(2386, 'Ubaí', NULL, NULL, 11, NULL, NULL, NULL),
(2387, 'Ubaporanga', NULL, NULL, 11, NULL, NULL, NULL),
(2388, 'Uberaba', NULL, NULL, 11, NULL, NULL, NULL),
(2389, 'Uberlândia', NULL, NULL, 11, NULL, NULL, NULL),
(2390, 'Umburatiba', NULL, NULL, 11, NULL, NULL, NULL),
(2391, 'Unaí', NULL, NULL, 11, NULL, NULL, NULL),
(2392, 'União de Minas', NULL, NULL, 11, NULL, NULL, NULL),
(2393, 'Uruana de Minas', NULL, NULL, 11, NULL, NULL, NULL),
(2394, 'Urucânia', NULL, NULL, 11, NULL, NULL, NULL),
(2395, 'Urucuia', NULL, NULL, 11, NULL, NULL, NULL),
(2396, 'Vargem Alegre', NULL, NULL, 11, NULL, NULL, NULL),
(2397, 'Vargem Bonita', NULL, NULL, 11, NULL, NULL, NULL),
(2398, 'Vargem Grande do Rio Pardo', NULL, NULL, 11, NULL, NULL, NULL),
(2399, 'Varginha', NULL, NULL, 11, NULL, NULL, NULL),
(2400, 'Varjão de Minas', NULL, NULL, 11, NULL, NULL, NULL),
(2401, 'Várzea da Palma', NULL, NULL, 11, NULL, NULL, NULL),
(2402, 'Varzelândia', NULL, NULL, 11, NULL, NULL, NULL),
(2403, 'Vazante', NULL, NULL, 11, NULL, NULL, NULL),
(2404, 'Verdelândia', NULL, NULL, 11, NULL, NULL, NULL),
(2405, 'Veredinha', NULL, NULL, 11, NULL, NULL, NULL),
(2406, 'Veríssimo', NULL, NULL, 11, NULL, NULL, NULL),
(2407, 'Vermelho Novo', NULL, NULL, 11, NULL, NULL, NULL),
(2408, 'Vespasiano', NULL, NULL, 11, NULL, NULL, NULL),
(2409, 'Viçosa', NULL, NULL, 11, NULL, NULL, NULL),
(2410, 'Vieiras', NULL, NULL, 11, NULL, NULL, NULL),
(2411, 'Virgem da Lapa', NULL, NULL, 11, NULL, NULL, NULL),
(2412, 'Virgínia', NULL, NULL, 11, NULL, NULL, NULL),
(2413, 'Virginópolis', NULL, NULL, 11, NULL, NULL, NULL),
(2414, 'Virgolândia', NULL, NULL, 11, NULL, NULL, NULL),
(2415, 'Visconde do Rio Branco', NULL, NULL, 11, NULL, NULL, NULL),
(2416, 'Volta Grande', NULL, NULL, 11, NULL, NULL, NULL),
(2417, 'Wenceslau Braz', NULL, NULL, 11, NULL, NULL, NULL),
(2418, 'Abaetetuba', NULL, NULL, 14, NULL, NULL, NULL),
(2419, 'Abel Figueiredo', NULL, NULL, 14, NULL, NULL, NULL),
(2420, 'Acará', NULL, NULL, 14, NULL, NULL, NULL),
(2421, 'Afuá', NULL, NULL, 14, NULL, NULL, NULL),
(2422, 'Água Azul do Norte', NULL, NULL, 14, NULL, NULL, NULL),
(2423, 'Alenquer', NULL, NULL, 14, NULL, NULL, NULL),
(2424, 'Almeirim', NULL, NULL, 14, NULL, NULL, NULL),
(2425, 'Altamira', NULL, NULL, 14, NULL, NULL, NULL),
(2426, 'Anajás', NULL, NULL, 14, NULL, NULL, NULL),
(2427, 'Ananindeua', NULL, NULL, 14, NULL, NULL, NULL),
(2428, 'Anapu', NULL, NULL, 14, NULL, NULL, NULL),
(2429, 'Augusto Corrêa', NULL, NULL, 14, NULL, NULL, NULL),
(2430, 'Aurora do Pará', NULL, NULL, 14, NULL, NULL, NULL),
(2431, 'Aveiro', NULL, NULL, 14, NULL, NULL, NULL),
(2432, 'Bagre', NULL, NULL, 14, NULL, NULL, NULL),
(2433, 'Baião', NULL, NULL, 14, NULL, NULL, NULL),
(2434, 'Bannach', NULL, NULL, 14, NULL, NULL, NULL),
(2435, 'Barcarena', NULL, NULL, 14, NULL, NULL, NULL),
(2436, 'Belém', NULL, NULL, 14, NULL, NULL, NULL),
(2437, 'Belterra', NULL, NULL, 14, NULL, NULL, NULL),
(2438, 'Benevides', NULL, NULL, 14, NULL, NULL, NULL),
(2439, 'Bom Jesus do Tocantins', NULL, NULL, 14, NULL, NULL, NULL),
(2440, 'Bonito', NULL, NULL, 14, NULL, NULL, NULL),
(2441, 'Bragança', NULL, NULL, 14, NULL, NULL, NULL),
(2442, 'Brasil Novo', NULL, NULL, 14, NULL, NULL, NULL),
(2443, 'Brejo Grande do Araguaia', NULL, NULL, 14, NULL, NULL, NULL),
(2444, 'Breu Branco', NULL, NULL, 14, NULL, NULL, NULL),
(2445, 'Breves', NULL, NULL, 14, NULL, NULL, NULL),
(2446, 'Bujaru', NULL, NULL, 14, NULL, NULL, NULL),
(2447, 'Cachoeira do Arari', NULL, NULL, 14, NULL, NULL, NULL),
(2448, 'Cachoeira do Piriá', NULL, NULL, 14, NULL, NULL, NULL),
(2449, 'Cametá', NULL, NULL, 14, NULL, NULL, NULL),
(2450, 'Canaã dos Carajás', NULL, NULL, 14, NULL, NULL, NULL),
(2451, 'Capanema', NULL, NULL, 14, NULL, NULL, NULL),
(2452, 'Capitão Poço', NULL, NULL, 14, NULL, NULL, NULL),
(2453, 'Castanhal', NULL, NULL, 14, NULL, NULL, NULL),
(2454, 'Chaves', NULL, NULL, 14, NULL, NULL, NULL),
(2455, 'Colares', NULL, NULL, 14, NULL, NULL, NULL),
(2456, 'Conceição do Araguaia', NULL, NULL, 14, NULL, NULL, NULL),
(2457, 'Concórdia do Pará', NULL, NULL, 14, NULL, NULL, NULL),
(2458, 'Cumaru do Norte', NULL, NULL, 14, NULL, NULL, NULL),
(2459, 'Curionópolis', NULL, NULL, 14, NULL, NULL, NULL),
(2460, 'Curralinho', NULL, NULL, 14, NULL, NULL, NULL),
(2461, 'Curuá', NULL, NULL, 14, NULL, NULL, NULL),
(2462, 'Curuçá', NULL, NULL, 14, NULL, NULL, NULL),
(2463, 'Dom Eliseu', NULL, NULL, 14, NULL, NULL, NULL),
(2464, 'Eldorado dos Carajás', NULL, NULL, 14, NULL, NULL, NULL),
(2465, 'Faro', NULL, NULL, 14, NULL, NULL, NULL),
(2466, 'Floresta do Araguaia', NULL, NULL, 14, NULL, NULL, NULL),
(2467, 'Garrafão do Norte', NULL, NULL, 14, NULL, NULL, NULL),
(2468, 'Goianésia do Pará', NULL, NULL, 14, NULL, NULL, NULL),
(2469, 'Gurupá', NULL, NULL, 14, NULL, NULL, NULL),
(2470, 'Igarapé-Açu', NULL, NULL, 14, NULL, NULL, NULL),
(2471, 'Igarapé-Miri', NULL, NULL, 14, NULL, NULL, NULL),
(2472, 'Inhangapi', NULL, NULL, 14, NULL, NULL, NULL),
(2473, 'Ipixuna do Pará', NULL, NULL, 14, NULL, NULL, NULL),
(2474, 'Irituia', NULL, NULL, 14, NULL, NULL, NULL),
(2475, 'Itaituba', NULL, NULL, 14, NULL, NULL, NULL),
(2476, 'Itupiranga', NULL, NULL, 14, NULL, NULL, NULL),
(2477, 'Jacareacanga', NULL, NULL, 14, NULL, NULL, NULL),
(2478, 'Jacundá', NULL, NULL, 14, NULL, NULL, NULL),
(2479, 'Juruti', NULL, NULL, 14, NULL, NULL, NULL),
(2480, 'Limoeiro do Ajuru', NULL, NULL, 14, NULL, NULL, NULL),
(2481, 'Mãe do Rio', NULL, NULL, 14, NULL, NULL, NULL),
(2482, 'Magalhães Barata', NULL, NULL, 14, NULL, NULL, NULL),
(2483, 'Marabá', NULL, NULL, 14, NULL, NULL, NULL),
(2484, 'Maracanã', NULL, NULL, 14, NULL, NULL, NULL),
(2485, 'Marapanim', NULL, NULL, 14, NULL, NULL, NULL),
(2486, 'Marituba', NULL, NULL, 14, NULL, NULL, NULL),
(2487, 'Medicilândia', NULL, NULL, 14, NULL, NULL, NULL),
(2488, 'Melgaço', NULL, NULL, 14, NULL, NULL, NULL),
(2489, 'Mocajuba', NULL, NULL, 14, NULL, NULL, NULL),
(2490, 'Moju', NULL, NULL, 14, NULL, NULL, NULL),
(2491, 'Monte Alegre', NULL, NULL, 14, NULL, NULL, NULL),
(2492, 'Muaná', NULL, NULL, 14, NULL, NULL, NULL),
(2493, 'Nova Esperança do Piriá', NULL, NULL, 14, NULL, NULL, NULL),
(2494, 'Nova Ipixuna', NULL, NULL, 14, NULL, NULL, NULL),
(2495, 'Nova Timboteua', NULL, NULL, 14, NULL, NULL, NULL),
(2496, 'Novo Progresso', NULL, NULL, 14, NULL, NULL, NULL),
(2497, 'Novo Repartimento', NULL, NULL, 14, NULL, NULL, NULL),
(2498, 'Óbidos', NULL, NULL, 14, NULL, NULL, NULL),
(2499, 'Oeiras do Pará', NULL, NULL, 14, NULL, NULL, NULL),
(2500, 'Oriximiná', NULL, NULL, 14, NULL, NULL, NULL),
(2501, 'Ourém', NULL, NULL, 14, NULL, NULL, NULL),
(2502, 'Ourilândia do Norte', NULL, NULL, 14, NULL, NULL, NULL),
(2503, 'Pacajá', NULL, NULL, 14, NULL, NULL, NULL),
(2504, 'Palestina do Pará', NULL, NULL, 14, NULL, NULL, NULL),
(2505, 'Paragominas', NULL, NULL, 14, NULL, NULL, NULL),
(2506, 'Parauapebas', NULL, NULL, 14, NULL, NULL, NULL),
(2507, 'Pau d`Arco', NULL, NULL, 14, NULL, NULL, NULL),
(2508, 'Peixe-Boi', NULL, NULL, 14, NULL, NULL, NULL),
(2509, 'Piçarra', NULL, NULL, 14, NULL, NULL, NULL),
(2510, 'Placas', NULL, NULL, 14, NULL, NULL, NULL),
(2511, 'Ponta de Pedras', NULL, NULL, 14, NULL, NULL, NULL),
(2512, 'Portel', NULL, NULL, 14, NULL, NULL, NULL),
(2513, 'Porto de Moz', NULL, NULL, 14, NULL, NULL, NULL),
(2514, 'Prainha', NULL, NULL, 14, NULL, NULL, NULL),
(2515, 'Primavera', NULL, NULL, 14, NULL, NULL, NULL),
(2516, 'Quatipuru', NULL, NULL, 14, NULL, NULL, NULL),
(2517, 'Redenção', NULL, NULL, 14, NULL, NULL, NULL),
(2518, 'Rio Maria', NULL, NULL, 14, NULL, NULL, NULL),
(2519, 'Rondon do Pará', NULL, NULL, 14, NULL, NULL, NULL),
(2520, 'Rurópolis', NULL, NULL, 14, NULL, NULL, NULL),
(2521, 'Salinópolis', NULL, NULL, 14, NULL, NULL, NULL),
(2522, 'Salvaterra', NULL, NULL, 14, NULL, NULL, NULL),
(2523, 'Santa Bárbara do Pará', NULL, NULL, 14, NULL, NULL, NULL),
(2524, 'Santa Cruz do Arari', NULL, NULL, 14, NULL, NULL, NULL),
(2525, 'Santa Isabel do Pará', NULL, NULL, 14, NULL, NULL, NULL),
(2526, 'Santa Luzia do Pará', NULL, NULL, 14, NULL, NULL, NULL),
(2527, 'Santa Maria das Barreiras', NULL, NULL, 14, NULL, NULL, NULL),
(2528, 'Santa Maria do Pará', NULL, NULL, 14, NULL, NULL, NULL),
(2529, 'Santana do Araguaia', NULL, NULL, 14, NULL, NULL, NULL),
(2530, 'Santarém', NULL, NULL, 14, NULL, NULL, NULL),
(2531, 'Santarém Novo', NULL, NULL, 14, NULL, NULL, NULL),
(2532, 'Santo Antônio do Tauá', NULL, NULL, 14, NULL, NULL, NULL),
(2533, 'São Caetano de Odivelas', NULL, NULL, 14, NULL, NULL, NULL),
(2534, 'São Domingos do Araguaia', NULL, NULL, 14, NULL, NULL, NULL),
(2535, 'São Domingos do Capim', NULL, NULL, 14, NULL, NULL, NULL),
(2536, 'São Félix do Xingu', NULL, NULL, 14, NULL, NULL, NULL),
(2537, 'São Francisco do Pará', NULL, NULL, 14, NULL, NULL, NULL),
(2538, 'São Geraldo do Araguaia', NULL, NULL, 14, NULL, NULL, NULL),
(2539, 'São João da Ponta', NULL, NULL, 14, NULL, NULL, NULL),
(2540, 'São João de Pirabas', NULL, NULL, 14, NULL, NULL, NULL),
(2541, 'São João do Araguaia', NULL, NULL, 14, NULL, NULL, NULL),
(2542, 'São Miguel do Guamá', NULL, NULL, 14, NULL, NULL, NULL),
(2543, 'São Sebastião da Boa Vista', NULL, NULL, 14, NULL, NULL, NULL),
(2544, 'Sapucaia', NULL, NULL, 14, NULL, NULL, NULL),
(2545, 'Senador José Porfírio', NULL, NULL, 14, NULL, NULL, NULL),
(2546, 'Soure', NULL, NULL, 14, NULL, NULL, NULL),
(2547, 'Tailândia', NULL, NULL, 14, NULL, NULL, NULL),
(2548, 'Terra Alta', NULL, NULL, 14, NULL, NULL, NULL),
(2549, 'Terra Santa', NULL, NULL, 14, NULL, NULL, NULL),
(2550, 'Tomé-Açu', NULL, NULL, 14, NULL, NULL, NULL),
(2551, 'Tracuateua', NULL, NULL, 14, NULL, NULL, NULL),
(2552, 'Trairão', NULL, NULL, 14, NULL, NULL, NULL),
(2553, 'Tucumã', NULL, NULL, 14, NULL, NULL, NULL),
(2554, 'Tucuruí', NULL, NULL, 14, NULL, NULL, NULL),
(2555, 'Ulianópolis', NULL, NULL, 14, NULL, NULL, NULL),
(2556, 'Uruará', NULL, NULL, 14, NULL, NULL, NULL),
(2557, 'Vigia', NULL, NULL, 14, NULL, NULL, NULL),
(2558, 'Viseu', NULL, NULL, 14, NULL, NULL, NULL),
(2559, 'Vitória do Xingu', NULL, NULL, 14, NULL, NULL, NULL),
(2560, 'Xinguara', NULL, NULL, 14, NULL, NULL, NULL),
(2561, 'Água Branca', NULL, NULL, 15, NULL, NULL, NULL),
(2562, 'Aguiar', NULL, NULL, 15, NULL, NULL, NULL),
(2563, 'Alagoa Grande', NULL, NULL, 15, NULL, NULL, NULL),
(2564, 'Alagoa Nova', NULL, NULL, 15, NULL, NULL, NULL),
(2565, 'Alagoinha', NULL, NULL, 15, NULL, NULL, NULL),
(2566, 'Alcantil', NULL, NULL, 15, NULL, NULL, NULL),
(2567, 'Algodão de Jandaíra', NULL, NULL, 15, NULL, NULL, NULL),
(2568, 'Alhandra', NULL, NULL, 15, NULL, NULL, NULL),
(2569, 'Amparo', NULL, NULL, 15, NULL, NULL, NULL),
(2570, 'Aparecida', NULL, NULL, 15, NULL, NULL, NULL),
(2571, 'Araçagi', NULL, NULL, 15, NULL, NULL, NULL),
(2572, 'Arara', NULL, NULL, 15, NULL, NULL, NULL),
(2573, 'Araruna', NULL, NULL, 15, NULL, NULL, NULL),
(2574, 'Areia', NULL, NULL, 15, NULL, NULL, NULL),
(2575, 'Areia de Baraúnas', NULL, NULL, 15, NULL, NULL, NULL),
(2576, 'Areial', NULL, NULL, 15, NULL, NULL, NULL),
(2577, 'Aroeiras', NULL, NULL, 15, NULL, NULL, NULL),
(2578, 'Assunção', NULL, NULL, 15, NULL, NULL, NULL),
(2579, 'Baía da Traição', NULL, NULL, 15, NULL, NULL, NULL),
(2580, 'Bananeiras', NULL, NULL, 15, NULL, NULL, NULL),
(2581, 'Baraúna', NULL, NULL, 15, NULL, NULL, NULL),
(2582, 'Barra de Santa Rosa', NULL, NULL, 15, NULL, NULL, NULL),
(2583, 'Barra de Santana', NULL, NULL, 15, NULL, NULL, NULL),
(2584, 'Barra de São Miguel', NULL, NULL, 15, NULL, NULL, NULL),
(2585, 'Bayeux', NULL, NULL, 15, NULL, NULL, NULL),
(2586, 'Belém', NULL, NULL, 15, NULL, NULL, NULL),
(2587, 'Belém do Brejo do Cruz', NULL, NULL, 15, NULL, NULL, NULL),
(2588, 'Bernardino Batista', NULL, NULL, 15, NULL, NULL, NULL),
(2589, 'Boa Ventura', NULL, NULL, 15, NULL, NULL, NULL),
(2590, 'Boa Vista', NULL, NULL, 15, NULL, NULL, NULL),
(2591, 'Bom Jesus', NULL, NULL, 15, NULL, NULL, NULL),
(2592, 'Bom Sucesso', NULL, NULL, 15, NULL, NULL, NULL),
(2593, 'Bonito de Santa Fé', NULL, NULL, 15, NULL, NULL, NULL),
(2594, 'Boqueirão', NULL, NULL, 15, NULL, NULL, NULL),
(2595, 'Borborema', NULL, NULL, 15, NULL, NULL, NULL),
(2596, 'Brejo do Cruz', NULL, NULL, 15, NULL, NULL, NULL),
(2597, 'Brejo dos Santos', NULL, NULL, 15, NULL, NULL, NULL),
(2598, 'Caaporã', NULL, NULL, 15, NULL, NULL, NULL),
(2599, 'Cabaceiras', NULL, NULL, 15, NULL, NULL, NULL),
(2600, 'Cabedelo', NULL, NULL, 15, NULL, NULL, NULL),
(2601, 'Cachoeira dos Índios', NULL, NULL, 15, NULL, NULL, NULL),
(2602, 'Cacimba de Areia', NULL, NULL, 15, NULL, NULL, NULL),
(2603, 'Cacimba de Dentro', NULL, NULL, 15, NULL, NULL, NULL),
(2604, 'Cacimbas', NULL, NULL, 15, NULL, NULL, NULL),
(2605, 'Caiçara', NULL, NULL, 15, NULL, NULL, NULL),
(2606, 'Cajazeiras', NULL, NULL, 15, NULL, NULL, NULL),
(2607, 'Cajazeirinhas', NULL, NULL, 15, NULL, NULL, NULL),
(2608, 'Caldas Brandão', NULL, NULL, 15, NULL, NULL, NULL),
(2609, 'Camalaú', NULL, NULL, 15, NULL, NULL, NULL),
(2610, 'Campina Grande', NULL, NULL, 15, NULL, NULL, NULL),
(2611, 'Campo de Santana', NULL, NULL, 15, NULL, NULL, NULL),
(2612, 'Capim', NULL, NULL, 15, NULL, NULL, NULL),
(2613, 'Caraúbas', NULL, NULL, 15, NULL, NULL, NULL),
(2614, 'Carrapateira', NULL, NULL, 15, NULL, NULL, NULL),
(2615, 'Casserengue', NULL, NULL, 15, NULL, NULL, NULL),
(2616, 'Catingueira', NULL, NULL, 15, NULL, NULL, NULL),
(2617, 'Catolé do Rocha', NULL, NULL, 15, NULL, NULL, NULL),
(2618, 'Caturité', NULL, NULL, 15, NULL, NULL, NULL),
(2619, 'Conceição', NULL, NULL, 15, NULL, NULL, NULL),
(2620, 'Condado', NULL, NULL, 15, NULL, NULL, NULL),
(2621, 'Conde', NULL, NULL, 15, NULL, NULL, NULL),
(2622, 'Congo', NULL, NULL, 15, NULL, NULL, NULL),
(2623, 'Coremas', NULL, NULL, 15, NULL, NULL, NULL),
(2624, 'Coxixola', NULL, NULL, 15, NULL, NULL, NULL),
(2625, 'Cruz do Espírito Santo', NULL, NULL, 15, NULL, NULL, NULL),
(2626, 'Cubati', NULL, NULL, 15, NULL, NULL, NULL),
(2627, 'Cuité', NULL, NULL, 15, NULL, NULL, NULL),
(2628, 'Cuité de Mamanguape', NULL, NULL, 15, NULL, NULL, NULL),
(2629, 'Cuitegi', NULL, NULL, 15, NULL, NULL, NULL),
(2630, 'Curral de Cima', NULL, NULL, 15, NULL, NULL, NULL),
(2631, 'Curral Velho', NULL, NULL, 15, NULL, NULL, NULL),
(2632, 'Damião', NULL, NULL, 15, NULL, NULL, NULL),
(2633, 'Desterro', NULL, NULL, 15, NULL, NULL, NULL),
(2634, 'Diamante', NULL, NULL, 15, NULL, NULL, NULL),
(2635, 'Dona Inês', NULL, NULL, 15, NULL, NULL, NULL),
(2636, 'Duas Estradas', NULL, NULL, 15, NULL, NULL, NULL),
(2637, 'Emas', NULL, NULL, 15, NULL, NULL, NULL),
(2638, 'Esperança', NULL, NULL, 15, NULL, NULL, NULL),
(2639, 'Fagundes', NULL, NULL, 15, NULL, NULL, NULL),
(2640, 'Frei Martinho', NULL, NULL, 15, NULL, NULL, NULL),
(2641, 'Gado Bravo', NULL, NULL, 15, NULL, NULL, NULL),
(2642, 'Guarabira', NULL, NULL, 15, NULL, NULL, NULL),
(2643, 'Gurinhém', NULL, NULL, 15, NULL, NULL, NULL),
(2644, 'Gurjão', NULL, NULL, 15, NULL, NULL, NULL),
(2645, 'Ibiara', NULL, NULL, 15, NULL, NULL, NULL),
(2646, 'Igaracy', NULL, NULL, 15, NULL, NULL, NULL),
(2647, 'Imaculada', NULL, NULL, 15, NULL, NULL, NULL),
(2648, 'Ingá', NULL, NULL, 15, NULL, NULL, NULL),
(2649, 'Itabaiana', NULL, NULL, 15, NULL, NULL, NULL),
(2650, 'Itaporanga', NULL, NULL, 15, NULL, NULL, NULL),
(2651, 'Itapororoca', NULL, NULL, 15, NULL, NULL, NULL),
(2652, 'Itatuba', NULL, NULL, 15, NULL, NULL, NULL),
(2653, 'Jacaraú', NULL, NULL, 15, NULL, NULL, NULL),
(2654, 'Jericó', NULL, NULL, 15, NULL, NULL, NULL),
(2655, 'João Pessoa', NULL, NULL, 15, NULL, NULL, NULL),
(2656, 'Juarez Távora', NULL, NULL, 15, NULL, NULL, NULL),
(2657, 'Juazeirinho', NULL, NULL, 15, NULL, NULL, NULL),
(2658, 'Junco do Seridó', NULL, NULL, 15, NULL, NULL, NULL),
(2659, 'Juripiranga', NULL, NULL, 15, NULL, NULL, NULL),
(2660, 'Juru', NULL, NULL, 15, NULL, NULL, NULL),
(2661, 'Lagoa', NULL, NULL, 15, NULL, NULL, NULL),
(2662, 'Lagoa de Dentro', NULL, NULL, 15, NULL, NULL, NULL),
(2663, 'Lagoa Seca', NULL, NULL, 15, NULL, NULL, NULL),
(2664, 'Lastro', NULL, NULL, 15, NULL, NULL, NULL),
(2665, 'Livramento', NULL, NULL, 15, NULL, NULL, NULL),
(2666, 'Logradouro', NULL, NULL, 15, NULL, NULL, NULL),
(2667, 'Lucena', NULL, NULL, 15, NULL, NULL, NULL),
(2668, 'Mãe d`Água', NULL, NULL, 15, NULL, NULL, NULL),
(2669, 'Malta', NULL, NULL, 15, NULL, NULL, NULL),
(2670, 'Mamanguape', NULL, NULL, 15, NULL, NULL, NULL),
(2671, 'Manaíra', NULL, NULL, 15, NULL, NULL, NULL),
(2672, 'Marcação', NULL, NULL, 15, NULL, NULL, NULL),
(2673, 'Mari', NULL, NULL, 15, NULL, NULL, NULL),
(2674, 'Marizópolis', NULL, NULL, 15, NULL, NULL, NULL),
(2675, 'Massaranduba', NULL, NULL, 15, NULL, NULL, NULL),
(2676, 'Mataraca', NULL, NULL, 15, NULL, NULL, NULL),
(2677, 'Matinhas', NULL, NULL, 15, NULL, NULL, NULL),
(2678, 'Mato Grosso', NULL, NULL, 15, NULL, NULL, NULL),
(2679, 'Maturéia', NULL, NULL, 15, NULL, NULL, NULL),
(2680, 'Mogeiro', NULL, NULL, 15, NULL, NULL, NULL),
(2681, 'Montadas', NULL, NULL, 15, NULL, NULL, NULL),
(2682, 'Monte Horebe', NULL, NULL, 15, NULL, NULL, NULL),
(2683, 'Monteiro', NULL, NULL, 15, NULL, NULL, NULL),
(2684, 'Mulungu', NULL, NULL, 15, NULL, NULL, NULL),
(2685, 'Natuba', NULL, NULL, 15, NULL, NULL, NULL),
(2686, 'Nazarezinho', NULL, NULL, 15, NULL, NULL, NULL),
(2687, 'Nova Floresta', NULL, NULL, 15, NULL, NULL, NULL),
(2688, 'Nova Olinda', NULL, NULL, 15, NULL, NULL, NULL),
(2689, 'Nova Palmeira', NULL, NULL, 15, NULL, NULL, NULL),
(2690, 'Olho d`Água', NULL, NULL, 15, NULL, NULL, NULL),
(2691, 'Olivedos', NULL, NULL, 15, NULL, NULL, NULL),
(2692, 'Ouro Velho', NULL, NULL, 15, NULL, NULL, NULL),
(2693, 'Parari', NULL, NULL, 15, NULL, NULL, NULL),
(2694, 'Passagem', NULL, NULL, 15, NULL, NULL, NULL),
(2695, 'Patos', NULL, NULL, 15, NULL, NULL, NULL),
(2696, 'Paulista', NULL, NULL, 15, NULL, NULL, NULL),
(2697, 'Pedra Branca', NULL, NULL, 15, NULL, NULL, NULL),
(2698, 'Pedra Lavrada', NULL, NULL, 15, NULL, NULL, NULL),
(2699, 'Pedras de Fogo', NULL, NULL, 15, NULL, NULL, NULL),
(2700, 'Pedro Régis', NULL, NULL, 15, NULL, NULL, NULL),
(2701, 'Piancó', NULL, NULL, 15, NULL, NULL, NULL),
(2702, 'Picuí', NULL, NULL, 15, NULL, NULL, NULL),
(2703, 'Pilar', NULL, NULL, 15, NULL, NULL, NULL),
(2704, 'Pilões', NULL, NULL, 15, NULL, NULL, NULL),
(2705, 'Pilõezinhos', NULL, NULL, 15, NULL, NULL, NULL),
(2706, 'Pirpirituba', NULL, NULL, 15, NULL, NULL, NULL),
(2707, 'Pitimbu', NULL, NULL, 15, NULL, NULL, NULL),
(2708, 'Pocinhos', NULL, NULL, 15, NULL, NULL, NULL),
(2709, 'Poço Dantas', NULL, NULL, 15, NULL, NULL, NULL),
(2710, 'Poço de José de Moura', NULL, NULL, 15, NULL, NULL, NULL),
(2711, 'Pombal', NULL, NULL, 15, NULL, NULL, NULL),
(2712, 'Prata', NULL, NULL, 15, NULL, NULL, NULL),
(2713, 'Princesa Isabel', NULL, NULL, 15, NULL, NULL, NULL),
(2714, 'Puxinanã', NULL, NULL, 15, NULL, NULL, NULL),
(2715, 'Queimadas', NULL, NULL, 15, NULL, NULL, NULL),
(2716, 'Quixabá', NULL, NULL, 15, NULL, NULL, NULL),
(2717, 'Remígio', NULL, NULL, 15, NULL, NULL, NULL),
(2718, 'Riachão', NULL, NULL, 15, NULL, NULL, NULL),
(2719, 'Riachão do Bacamarte', NULL, NULL, 15, NULL, NULL, NULL),
(2720, 'Riachão do Poço', NULL, NULL, 15, NULL, NULL, NULL),
(2721, 'Riacho de Santo Antônio', NULL, NULL, 15, NULL, NULL, NULL),
(2722, 'Riacho dos Cavalos', NULL, NULL, 15, NULL, NULL, NULL),
(2723, 'Rio Tinto', NULL, NULL, 15, NULL, NULL, NULL),
(2724, 'Salgadinho', NULL, NULL, 15, NULL, NULL, NULL),
(2725, 'Salgado de São Félix', NULL, NULL, 15, NULL, NULL, NULL),
(2726, 'Santa Cecília', NULL, NULL, 15, NULL, NULL, NULL),
(2727, 'Santa Cruz', NULL, NULL, 15, NULL, NULL, NULL),
(2728, 'Santa Helena', NULL, NULL, 15, NULL, NULL, NULL),
(2729, 'Santa Inês', NULL, NULL, 15, NULL, NULL, NULL),
(2730, 'Santa Luzia', NULL, NULL, 15, NULL, NULL, NULL),
(2731, 'Santa Rita', NULL, NULL, 15, NULL, NULL, NULL),
(2732, 'Santa Teresinha', NULL, NULL, 15, NULL, NULL, NULL),
(2733, 'Santana de Mangueira', NULL, NULL, 15, NULL, NULL, NULL),
(2734, 'Santana dos Garrotes', NULL, NULL, 15, NULL, NULL, NULL),
(2735, 'Santarém', NULL, NULL, 15, NULL, NULL, NULL),
(2736, 'Santo André', NULL, NULL, 15, NULL, NULL, NULL),
(2737, 'São Bentinho', NULL, NULL, 15, NULL, NULL, NULL),
(2738, 'São Bento', NULL, NULL, 15, NULL, NULL, NULL),
(2739, 'São Domingos de Pombal', NULL, NULL, 15, NULL, NULL, NULL),
(2740, 'São Domingos do Cariri', NULL, NULL, 15, NULL, NULL, NULL),
(2741, 'São Francisco', NULL, NULL, 15, NULL, NULL, NULL),
(2742, 'São João do Cariri', NULL, NULL, 15, NULL, NULL, NULL),
(2743, 'São João do Rio do Peixe', NULL, NULL, 15, NULL, NULL, NULL),
(2744, 'São João do Tigre', NULL, NULL, 15, NULL, NULL, NULL),
(2745, 'São José da Lagoa Tapada', NULL, NULL, 15, NULL, NULL, NULL),
(2746, 'São José de Caiana', NULL, NULL, 15, NULL, NULL, NULL),
(2747, 'São José de Espinharas', NULL, NULL, 15, NULL, NULL, NULL),
(2748, 'São José de Piranhas', NULL, NULL, 15, NULL, NULL, NULL),
(2749, 'São José de Princesa', NULL, NULL, 15, NULL, NULL, NULL),
(2750, 'São José do Bonfim', NULL, NULL, 15, NULL, NULL, NULL),
(2751, 'São José do Brejo do Cruz', NULL, NULL, 15, NULL, NULL, NULL),
(2752, 'São José do Sabugi', NULL, NULL, 15, NULL, NULL, NULL),
(2753, 'São José dos Cordeiros', NULL, NULL, 15, NULL, NULL, NULL),
(2754, 'São José dos Ramos', NULL, NULL, 15, NULL, NULL, NULL),
(2755, 'São Mamede', NULL, NULL, 15, NULL, NULL, NULL),
(2756, 'São Miguel de Taipu', NULL, NULL, 15, NULL, NULL, NULL),
(2757, 'São Sebastião de Lagoa de Roça', NULL, NULL, 15, NULL, NULL, NULL),
(2758, 'São Sebastião do Umbuzeiro', NULL, NULL, 15, NULL, NULL, NULL),
(2759, 'Sapé', NULL, NULL, 15, NULL, NULL, NULL),
(2760, 'Seridó', NULL, NULL, 15, NULL, NULL, NULL),
(2761, 'Serra Branca', NULL, NULL, 15, NULL, NULL, NULL),
(2762, 'Serra da Raiz', NULL, NULL, 15, NULL, NULL, NULL),
(2763, 'Serra Grande', NULL, NULL, 15, NULL, NULL, NULL),
(2764, 'Serra Redonda', NULL, NULL, 15, NULL, NULL, NULL),
(2765, 'Serraria', NULL, NULL, 15, NULL, NULL, NULL),
(2766, 'Sertãozinho', NULL, NULL, 15, NULL, NULL, NULL),
(2767, 'Sobrado', NULL, NULL, 15, NULL, NULL, NULL),
(2768, 'Solânea', NULL, NULL, 15, NULL, NULL, NULL),
(2769, 'Soledade', NULL, NULL, 15, NULL, NULL, NULL),
(2770, 'Sossêgo', NULL, NULL, 15, NULL, NULL, NULL),
(2771, 'Sousa', NULL, NULL, 15, NULL, NULL, NULL),
(2772, 'Sumé', NULL, NULL, 15, NULL, NULL, NULL),
(2773, 'Taperoá', NULL, NULL, 15, NULL, NULL, NULL),
(2774, 'Tavares', NULL, NULL, 15, NULL, NULL, NULL),
(2775, 'Teixeira', NULL, NULL, 15, NULL, NULL, NULL),
(2776, 'Tenório', NULL, NULL, 15, NULL, NULL, NULL),
(2777, 'Triunfo', NULL, NULL, 15, NULL, NULL, NULL),
(2778, 'Uiraúna', NULL, NULL, 15, NULL, NULL, NULL),
(2779, 'Umbuzeiro', NULL, NULL, 15, NULL, NULL, NULL),
(2780, 'Várzea', NULL, NULL, 15, NULL, NULL, NULL),
(2781, 'Vieirópolis', NULL, NULL, 15, NULL, NULL, NULL),
(2782, 'Vista Serrana', NULL, NULL, 15, NULL, NULL, NULL),
(2783, 'Zabelê', NULL, NULL, 15, NULL, NULL, NULL),
(2784, 'Abatiá', NULL, NULL, 18, NULL, NULL, NULL),
(2785, 'Adrianópolis', NULL, NULL, 18, NULL, NULL, NULL),
(2786, 'Agudos do Sul', NULL, NULL, 18, NULL, NULL, NULL),
(2787, 'Almirante Tamandaré', NULL, NULL, 18, NULL, NULL, NULL),
(2788, 'Altamira do Paraná', NULL, NULL, 18, NULL, NULL, NULL),
(2789, 'Alto Paraíso', NULL, NULL, 18, NULL, NULL, NULL),
(2790, 'Alto Paraná', NULL, NULL, 18, NULL, NULL, NULL),
(2791, 'Alto Piquiri', NULL, NULL, 18, NULL, NULL, NULL),
(2792, 'Altônia', NULL, NULL, 18, NULL, NULL, NULL),
(2793, 'Alvorada do Sul', NULL, NULL, 18, NULL, NULL, NULL),
(2794, 'Amaporã', NULL, NULL, 18, NULL, NULL, NULL),
(2795, 'Ampére', NULL, NULL, 18, NULL, NULL, NULL),
(2796, 'Anahy', NULL, NULL, 18, NULL, NULL, NULL),
(2797, 'Andirá', NULL, NULL, 18, NULL, NULL, NULL),
(2798, 'Ângulo', NULL, NULL, 18, NULL, NULL, NULL),
(2799, 'Antonina', NULL, NULL, 18, NULL, NULL, NULL),
(2800, 'Antônio Olinto', NULL, NULL, 18, NULL, NULL, NULL),
(2801, 'Apucarana', NULL, NULL, 18, NULL, NULL, NULL),
(2802, 'Arapongas', NULL, NULL, 18, NULL, NULL, NULL),
(2803, 'Arapoti', NULL, NULL, 18, NULL, NULL, NULL),
(2804, 'Arapuã', NULL, NULL, 18, NULL, NULL, NULL),
(2805, 'Araruna', NULL, NULL, 18, NULL, NULL, NULL),
(2806, 'Araucária', NULL, NULL, 18, NULL, NULL, NULL),
(2807, 'Ariranha do Ivaí', NULL, NULL, 18, NULL, NULL, NULL),
(2808, 'Assaí', NULL, NULL, 18, NULL, NULL, NULL),
(2809, 'Assis Chateaubriand', NULL, NULL, 18, NULL, NULL, NULL),
(2810, 'Astorga', NULL, NULL, 18, NULL, NULL, NULL),
(2811, 'Atalaia', NULL, NULL, 18, NULL, NULL, NULL),
(2812, 'Balsa Nova', NULL, NULL, 18, NULL, NULL, NULL),
(2813, 'Bandeirantes', NULL, NULL, 18, NULL, NULL, NULL),
(2814, 'Barbosa Ferraz', NULL, NULL, 18, NULL, NULL, NULL),
(2815, 'Barra do Jacaré', NULL, NULL, 18, NULL, NULL, NULL),
(2816, 'Barracão', NULL, NULL, 18, NULL, NULL, NULL),
(2817, 'Bela Vista da Caroba', NULL, NULL, 18, NULL, NULL, NULL),
(2818, 'Bela Vista do Paraíso', NULL, NULL, 18, NULL, NULL, NULL),
(2819, 'Bituruna', NULL, NULL, 18, NULL, NULL, NULL),
(2820, 'Boa Esperança', NULL, NULL, 18, NULL, NULL, NULL),
(2821, 'Boa Esperança do Iguaçu', NULL, NULL, 18, NULL, NULL, NULL),
(2822, 'Boa Ventura de São Roque', NULL, NULL, 18, NULL, NULL, NULL),
(2823, 'Boa Vista da Aparecida', NULL, NULL, 18, NULL, NULL, NULL),
(2824, 'Bocaiúva do Sul', NULL, NULL, 18, NULL, NULL, NULL),
(2825, 'Bom Jesus do Sul', NULL, NULL, 18, NULL, NULL, NULL),
(2826, 'Bom Sucesso', NULL, NULL, 18, NULL, NULL, NULL),
(2827, 'Bom Sucesso do Sul', NULL, NULL, 18, NULL, NULL, NULL),
(2828, 'Borrazópolis', NULL, NULL, 18, NULL, NULL, NULL),
(2829, 'Braganey', NULL, NULL, 18, NULL, NULL, NULL),
(2830, 'Brasilândia do Sul', NULL, NULL, 18, NULL, NULL, NULL),
(2831, 'Cafeara', NULL, NULL, 18, NULL, NULL, NULL),
(2832, 'Cafelândia', NULL, NULL, 18, NULL, NULL, NULL),
(2833, 'Cafezal do Sul', NULL, NULL, 18, NULL, NULL, NULL),
(2834, 'Califórnia', NULL, NULL, 18, NULL, NULL, NULL),
(2835, 'Cambará', NULL, NULL, 18, NULL, NULL, NULL),
(2836, 'Cambé', NULL, NULL, 18, NULL, NULL, NULL),
(2837, 'Cambira', NULL, NULL, 18, NULL, NULL, NULL),
(2838, 'Campina da Lagoa', NULL, NULL, 18, NULL, NULL, NULL),
(2839, 'Campina do Simão', NULL, NULL, 18, NULL, NULL, NULL),
(2840, 'Campina Grande do Sul', NULL, NULL, 18, NULL, NULL, NULL),
(2841, 'Campo Bonito', NULL, NULL, 18, NULL, NULL, NULL),
(2842, 'Campo do Tenente', NULL, NULL, 18, NULL, NULL, NULL),
(2843, 'Campo Largo', NULL, NULL, 18, NULL, NULL, NULL),
(2844, 'Campo Magro', NULL, NULL, 18, NULL, NULL, NULL),
(2845, 'Campo Mourão', NULL, NULL, 18, NULL, NULL, NULL),
(2846, 'Cândido de Abreu', NULL, NULL, 18, NULL, NULL, NULL),
(2847, 'Candói', NULL, NULL, 18, NULL, NULL, NULL),
(2848, 'Cantagalo', NULL, NULL, 18, NULL, NULL, NULL),
(2849, 'Capanema', NULL, NULL, 18, NULL, NULL, NULL),
(2850, 'Capitão Leônidas Marques', NULL, NULL, 18, NULL, NULL, NULL),
(2851, 'Carambeí', NULL, NULL, 18, NULL, NULL, NULL),
(2852, 'Carlópolis', NULL, NULL, 18, NULL, NULL, NULL),
(2853, 'Cascavel', NULL, NULL, 18, NULL, NULL, NULL),
(2854, 'Castro', NULL, NULL, 18, NULL, NULL, NULL),
(2855, 'Catanduvas', NULL, NULL, 18, NULL, NULL, NULL),
(2856, 'Centenário do Sul', NULL, NULL, 18, NULL, NULL, NULL),
(2857, 'Cerro Azul', NULL, NULL, 18, NULL, NULL, NULL),
(2858, 'Céu Azul', NULL, NULL, 18, NULL, NULL, NULL),
(2859, 'Chopinzinho', NULL, NULL, 18, NULL, NULL, NULL),
(2860, 'Cianorte', NULL, NULL, 18, NULL, NULL, NULL),
(2861, 'Cidade Gaúcha', NULL, NULL, 18, NULL, NULL, NULL),
(2862, 'Clevelândia', NULL, NULL, 18, NULL, NULL, NULL),
(2863, 'Colombo', NULL, NULL, 18, NULL, NULL, NULL),
(2864, 'Colorado', NULL, NULL, 18, NULL, NULL, NULL),
(2865, 'Congonhinhas', NULL, NULL, 18, NULL, NULL, NULL),
(2866, 'Conselheiro Mairinck', NULL, NULL, 18, NULL, NULL, NULL),
(2867, 'Contenda', NULL, NULL, 18, NULL, NULL, NULL),
(2868, 'Corbélia', NULL, NULL, 18, NULL, NULL, NULL),
(2869, 'Cornélio Procópio', NULL, NULL, 18, NULL, NULL, NULL),
(2870, 'Coronel Domingos Soares', NULL, NULL, 18, NULL, NULL, NULL),
(2871, 'Coronel Vivida', NULL, NULL, 18, NULL, NULL, NULL),
(2872, 'Corumbataí do Sul', NULL, NULL, 18, NULL, NULL, NULL),
(2873, 'Cruz Machado', NULL, NULL, 18, NULL, NULL, NULL),
(2874, 'Cruzeiro do Iguaçu', NULL, NULL, 18, NULL, NULL, NULL),
(2875, 'Cruzeiro do Oeste', NULL, NULL, 18, NULL, NULL, NULL),
(2876, 'Cruzeiro do Sul', NULL, NULL, 18, NULL, NULL, NULL),
(2877, 'Cruzmaltina', NULL, NULL, 18, NULL, NULL, NULL),
(2878, 'Curitiba', NULL, NULL, 18, NULL, NULL, NULL),
(2879, 'Curiúva', NULL, NULL, 18, NULL, NULL, NULL),
(2880, 'Diamante d`Oeste', NULL, NULL, 18, NULL, NULL, NULL),
(2881, 'Diamante do Norte', NULL, NULL, 18, NULL, NULL, NULL),
(2882, 'Diamante do Sul', NULL, NULL, 18, NULL, NULL, NULL),
(2883, 'Dois Vizinhos', NULL, NULL, 18, NULL, NULL, NULL),
(2884, 'Douradina', NULL, NULL, 18, NULL, NULL, NULL),
(2885, 'Doutor Camargo', NULL, NULL, 18, NULL, NULL, NULL),
(2886, 'Doutor Ulysses', NULL, NULL, 18, NULL, NULL, NULL),
(2887, 'Enéas Marques', NULL, NULL, 18, NULL, NULL, NULL),
(2888, 'Engenheiro Beltrão', NULL, NULL, 18, NULL, NULL, NULL),
(2889, 'Entre Rios do Oeste', NULL, NULL, 18, NULL, NULL, NULL),
(2890, 'Esperança Nova', NULL, NULL, 18, NULL, NULL, NULL),
(2891, 'Espigão Alto do Iguaçu', NULL, NULL, 18, NULL, NULL, NULL),
(2892, 'Farol', NULL, NULL, 18, NULL, NULL, NULL),
(2893, 'Faxinal', NULL, NULL, 18, NULL, NULL, NULL),
(2894, 'Fazenda Rio Grande', NULL, NULL, 18, NULL, NULL, NULL),
(2895, 'Fênix', NULL, NULL, 18, NULL, NULL, NULL),
(2896, 'Fernandes Pinheiro', NULL, NULL, 18, NULL, NULL, NULL),
(2897, 'Figueira', NULL, NULL, 18, NULL, NULL, NULL),
(2898, 'Flor da Serra do Sul', NULL, NULL, 18, NULL, NULL, NULL),
(2899, 'Floraí', NULL, NULL, 18, NULL, NULL, NULL),
(2900, 'Floresta', NULL, NULL, 18, NULL, NULL, NULL),
(2901, 'Florestópolis', NULL, NULL, 18, NULL, NULL, NULL),
(2902, 'Flórida', NULL, NULL, 18, NULL, NULL, NULL),
(2903, 'Formosa do Oeste', NULL, NULL, 18, NULL, NULL, NULL),
(2904, 'Foz do Iguaçu', NULL, NULL, 18, NULL, NULL, NULL),
(2905, 'Foz do Jordão', NULL, NULL, 18, NULL, NULL, NULL),
(2906, 'Francisco Alves', NULL, NULL, 18, NULL, NULL, NULL),
(2907, 'Francisco Beltrão', NULL, NULL, 18, NULL, NULL, NULL),
(2908, 'General Carneiro', NULL, NULL, 18, NULL, NULL, NULL),
(2909, 'Godoy Moreira', NULL, NULL, 18, NULL, NULL, NULL),
(2910, 'Goioerê', NULL, NULL, 18, NULL, NULL, NULL),
(2911, 'Goioxim', NULL, NULL, 18, NULL, NULL, NULL),
(2912, 'Grandes Rios', NULL, NULL, 18, NULL, NULL, NULL),
(2913, 'Guaíra', NULL, NULL, 18, NULL, NULL, NULL),
(2914, 'Guairaçá', NULL, NULL, 18, NULL, NULL, NULL),
(2915, 'Guamiranga', NULL, NULL, 18, NULL, NULL, NULL),
(2916, 'Guapirama', NULL, NULL, 18, NULL, NULL, NULL),
(2917, 'Guaporema', NULL, NULL, 18, NULL, NULL, NULL),
(2918, 'Guaraci', NULL, NULL, 18, NULL, NULL, NULL),
(2919, 'Guaraniaçu', NULL, NULL, 18, NULL, NULL, NULL),
(2920, 'Guarapuava', NULL, NULL, 18, NULL, NULL, NULL),
(2921, 'Guaraqueçaba', NULL, NULL, 18, NULL, NULL, NULL),
(2922, 'Guaratuba', NULL, NULL, 18, NULL, NULL, NULL),
(2923, 'Honório Serpa', NULL, NULL, 18, NULL, NULL, NULL),
(2924, 'Ibaiti', NULL, NULL, 18, NULL, NULL, NULL),
(2925, 'Ibema', NULL, NULL, 18, NULL, NULL, NULL),
(2926, 'Ibiporã', NULL, NULL, 18, NULL, NULL, NULL),
(2927, 'Icaraíma', NULL, NULL, 18, NULL, NULL, NULL),
(2928, 'Iguaraçu', NULL, NULL, 18, NULL, NULL, NULL),
(2929, 'Iguatu', NULL, NULL, 18, NULL, NULL, NULL),
(2930, 'Imbaú', NULL, NULL, 18, NULL, NULL, NULL),
(2931, 'Imbituva', NULL, NULL, 18, NULL, NULL, NULL),
(2932, 'Inácio Martins', NULL, NULL, 18, NULL, NULL, NULL),
(2933, 'Inajá', NULL, NULL, 18, NULL, NULL, NULL),
(2934, 'Indianópolis', NULL, NULL, 18, NULL, NULL, NULL),
(2935, 'Ipiranga', NULL, NULL, 18, NULL, NULL, NULL),
(2936, 'Iporã', NULL, NULL, 18, NULL, NULL, NULL),
(2937, 'Iracema do Oeste', NULL, NULL, 18, NULL, NULL, NULL),
(2938, 'Irati', NULL, NULL, 18, NULL, NULL, NULL),
(2939, 'Iretama', NULL, NULL, 18, NULL, NULL, NULL),
(2940, 'Itaguajé', NULL, NULL, 18, NULL, NULL, NULL),
(2941, 'Itaipulândia', NULL, NULL, 18, NULL, NULL, NULL),
(2942, 'Itambaracá', NULL, NULL, 18, NULL, NULL, NULL),
(2943, 'Itambé', NULL, NULL, 18, NULL, NULL, NULL),
(2944, 'Itapejara d`Oeste', NULL, NULL, 18, NULL, NULL, NULL),
(2945, 'Itaperuçu', NULL, NULL, 18, NULL, NULL, NULL),
(2946, 'Itaúna do Sul', NULL, NULL, 18, NULL, NULL, NULL),
(2947, 'Ivaí', NULL, NULL, 18, NULL, NULL, NULL),
(2948, 'Ivaiporã', NULL, NULL, 18, NULL, NULL, NULL),
(2949, 'Ivaté', NULL, NULL, 18, NULL, NULL, NULL),
(2950, 'Ivatuba', NULL, NULL, 18, NULL, NULL, NULL),
(2951, 'Jaboti', NULL, NULL, 18, NULL, NULL, NULL),
(2952, 'Jacarezinho', NULL, NULL, 18, NULL, NULL, NULL),
(2953, 'Jaguapitã', NULL, NULL, 18, NULL, NULL, NULL),
(2954, 'Jaguariaíva', NULL, NULL, 18, NULL, NULL, NULL),
(2955, 'Jandaia do Sul', NULL, NULL, 18, NULL, NULL, NULL),
(2956, 'Janiópolis', NULL, NULL, 18, NULL, NULL, NULL),
(2957, 'Japira', NULL, NULL, 18, NULL, NULL, NULL),
(2958, 'Japurá', NULL, NULL, 18, NULL, NULL, NULL),
(2959, 'Jardim Alegre', NULL, NULL, 18, NULL, NULL, NULL),
(2960, 'Jardim Olinda', NULL, NULL, 18, NULL, NULL, NULL),
(2961, 'Jataizinho', NULL, NULL, 18, NULL, NULL, NULL),
(2962, 'Jesuítas', NULL, NULL, 18, NULL, NULL, NULL),
(2963, 'Joaquim Távora', NULL, NULL, 18, NULL, NULL, NULL),
(2964, 'Jundiaí do Sul', NULL, NULL, 18, NULL, NULL, NULL),
(2965, 'Juranda', NULL, NULL, 18, NULL, NULL, NULL),
(2966, 'Jussara', NULL, NULL, 18, NULL, NULL, NULL),
(2967, 'Kaloré', NULL, NULL, 18, NULL, NULL, NULL),
(2968, 'Lapa', NULL, NULL, 18, NULL, NULL, NULL),
(2969, 'Laranjal', NULL, NULL, 18, NULL, NULL, NULL),
(2970, 'Laranjeiras do Sul', NULL, NULL, 18, NULL, NULL, NULL),
(2971, 'Leópolis', NULL, NULL, 18, NULL, NULL, NULL),
(2972, 'Lidianópolis', NULL, NULL, 18, NULL, NULL, NULL),
(2973, 'Lindoeste', NULL, NULL, 18, NULL, NULL, NULL),
(2974, 'Loanda', NULL, NULL, 18, NULL, NULL, NULL),
(2975, 'Lobato', NULL, NULL, 18, NULL, NULL, NULL),
(2976, 'Londrina', NULL, NULL, 18, NULL, NULL, NULL),
(2977, 'Luiziana', NULL, NULL, 18, NULL, NULL, NULL),
(2978, 'Lunardelli', NULL, NULL, 18, NULL, NULL, NULL),
(2979, 'Lupionópolis', NULL, NULL, 18, NULL, NULL, NULL),
(2980, 'Mallet', NULL, NULL, 18, NULL, NULL, NULL),
(2981, 'Mamborê', NULL, NULL, 18, NULL, NULL, NULL),
(2982, 'Mandaguaçu', NULL, NULL, 18, NULL, NULL, NULL),
(2983, 'Mandaguari', NULL, NULL, 18, NULL, NULL, NULL),
(2984, 'Mandirituba', NULL, NULL, 18, NULL, NULL, NULL),
(2985, 'Manfrinópolis', NULL, NULL, 18, NULL, NULL, NULL),
(2986, 'Mangueirinha', NULL, NULL, 18, NULL, NULL, NULL),
(2987, 'Manoel Ribas', NULL, NULL, 18, NULL, NULL, NULL),
(2988, 'Marechal Cândido Rondon', NULL, NULL, 18, NULL, NULL, NULL),
(2989, 'Maria Helena', NULL, NULL, 18, NULL, NULL, NULL),
(2990, 'Marialva', NULL, NULL, 18, NULL, NULL, NULL),
(2991, 'Marilândia do Sul', NULL, NULL, 18, NULL, NULL, NULL),
(2992, 'Marilena', NULL, NULL, 18, NULL, NULL, NULL),
(2993, 'Mariluz', NULL, NULL, 18, NULL, NULL, NULL),
(2994, 'Maringá', NULL, NULL, 18, NULL, NULL, NULL),
(2995, 'Mariópolis', NULL, NULL, 18, NULL, NULL, NULL),
(2996, 'Maripá', NULL, NULL, 18, NULL, NULL, NULL),
(2997, 'Marmeleiro', NULL, NULL, 18, NULL, NULL, NULL),
(2998, 'Marquinho', NULL, NULL, 18, NULL, NULL, NULL),
(2999, 'Marumbi', NULL, NULL, 18, NULL, NULL, NULL),
(3000, 'Matelândia', NULL, NULL, 18, NULL, NULL, NULL),
(3001, 'Matinhos', NULL, NULL, 18, NULL, NULL, NULL),
(3002, 'Mato Rico', NULL, NULL, 18, NULL, NULL, NULL),
(3003, 'Mauá da Serra', NULL, NULL, 18, NULL, NULL, NULL),
(3004, 'Medianeira', NULL, NULL, 18, NULL, NULL, NULL),
(3005, 'Mercedes', NULL, NULL, 18, NULL, NULL, NULL),
(3006, 'Mirador', NULL, NULL, 18, NULL, NULL, NULL),
(3007, 'Miraselva', NULL, NULL, 18, NULL, NULL, NULL),
(3008, 'Missal', NULL, NULL, 18, NULL, NULL, NULL),
(3009, 'Moreira Sales', NULL, NULL, 18, NULL, NULL, NULL),
(3010, 'Morretes', NULL, NULL, 18, NULL, NULL, NULL),
(3011, 'Munhoz de Melo', NULL, NULL, 18, NULL, NULL, NULL),
(3012, 'Nossa Senhora das Graças', NULL, NULL, 18, NULL, NULL, NULL),
(3013, 'Nova Aliança do Ivaí', NULL, NULL, 18, NULL, NULL, NULL),
(3014, 'Nova América da Colina', NULL, NULL, 18, NULL, NULL, NULL),
(3015, 'Nova Aurora', NULL, NULL, 18, NULL, NULL, NULL),
(3016, 'Nova Cantu', NULL, NULL, 18, NULL, NULL, NULL),
(3017, 'Nova Esperança', NULL, NULL, 18, NULL, NULL, NULL),
(3018, 'Nova Esperança do Sudoeste', NULL, NULL, 18, NULL, NULL, NULL),
(3019, 'Nova Fátima', NULL, NULL, 18, NULL, NULL, NULL),
(3020, 'Nova Laranjeiras', NULL, NULL, 18, NULL, NULL, NULL),
(3021, 'Nova Londrina', NULL, NULL, 18, NULL, NULL, NULL),
(3022, 'Nova Olímpia', NULL, NULL, 18, NULL, NULL, NULL),
(3023, 'Nova Prata do Iguaçu', NULL, NULL, 18, NULL, NULL, NULL),
(3024, 'Nova Santa Bárbara', NULL, NULL, 18, NULL, NULL, NULL),
(3025, 'Nova Santa Rosa', NULL, NULL, 18, NULL, NULL, NULL),
(3026, 'Nova Tebas', NULL, NULL, 18, NULL, NULL, NULL),
(3027, 'Novo Itacolomi', NULL, NULL, 18, NULL, NULL, NULL),
(3028, 'Ortigueira', NULL, NULL, 18, NULL, NULL, NULL),
(3029, 'Ourizona', NULL, NULL, 18, NULL, NULL, NULL),
(3030, 'Ouro Verde do Oeste', NULL, NULL, 18, NULL, NULL, NULL),
(3031, 'Paiçandu', NULL, NULL, 18, NULL, NULL, NULL),
(3032, 'Palmas', NULL, NULL, 18, NULL, NULL, NULL),
(3033, 'Palmeira', NULL, NULL, 18, NULL, NULL, NULL),
(3034, 'Palmital', NULL, NULL, 18, NULL, NULL, NULL),
(3035, 'Palotina', NULL, NULL, 18, NULL, NULL, NULL),
(3036, 'Paraíso do Norte', NULL, NULL, 18, NULL, NULL, NULL),
(3037, 'Paranacity', NULL, NULL, 18, NULL, NULL, NULL),
(3038, 'Paranaguá', NULL, NULL, 18, NULL, NULL, NULL),
(3039, 'Paranapoema', NULL, NULL, 18, NULL, NULL, NULL),
(3040, 'Paranavaí', NULL, NULL, 18, NULL, NULL, NULL),
(3041, 'Pato Bragado', NULL, NULL, 18, NULL, NULL, NULL),
(3042, 'Pato Branco', NULL, NULL, 18, NULL, NULL, NULL),
(3043, 'Paula Freitas', NULL, NULL, 18, NULL, NULL, NULL),
(3044, 'Paulo Frontin', NULL, NULL, 18, NULL, NULL, NULL),
(3045, 'Peabiru', NULL, NULL, 18, NULL, NULL, NULL),
(3046, 'Perobal', NULL, NULL, 18, NULL, NULL, NULL),
(3047, 'Pérola', NULL, NULL, 18, NULL, NULL, NULL),
(3048, 'Pérola d`Oeste', NULL, NULL, 18, NULL, NULL, NULL),
(3049, 'Piên', NULL, NULL, 18, NULL, NULL, NULL),
(3050, 'Pinhais', NULL, NULL, 18, NULL, NULL, NULL),
(3051, 'Pinhal de São Bento', NULL, NULL, 18, NULL, NULL, NULL),
(3052, 'Pinhalão', NULL, NULL, 18, NULL, NULL, NULL),
(3053, 'Pinhão', NULL, NULL, 18, NULL, NULL, NULL),
(3054, 'Piraí do Sul', NULL, NULL, 18, NULL, NULL, NULL),
(3055, 'Piraquara', NULL, NULL, 18, NULL, NULL, NULL),
(3056, 'Pitanga', NULL, NULL, 18, NULL, NULL, NULL),
(3057, 'Pitangueiras', NULL, NULL, 18, NULL, NULL, NULL),
(3058, 'Planaltina do Paraná', NULL, NULL, 18, NULL, NULL, NULL),
(3059, 'Planalto', NULL, NULL, 18, NULL, NULL, NULL),
(3060, 'Ponta Grossa', NULL, NULL, 18, NULL, NULL, NULL),
(3061, 'Pontal do Paraná', NULL, NULL, 18, NULL, NULL, NULL),
(3062, 'Porecatu', NULL, NULL, 18, NULL, NULL, NULL),
(3063, 'Porto Amazonas', NULL, NULL, 18, NULL, NULL, NULL),
(3064, 'Porto Barreiro', NULL, NULL, 18, NULL, NULL, NULL),
(3065, 'Porto Rico', NULL, NULL, 18, NULL, NULL, NULL),
(3066, 'Porto Vitória', NULL, NULL, 18, NULL, NULL, NULL),
(3067, 'Prado Ferreira', NULL, NULL, 18, NULL, NULL, NULL),
(3068, 'Pranchita', NULL, NULL, 18, NULL, NULL, NULL),
(3069, 'Presidente Castelo Branco', NULL, NULL, 18, NULL, NULL, NULL),
(3070, 'Primeiro de Maio', NULL, NULL, 18, NULL, NULL, NULL),
(3071, 'Prudentópolis', NULL, NULL, 18, NULL, NULL, NULL),
(3072, 'Quarto Centenário', NULL, NULL, 18, NULL, NULL, NULL),
(3073, 'Quatiguá', NULL, NULL, 18, NULL, NULL, NULL),
(3074, 'Quatro Barras', NULL, NULL, 18, NULL, NULL, NULL),
(3075, 'Quatro Pontes', NULL, NULL, 18, NULL, NULL, NULL),
(3076, 'Quedas do Iguaçu', NULL, NULL, 18, NULL, NULL, NULL),
(3077, 'Querência do Norte', NULL, NULL, 18, NULL, NULL, NULL),
(3078, 'Quinta do Sol', NULL, NULL, 18, NULL, NULL, NULL),
(3079, 'Quitandinha', NULL, NULL, 18, NULL, NULL, NULL),
(3080, 'Ramilândia', NULL, NULL, 18, NULL, NULL, NULL),
(3081, 'Rancho Alegre', NULL, NULL, 18, NULL, NULL, NULL),
(3082, 'Rancho Alegre d`Oeste', NULL, NULL, 18, NULL, NULL, NULL),
(3083, 'Realeza', NULL, NULL, 18, NULL, NULL, NULL),
(3084, 'Rebouças', NULL, NULL, 18, NULL, NULL, NULL),
(3085, 'Renascença', NULL, NULL, 18, NULL, NULL, NULL),
(3086, 'Reserva', NULL, NULL, 18, NULL, NULL, NULL),
(3087, 'Reserva do Iguaçu', NULL, NULL, 18, NULL, NULL, NULL),
(3088, 'Ribeirão Claro', NULL, NULL, 18, NULL, NULL, NULL),
(3089, 'Ribeirão do Pinhal', NULL, NULL, 18, NULL, NULL, NULL),
(3090, 'Rio Azul', NULL, NULL, 18, NULL, NULL, NULL),
(3091, 'Rio Bom', NULL, NULL, 18, NULL, NULL, NULL),
(3092, 'Rio Bonito do Iguaçu', NULL, NULL, 18, NULL, NULL, NULL),
(3093, 'Rio Branco do Ivaí', NULL, NULL, 18, NULL, NULL, NULL),
(3094, 'Rio Branco do Sul', NULL, NULL, 18, NULL, NULL, NULL),
(3095, 'Rio Negro', NULL, NULL, 18, NULL, NULL, NULL),
(3096, 'Rolândia', NULL, NULL, 18, NULL, NULL, NULL),
(3097, 'Roncador', NULL, NULL, 18, NULL, NULL, NULL),
(3098, 'Rondon', NULL, NULL, 18, NULL, NULL, NULL),
(3099, 'Rosário do Ivaí', NULL, NULL, 18, NULL, NULL, NULL),
(3100, 'Sabáudia', NULL, NULL, 18, NULL, NULL, NULL),
(3101, 'Salgado Filho', NULL, NULL, 18, NULL, NULL, NULL),
(3102, 'Salto do Itararé', NULL, NULL, 18, NULL, NULL, NULL),
(3103, 'Salto do Lontra', NULL, NULL, 18, NULL, NULL, NULL),
(3104, 'Santa Amélia', NULL, NULL, 18, NULL, NULL, NULL),
(3105, 'Santa Cecília do Pavão', NULL, NULL, 18, NULL, NULL, NULL),
(3106, 'Santa Cruz de Monte Castelo', NULL, NULL, 18, NULL, NULL, NULL),
(3107, 'Santa Fé', NULL, NULL, 18, NULL, NULL, NULL),
(3108, 'Santa Helena', NULL, NULL, 18, NULL, NULL, NULL),
(3109, 'Santa Inês', NULL, NULL, 18, NULL, NULL, NULL),
(3110, 'Santa Isabel do Ivaí', NULL, NULL, 18, NULL, NULL, NULL),
(3111, 'Santa Izabel do Oeste', NULL, NULL, 18, NULL, NULL, NULL),
(3112, 'Santa Lúcia', NULL, NULL, 18, NULL, NULL, NULL),
(3113, 'Santa Maria do Oeste', NULL, NULL, 18, NULL, NULL, NULL),
(3114, 'Santa Mariana', NULL, NULL, 18, NULL, NULL, NULL),
(3115, 'Santa Mônica', NULL, NULL, 18, NULL, NULL, NULL),
(3116, 'Santa Tereza do Oeste', NULL, NULL, 18, NULL, NULL, NULL),
(3117, 'Santa Terezinha de Itaipu', NULL, NULL, 18, NULL, NULL, NULL),
(3118, 'Santana do Itararé', NULL, NULL, 18, NULL, NULL, NULL),
(3119, 'Santo Antônio da Platina', NULL, NULL, 18, NULL, NULL, NULL),
(3120, 'Santo Antônio do Caiuá', NULL, NULL, 18, NULL, NULL, NULL),
(3121, 'Santo Antônio do Paraíso', NULL, NULL, 18, NULL, NULL, NULL),
(3122, 'Santo Antônio do Sudoeste', NULL, NULL, 18, NULL, NULL, NULL),
(3123, 'Santo Inácio', NULL, NULL, 18, NULL, NULL, NULL),
(3124, 'São Carlos do Ivaí', NULL, NULL, 18, NULL, NULL, NULL),
(3125, 'São Jerônimo da Serra', NULL, NULL, 18, NULL, NULL, NULL),
(3126, 'São João', NULL, NULL, 18, NULL, NULL, NULL),
(3127, 'São João do Caiuá', NULL, NULL, 18, NULL, NULL, NULL),
(3128, 'São João do Ivaí', NULL, NULL, 18, NULL, NULL, NULL),
(3129, 'São João do Triunfo', NULL, NULL, 18, NULL, NULL, NULL),
(3130, 'São Jorge d`Oeste', NULL, NULL, 18, NULL, NULL, NULL),
(3131, 'São Jorge do Ivaí', NULL, NULL, 18, NULL, NULL, NULL),
(3132, 'São Jorge do Patrocínio', NULL, NULL, 18, NULL, NULL, NULL),
(3133, 'São José da Boa Vista', NULL, NULL, 18, NULL, NULL, NULL),
(3134, 'São José das Palmeiras', NULL, NULL, 18, NULL, NULL, NULL),
(3135, 'São José dos Pinhais', NULL, NULL, 18, NULL, NULL, NULL),
(3136, 'São Manoel do Paraná', NULL, NULL, 18, NULL, NULL, NULL),
(3137, 'São Mateus do Sul', NULL, NULL, 18, NULL, NULL, NULL),
(3138, 'São Miguel do Iguaçu', NULL, NULL, 18, NULL, NULL, NULL),
(3139, 'São Pedro do Iguaçu', NULL, NULL, 18, NULL, NULL, NULL),
(3140, 'São Pedro do Ivaí', NULL, NULL, 18, NULL, NULL, NULL),
(3141, 'São Pedro do Paraná', NULL, NULL, 18, NULL, NULL, NULL),
(3142, 'São Sebastião da Amoreira', NULL, NULL, 18, NULL, NULL, NULL),
(3143, 'São Tomé', NULL, NULL, 18, NULL, NULL, NULL),
(3144, 'Sapopema', NULL, NULL, 18, NULL, NULL, NULL),
(3145, 'Sarandi', NULL, NULL, 18, NULL, NULL, NULL),
(3146, 'Saudade do Iguaçu', NULL, NULL, 18, NULL, NULL, NULL),
(3147, 'Sengés', NULL, NULL, 18, NULL, NULL, NULL),
(3148, 'Serranópolis do Iguaçu', NULL, NULL, 18, NULL, NULL, NULL),
(3149, 'Sertaneja', NULL, NULL, 18, NULL, NULL, NULL),
(3150, 'Sertanópolis', NULL, NULL, 18, NULL, NULL, NULL),
(3151, 'Siqueira Campos', NULL, NULL, 18, NULL, NULL, NULL),
(3152, 'Sulina', NULL, NULL, 18, NULL, NULL, NULL),
(3153, 'Tamarana', NULL, NULL, 18, NULL, NULL, NULL),
(3154, 'Tamboara', NULL, NULL, 18, NULL, NULL, NULL),
(3155, 'Tapejara', NULL, NULL, 18, NULL, NULL, NULL),
(3156, 'Tapira', NULL, NULL, 18, NULL, NULL, NULL),
(3157, 'Teixeira Soares', NULL, NULL, 18, NULL, NULL, NULL),
(3158, 'Telêmaco Borba', NULL, NULL, 18, NULL, NULL, NULL),
(3159, 'Terra Boa', NULL, NULL, 18, NULL, NULL, NULL),
(3160, 'Terra Rica', NULL, NULL, 18, NULL, NULL, NULL),
(3161, 'Terra Roxa', NULL, NULL, 18, NULL, NULL, NULL),
(3162, 'Tibagi', NULL, NULL, 18, NULL, NULL, NULL),
(3163, 'Tijucas do Sul', NULL, NULL, 18, NULL, NULL, NULL),
(3164, 'Toledo', NULL, NULL, 18, NULL, NULL, NULL),
(3165, 'Tomazina', NULL, NULL, 18, NULL, NULL, NULL),
(3166, 'Três Barras do Paraná', NULL, NULL, 18, NULL, NULL, NULL),
(3167, 'Tunas do Paraná', NULL, NULL, 18, NULL, NULL, NULL),
(3168, 'Tuneiras do Oeste', NULL, NULL, 18, NULL, NULL, NULL),
(3169, 'Tupãssi', NULL, NULL, 18, NULL, NULL, NULL),
(3170, 'Turvo', NULL, NULL, 18, NULL, NULL, NULL),
(3171, 'Ubiratã', NULL, NULL, 18, NULL, NULL, NULL),
(3172, 'Umuarama', NULL, NULL, 18, NULL, NULL, NULL),
(3173, 'União da Vitória', NULL, NULL, 18, NULL, NULL, NULL),
(3174, 'Uniflor', NULL, NULL, 18, NULL, NULL, NULL),
(3175, 'Uraí', NULL, NULL, 18, NULL, NULL, NULL),
(3176, 'Ventania', NULL, NULL, 18, NULL, NULL, NULL),
(3177, 'Vera Cruz do Oeste', NULL, NULL, 18, NULL, NULL, NULL),
(3178, 'Verê', NULL, NULL, 18, NULL, NULL, NULL),
(3179, 'Virmond', NULL, NULL, 18, NULL, NULL, NULL),
(3180, 'Vitorino', NULL, NULL, 18, NULL, NULL, NULL),
(3181, 'Wenceslau Braz', NULL, NULL, 18, NULL, NULL, NULL),
(3182, 'Xambrê', NULL, NULL, 18, NULL, NULL, NULL),
(3183, 'Abreu e Lima', NULL, NULL, 16, NULL, NULL, NULL),
(3184, 'Afogados da Ingazeira', NULL, NULL, 16, NULL, NULL, NULL),
(3185, 'Afrânio', NULL, NULL, 16, NULL, NULL, NULL),
(3186, 'Agrestina', NULL, NULL, 16, NULL, NULL, NULL),
(3187, 'Água Preta', NULL, NULL, 16, NULL, NULL, NULL),
(3188, 'Águas Belas', NULL, NULL, 16, NULL, NULL, NULL),
(3189, 'Alagoinha', NULL, NULL, 16, NULL, NULL, NULL),
(3190, 'Aliança', NULL, NULL, 16, NULL, NULL, NULL),
(3191, 'Altinho', NULL, NULL, 16, NULL, NULL, NULL),
(3192, 'Amaraji', NULL, NULL, 16, NULL, NULL, NULL),
(3193, 'Angelim', NULL, NULL, 16, NULL, NULL, NULL),
(3194, 'Araçoiaba', NULL, NULL, 16, NULL, NULL, NULL),
(3195, 'Araripina', NULL, NULL, 16, NULL, NULL, NULL),
(3196, 'Arcoverde', NULL, NULL, 16, NULL, NULL, NULL),
(3197, 'Barra de Guabiraba', NULL, NULL, 16, NULL, NULL, NULL),
(3198, 'Barreiros', NULL, NULL, 16, NULL, NULL, NULL),
(3199, 'Belém de Maria', NULL, NULL, 16, NULL, NULL, NULL),
(3200, 'Belém de São Francisco', NULL, NULL, 16, NULL, NULL, NULL),
(3201, 'Belo Jardim', NULL, NULL, 16, NULL, NULL, NULL),
(3202, 'Betânia', NULL, NULL, 16, NULL, NULL, NULL),
(3203, 'Bezerros', NULL, NULL, 16, NULL, NULL, NULL),
(3204, 'Bodocó', NULL, NULL, 16, NULL, NULL, NULL),
(3205, 'Bom Conselho', NULL, NULL, 16, NULL, NULL, NULL),
(3206, 'Bom Jardim', NULL, NULL, 16, NULL, NULL, NULL),
(3207, 'Bonito', NULL, NULL, 16, NULL, NULL, NULL),
(3208, 'Brejão', NULL, NULL, 16, NULL, NULL, NULL),
(3209, 'Brejinho', NULL, NULL, 16, NULL, NULL, NULL),
(3210, 'Brejo da Madre de Deus', NULL, NULL, 16, NULL, NULL, NULL),
(3211, 'Buenos Aires', NULL, NULL, 16, NULL, NULL, NULL),
(3212, 'Buíque', NULL, NULL, 16, NULL, NULL, NULL),
(3213, 'Cabo de Santo Agostinho', NULL, NULL, 16, NULL, NULL, NULL),
(3214, 'Cabrobó', NULL, NULL, 16, NULL, NULL, NULL),
(3215, 'Cachoeirinha', NULL, NULL, 16, NULL, NULL, NULL),
(3216, 'Caetés', NULL, NULL, 16, NULL, NULL, NULL),
(3217, 'Calçado', NULL, NULL, 16, NULL, NULL, NULL),
(3218, 'Calumbi', NULL, NULL, 16, NULL, NULL, NULL),
(3219, 'Camaragibe', NULL, NULL, 16, NULL, NULL, NULL),
(3220, 'Camocim de São Félix', NULL, NULL, 16, NULL, NULL, NULL),
(3221, 'Camutanga', NULL, NULL, 16, NULL, NULL, NULL),
(3222, 'Canhotinho', NULL, NULL, 16, NULL, NULL, NULL),
(3223, 'Capoeiras', NULL, NULL, 16, NULL, NULL, NULL),
(3224, 'Carnaíba', NULL, NULL, 16, NULL, NULL, NULL),
(3225, 'Carnaubeira da Penha', NULL, NULL, 16, NULL, NULL, NULL),
(3226, 'Carpina', NULL, NULL, 16, NULL, NULL, NULL),
(3227, 'Caruaru', NULL, NULL, 16, NULL, NULL, NULL),
(3228, 'Casinhas', NULL, NULL, 16, NULL, NULL, NULL),
(3229, 'Catende', NULL, NULL, 16, NULL, NULL, NULL),
(3230, 'Cedro', NULL, NULL, 16, NULL, NULL, NULL),
(3231, 'Chã de Alegria', NULL, NULL, 16, NULL, NULL, NULL),
(3232, 'Chã Grande', NULL, NULL, 16, NULL, NULL, NULL),
(3233, 'Condado', NULL, NULL, 16, NULL, NULL, NULL),
(3234, 'Correntes', NULL, NULL, 16, NULL, NULL, NULL),
(3235, 'Cortês', NULL, NULL, 16, NULL, NULL, NULL),
(3236, 'Cumaru', NULL, NULL, 16, NULL, NULL, NULL),
(3237, 'Cupira', NULL, NULL, 16, NULL, NULL, NULL),
(3238, 'Custódia', NULL, NULL, 16, NULL, NULL, NULL),
(3239, 'Dormentes', NULL, NULL, 16, NULL, NULL, NULL),
(3240, 'Escada', NULL, NULL, 16, NULL, NULL, NULL),
(3241, 'Exu', NULL, NULL, 16, NULL, NULL, NULL),
(3242, 'Feira Nova', NULL, NULL, 16, NULL, NULL, NULL),
(3243, 'Fernando de Noronha', NULL, NULL, 16, NULL, NULL, NULL),
(3244, 'Ferreiros', NULL, NULL, 16, NULL, NULL, NULL),
(3245, 'Flores', NULL, NULL, 16, NULL, NULL, NULL),
(3246, 'Floresta', NULL, NULL, 16, NULL, NULL, NULL),
(3247, 'Frei Miguelinho', NULL, NULL, 16, NULL, NULL, NULL),
(3248, 'Gameleira', NULL, NULL, 16, NULL, NULL, NULL),
(3249, 'Garanhuns', NULL, NULL, 16, NULL, NULL, NULL),
(3250, 'Glória do Goitá', NULL, NULL, 16, NULL, NULL, NULL),
(3251, 'Goiana', NULL, NULL, 16, NULL, NULL, NULL),
(3252, 'Granito', NULL, NULL, 16, NULL, NULL, NULL),
(3253, 'Gravatá', NULL, NULL, 16, NULL, NULL, NULL),
(3254, 'Iati', NULL, NULL, 16, NULL, NULL, NULL),
(3255, 'Ibimirim', NULL, NULL, 16, NULL, NULL, NULL),
(3256, 'Ibirajuba', NULL, NULL, 16, NULL, NULL, NULL),
(3257, 'Igarassu', NULL, NULL, 16, NULL, NULL, NULL),
(3258, 'Iguaraci', NULL, NULL, 16, NULL, NULL, NULL),
(3259, 'Ilha de Itamaracá', NULL, NULL, 16, NULL, NULL, NULL),
(3260, 'Inajá', NULL, NULL, 16, NULL, NULL, NULL),
(3261, 'Ingazeira', NULL, NULL, 16, NULL, NULL, NULL),
(3262, 'Ipojuca', NULL, NULL, 16, NULL, NULL, NULL),
(3263, 'Ipubi', NULL, NULL, 16, NULL, NULL, NULL),
(3264, 'Itacuruba', NULL, NULL, 16, NULL, NULL, NULL),
(3265, 'Itaíba', NULL, NULL, 16, NULL, NULL, NULL),
(3266, 'Itambé', NULL, NULL, 16, NULL, NULL, NULL),
(3267, 'Itapetim', NULL, NULL, 16, NULL, NULL, NULL),
(3268, 'Itapissuma', NULL, NULL, 16, NULL, NULL, NULL),
(3269, 'Itaquitinga', NULL, NULL, 16, NULL, NULL, NULL),
(3270, 'Jaboatão dos Guararapes', NULL, NULL, 16, NULL, NULL, NULL),
(3271, 'Jaqueira', NULL, NULL, 16, NULL, NULL, NULL),
(3272, 'Jataúba', NULL, NULL, 16, NULL, NULL, NULL),
(3273, 'Jatobá', NULL, NULL, 16, NULL, NULL, NULL),
(3274, 'João Alfredo', NULL, NULL, 16, NULL, NULL, NULL),
(3275, 'Joaquim Nabuco', NULL, NULL, 16, NULL, NULL, NULL),
(3276, 'Jucati', NULL, NULL, 16, NULL, NULL, NULL),
(3277, 'Jupi', NULL, NULL, 16, NULL, NULL, NULL),
(3278, 'Jurema', NULL, NULL, 16, NULL, NULL, NULL),
(3279, 'Lagoa do Carro', NULL, NULL, 16, NULL, NULL, NULL),
(3280, 'Lagoa do Itaenga', NULL, NULL, 16, NULL, NULL, NULL),
(3281, 'Lagoa do Ouro', NULL, NULL, 16, NULL, NULL, NULL),
(3282, 'Lagoa dos Gatos', NULL, NULL, 16, NULL, NULL, NULL),
(3283, 'Lagoa Grande', NULL, NULL, 16, NULL, NULL, NULL),
(3284, 'Lajedo', NULL, NULL, 16, NULL, NULL, NULL),
(3285, 'Limoeiro', NULL, NULL, 16, NULL, NULL, NULL),
(3286, 'Macaparana', NULL, NULL, 16, NULL, NULL, NULL),
(3287, 'Machados', NULL, NULL, 16, NULL, NULL, NULL),
(3288, 'Manari', NULL, NULL, 16, NULL, NULL, NULL),
(3289, 'Maraial', NULL, NULL, 16, NULL, NULL, NULL),
(3290, 'Mirandiba', NULL, NULL, 16, NULL, NULL, NULL),
(3291, 'Moreilândia', NULL, NULL, 16, NULL, NULL, NULL),
(3292, 'Moreno', NULL, NULL, 16, NULL, NULL, NULL),
(3293, 'Nazaré da Mata', NULL, NULL, 16, NULL, NULL, NULL),
(3294, 'Olinda', NULL, NULL, 16, NULL, NULL, NULL),
(3295, 'Orobó', NULL, NULL, 16, NULL, NULL, NULL),
(3296, 'Orocó', NULL, NULL, 16, NULL, NULL, NULL),
(3297, 'Ouricuri', NULL, NULL, 16, NULL, NULL, NULL),
(3298, 'Palmares', NULL, NULL, 16, NULL, NULL, NULL),
(3299, 'Palmeirina', NULL, NULL, 16, NULL, NULL, NULL),
(3300, 'Panelas', NULL, NULL, 16, NULL, NULL, NULL),
(3301, 'Paranatama', NULL, NULL, 16, NULL, NULL, NULL),
(3302, 'Parnamirim', NULL, NULL, 16, NULL, NULL, NULL),
(3303, 'Passira', NULL, NULL, 16, NULL, NULL, NULL),
(3304, 'Paudalho', NULL, NULL, 16, NULL, NULL, NULL),
(3305, 'Paulista', NULL, NULL, 16, NULL, NULL, NULL),
(3306, 'Pedra', NULL, NULL, 16, NULL, NULL, NULL),
(3307, 'Pesqueira', NULL, NULL, 16, NULL, NULL, NULL),
(3308, 'Petrolândia', NULL, NULL, 16, NULL, NULL, NULL),
(3309, 'Petrolina', NULL, NULL, 16, NULL, NULL, NULL),
(3310, 'Poção', NULL, NULL, 16, NULL, NULL, NULL),
(3311, 'Pombos', NULL, NULL, 16, NULL, NULL, NULL),
(3312, 'Primavera', NULL, NULL, 16, NULL, NULL, NULL),
(3313, 'Quipapá', NULL, NULL, 16, NULL, NULL, NULL),
(3314, 'Quixaba', NULL, NULL, 16, NULL, NULL, NULL),
(3315, 'Recife', NULL, NULL, 16, NULL, NULL, NULL),
(3316, 'Riacho das Almas', NULL, NULL, 16, NULL, NULL, NULL),
(3317, 'Ribeirão', NULL, NULL, 16, NULL, NULL, NULL),
(3318, 'Rio Formoso', NULL, NULL, 16, NULL, NULL, NULL),
(3319, 'Sairé', NULL, NULL, 16, NULL, NULL, NULL),
(3320, 'Salgadinho', NULL, NULL, 16, NULL, NULL, NULL),
(3321, 'Salgueiro', NULL, NULL, 16, NULL, NULL, NULL),
(3322, 'Saloá', NULL, NULL, 16, NULL, NULL, NULL),
(3323, 'Sanharó', NULL, NULL, 16, NULL, NULL, NULL),
(3324, 'Santa Cruz', NULL, NULL, 16, NULL, NULL, NULL),
(3325, 'Santa Cruz da Baixa Verde', NULL, NULL, 16, NULL, NULL, NULL),
(3326, 'Santa Cruz do Capibaribe', NULL, NULL, 16, NULL, NULL, NULL),
(3327, 'Santa Filomena', NULL, NULL, 16, NULL, NULL, NULL),
(3328, 'Santa Maria da Boa Vista', NULL, NULL, 16, NULL, NULL, NULL),
(3329, 'Santa Maria do Cambucá', NULL, NULL, 16, NULL, NULL, NULL),
(3330, 'Santa Terezinha', NULL, NULL, 16, NULL, NULL, NULL),
(3331, 'São Benedito do Sul', NULL, NULL, 16, NULL, NULL, NULL),
(3332, 'São Bento do Una', NULL, NULL, 16, NULL, NULL, NULL),
(3333, 'São Caitano', NULL, NULL, 16, NULL, NULL, NULL),
(3334, 'São João', NULL, NULL, 16, NULL, NULL, NULL),
(3335, 'São Joaquim do Monte', NULL, NULL, 16, NULL, NULL, NULL),
(3336, 'São José da Coroa Grande', NULL, NULL, 16, NULL, NULL, NULL),
(3337, 'São José do Belmonte', NULL, NULL, 16, NULL, NULL, NULL),
(3338, 'São José do Egito', NULL, NULL, 16, NULL, NULL, NULL),
(3339, 'São Lourenço da Mata', NULL, NULL, 16, NULL, NULL, NULL),
(3340, 'São Vicente Ferrer', NULL, NULL, 16, NULL, NULL, NULL),
(3341, 'Serra Talhada', NULL, NULL, 16, NULL, NULL, NULL),
(3342, 'Serrita', NULL, NULL, 16, NULL, NULL, NULL),
(3343, 'Sertânia', NULL, NULL, 16, NULL, NULL, NULL),
(3344, 'Sirinhaém', NULL, NULL, 16, NULL, NULL, NULL),
(3345, 'Solidão', NULL, NULL, 16, NULL, NULL, NULL),
(3346, 'Surubim', NULL, NULL, 16, NULL, NULL, NULL),
(3347, 'Tabira', NULL, NULL, 16, NULL, NULL, NULL),
(3348, 'Tacaimbó', NULL, NULL, 16, NULL, NULL, NULL),
(3349, 'Tacaratu', NULL, NULL, 16, NULL, NULL, NULL),
(3350, 'Tamandaré', NULL, NULL, 16, NULL, NULL, NULL),
(3351, 'Taquaritinga do Norte', NULL, NULL, 16, NULL, NULL, NULL),
(3352, 'Terezinha', NULL, NULL, 16, NULL, NULL, NULL),
(3353, 'Terra Nova', NULL, NULL, 16, NULL, NULL, NULL),
(3354, 'Timbaúba', NULL, NULL, 16, NULL, NULL, NULL),
(3355, 'Toritama', NULL, NULL, 16, NULL, NULL, NULL),
(3356, 'Tracunhaém', NULL, NULL, 16, NULL, NULL, NULL),
(3357, 'Trindade', NULL, NULL, 16, NULL, NULL, NULL),
(3358, 'Triunfo', NULL, NULL, 16, NULL, NULL, NULL),
(3359, 'Tupanatinga', NULL, NULL, 16, NULL, NULL, NULL),
(3360, 'Tuparetama', NULL, NULL, 16, NULL, NULL, NULL),
(3361, 'Venturosa', NULL, NULL, 16, NULL, NULL, NULL),
(3362, 'Verdejante', NULL, NULL, 16, NULL, NULL, NULL),
(3363, 'Vertente do Lério', NULL, NULL, 16, NULL, NULL, NULL),
(3364, 'Vertentes', NULL, NULL, 16, NULL, NULL, NULL),
(3365, 'Vicência', NULL, NULL, 16, NULL, NULL, NULL),
(3366, 'Vitória de Santo Antão', NULL, NULL, 16, NULL, NULL, NULL),
(3367, 'Xexéu', NULL, NULL, 16, NULL, NULL, NULL),
(3368, 'Acauã', NULL, NULL, 17, NULL, NULL, NULL),
(3369, 'Agricolândia', NULL, NULL, 17, NULL, NULL, NULL),
(3370, 'Água Branca', NULL, NULL, 17, NULL, NULL, NULL),
(3371, 'Alagoinha do Piauí', NULL, NULL, 17, NULL, NULL, NULL),
(3372, 'Alegrete do Piauí', NULL, NULL, 17, NULL, NULL, NULL),
(3373, 'Alto Longá', NULL, NULL, 17, NULL, NULL, NULL),
(3374, 'Altos', NULL, NULL, 17, NULL, NULL, NULL),
(3375, 'Alvorada do Gurguéia', NULL, NULL, 17, NULL, NULL, NULL),
(3376, 'Amarante', NULL, NULL, 17, NULL, NULL, NULL),
(3377, 'Angical do Piauí', NULL, NULL, 17, NULL, NULL, NULL),
(3378, 'Anísio de Abreu', NULL, NULL, 17, NULL, NULL, NULL),
(3379, 'Antônio Almeida', NULL, NULL, 17, NULL, NULL, NULL),
(3380, 'Aroazes', NULL, NULL, 17, NULL, NULL, NULL),
(3381, 'Aroeiras do Itaim', NULL, NULL, 17, NULL, NULL, NULL),
(3382, 'Arraial', NULL, NULL, 17, NULL, NULL, NULL),
(3383, 'Assunção do Piauí', NULL, NULL, 17, NULL, NULL, NULL),
(3384, 'Avelino Lopes', NULL, NULL, 17, NULL, NULL, NULL),
(3385, 'Baixa Grande do Ribeiro', NULL, NULL, 17, NULL, NULL, NULL),
(3386, 'Barra d`Alcântara', NULL, NULL, 17, NULL, NULL, NULL),
(3387, 'Barras', NULL, NULL, 17, NULL, NULL, NULL),
(3388, 'Barreiras do Piauí', NULL, NULL, 17, NULL, NULL, NULL),
(3389, 'Barro Duro', NULL, NULL, 17, NULL, NULL, NULL),
(3390, 'Batalha', NULL, NULL, 17, NULL, NULL, NULL),
(3391, 'Bela Vista do Piauí', NULL, NULL, 17, NULL, NULL, NULL),
(3392, 'Belém do Piauí', NULL, NULL, 17, NULL, NULL, NULL),
(3393, 'Beneditinos', NULL, NULL, 17, NULL, NULL, NULL),
(3394, 'Bertolínia', NULL, NULL, 17, NULL, NULL, NULL),
(3395, 'Betânia do Piauí', NULL, NULL, 17, NULL, NULL, NULL),
(3396, 'Boa Hora', NULL, NULL, 17, NULL, NULL, NULL),
(3397, 'Bocaina', NULL, NULL, 17, NULL, NULL, NULL),
(3398, 'Bom Jesus', NULL, NULL, 17, NULL, NULL, NULL),
(3399, 'Bom Princípio do Piauí', NULL, NULL, 17, NULL, NULL, NULL),
(3400, 'Bonfim do Piauí', NULL, NULL, 17, NULL, NULL, NULL),
(3401, 'Boqueirão do Piauí', NULL, NULL, 17, NULL, NULL, NULL),
(3402, 'Brasileira', NULL, NULL, 17, NULL, NULL, NULL),
(3403, 'Brejo do Piauí', NULL, NULL, 17, NULL, NULL, NULL),
(3404, 'Buriti dos Lopes', NULL, NULL, 17, NULL, NULL, NULL),
(3405, 'Buriti dos Montes', NULL, NULL, 17, NULL, NULL, NULL),
(3406, 'Cabeceiras do Piauí', NULL, NULL, 17, NULL, NULL, NULL),
(3407, 'Cajazeiras do Piauí', NULL, NULL, 17, NULL, NULL, NULL),
(3408, 'Cajueiro da Praia', NULL, NULL, 17, NULL, NULL, NULL),
(3409, 'Caldeirão Grande do Piauí', NULL, NULL, 17, NULL, NULL, NULL),
(3410, 'Campinas do Piauí', NULL, NULL, 17, NULL, NULL, NULL),
(3411, 'Campo Alegre do Fidalgo', NULL, NULL, 17, NULL, NULL, NULL),
(3412, 'Campo Grande do Piauí', NULL, NULL, 17, NULL, NULL, NULL),
(3413, 'Campo Largo do Piauí', NULL, NULL, 17, NULL, NULL, NULL),
(3414, 'Campo Maior', NULL, NULL, 17, NULL, NULL, NULL),
(3415, 'Canavieira', NULL, NULL, 17, NULL, NULL, NULL),
(3416, 'Canto do Buriti', NULL, NULL, 17, NULL, NULL, NULL),
(3417, 'Capitão de Campos', NULL, NULL, 17, NULL, NULL, NULL),
(3418, 'Capitão Gervásio Oliveira', NULL, NULL, 17, NULL, NULL, NULL),
(3419, 'Caracol', NULL, NULL, 17, NULL, NULL, NULL),
(3420, 'Caraúbas do Piauí', NULL, NULL, 17, NULL, NULL, NULL),
(3421, 'Caridade do Piauí', NULL, NULL, 17, NULL, NULL, NULL),
(3422, 'Castelo do Piauí', NULL, NULL, 17, NULL, NULL, NULL),
(3423, 'Caxingó', NULL, NULL, 17, NULL, NULL, NULL),
(3424, 'Cocal', NULL, NULL, 17, NULL, NULL, NULL),
(3425, 'Cocal de Telha', NULL, NULL, 17, NULL, NULL, NULL),
(3426, 'Cocal dos Alves', NULL, NULL, 17, NULL, NULL, NULL),
(3427, 'Coivaras', NULL, NULL, 17, NULL, NULL, NULL),
(3428, 'Colônia do Gurguéia', NULL, NULL, 17, NULL, NULL, NULL),
(3429, 'Colônia do Piauí', NULL, NULL, 17, NULL, NULL, NULL),
(3430, 'Conceição do Canindé', NULL, NULL, 17, NULL, NULL, NULL),
(3431, 'Coronel José Dias', NULL, NULL, 17, NULL, NULL, NULL),
(3432, 'Corrente', NULL, NULL, 17, NULL, NULL, NULL),
(3433, 'Cristalândia do Piauí', NULL, NULL, 17, NULL, NULL, NULL),
(3434, 'Cristino Castro', NULL, NULL, 17, NULL, NULL, NULL),
(3435, 'Curimatá', NULL, NULL, 17, NULL, NULL, NULL),
(3436, 'Currais', NULL, NULL, 17, NULL, NULL, NULL),
(3437, 'Curral Novo do Piauí', NULL, NULL, 17, NULL, NULL, NULL),
(3438, 'Curralinhos', NULL, NULL, 17, NULL, NULL, NULL),
(3439, 'Demerval Lobão', NULL, NULL, 17, NULL, NULL, NULL),
(3440, 'Dirceu Arcoverde', NULL, NULL, 17, NULL, NULL, NULL),
(3441, 'Dom Expedito Lopes', NULL, NULL, 17, NULL, NULL, NULL),
(3442, 'Dom Inocêncio', NULL, NULL, 17, NULL, NULL, NULL),
(3443, 'Domingos Mourão', NULL, NULL, 17, NULL, NULL, NULL),
(3444, 'Elesbão Veloso', NULL, NULL, 17, NULL, NULL, NULL),
(3445, 'Eliseu Martins', NULL, NULL, 17, NULL, NULL, NULL),
(3446, 'Esperantina', NULL, NULL, 17, NULL, NULL, NULL),
(3447, 'Fartura do Piauí', NULL, NULL, 17, NULL, NULL, NULL),
(3448, 'Flores do Piauí', NULL, NULL, 17, NULL, NULL, NULL),
(3449, 'Floresta do Piauí', NULL, NULL, 17, NULL, NULL, NULL),
(3450, 'Floriano', NULL, NULL, 17, NULL, NULL, NULL),
(3451, 'Francinópolis', NULL, NULL, 17, NULL, NULL, NULL),
(3452, 'Francisco Ayres', NULL, NULL, 17, NULL, NULL, NULL),
(3453, 'Francisco Macedo', NULL, NULL, 17, NULL, NULL, NULL),
(3454, 'Francisco Santos', NULL, NULL, 17, NULL, NULL, NULL),
(3455, 'Fronteiras', NULL, NULL, 17, NULL, NULL, NULL),
(3456, 'Geminiano', NULL, NULL, 17, NULL, NULL, NULL),
(3457, 'Gilbués', NULL, NULL, 17, NULL, NULL, NULL),
(3458, 'Guadalupe', NULL, NULL, 17, NULL, NULL, NULL),
(3459, 'Guaribas', NULL, NULL, 17, NULL, NULL, NULL),
(3460, 'Hugo Napoleão', NULL, NULL, 17, NULL, NULL, NULL),
(3461, 'Ilha Grande', NULL, NULL, 17, NULL, NULL, NULL),
(3462, 'Inhuma', NULL, NULL, 17, NULL, NULL, NULL),
(3463, 'Ipiranga do Piauí', NULL, NULL, 17, NULL, NULL, NULL),
(3464, 'Isaías Coelho', NULL, NULL, 17, NULL, NULL, NULL),
(3465, 'Itainópolis', NULL, NULL, 17, NULL, NULL, NULL),
(3466, 'Itaueira', NULL, NULL, 17, NULL, NULL, NULL),
(3467, 'Jacobina do Piauí', NULL, NULL, 17, NULL, NULL, NULL),
(3468, 'Jaicós', NULL, NULL, 17, NULL, NULL, NULL),
(3469, 'Jardim do Mulato', NULL, NULL, 17, NULL, NULL, NULL),
(3470, 'Jatobá do Piauí', NULL, NULL, 17, NULL, NULL, NULL),
(3471, 'Jerumenha', NULL, NULL, 17, NULL, NULL, NULL),
(3472, 'João Costa', NULL, NULL, 17, NULL, NULL, NULL),
(3473, 'Joaquim Pires', NULL, NULL, 17, NULL, NULL, NULL),
(3474, 'Joca Marques', NULL, NULL, 17, NULL, NULL, NULL),
(3475, 'José de Freitas', NULL, NULL, 17, NULL, NULL, NULL),
(3476, 'Juazeiro do Piauí', NULL, NULL, 17, NULL, NULL, NULL),
(3477, 'Júlio Borges', NULL, NULL, 17, NULL, NULL, NULL),
(3478, 'Jurema', NULL, NULL, 17, NULL, NULL, NULL),
(3479, 'Lagoa Alegre', NULL, NULL, 17, NULL, NULL, NULL),
(3480, 'Lagoa de São Francisco', NULL, NULL, 17, NULL, NULL, NULL),
(3481, 'Lagoa do Barro do Piauí', NULL, NULL, 17, NULL, NULL, NULL),
(3482, 'Lagoa do Piauí', NULL, NULL, 17, NULL, NULL, NULL),
(3483, 'Lagoa do Sítio', NULL, NULL, 17, NULL, NULL, NULL),
(3484, 'Lagoinha do Piauí', NULL, NULL, 17, NULL, NULL, NULL),
(3485, 'Landri Sales', NULL, NULL, 17, NULL, NULL, NULL),
(3486, 'Luís Correia', NULL, NULL, 17, NULL, NULL, NULL),
(3487, 'Luzilândia', NULL, NULL, 17, NULL, NULL, NULL),
(3488, 'Madeiro', NULL, NULL, 17, NULL, NULL, NULL),
(3489, 'Manoel Emídio', NULL, NULL, 17, NULL, NULL, NULL),
(3490, 'Marcolândia', NULL, NULL, 17, NULL, NULL, NULL),
(3491, 'Marcos Parente', NULL, NULL, 17, NULL, NULL, NULL),
(3492, 'Massapê do Piauí', NULL, NULL, 17, NULL, NULL, NULL),
(3493, 'Matias Olímpio', NULL, NULL, 17, NULL, NULL, NULL),
(3494, 'Miguel Alves', NULL, NULL, 17, NULL, NULL, NULL),
(3495, 'Miguel Leão', NULL, NULL, 17, NULL, NULL, NULL),
(3496, 'Milton Brandão', NULL, NULL, 17, NULL, NULL, NULL),
(3497, 'Monsenhor Gil', NULL, NULL, 17, NULL, NULL, NULL),
(3498, 'Monsenhor Hipólito', NULL, NULL, 17, NULL, NULL, NULL),
(3499, 'Monte Alegre do Piauí', NULL, NULL, 17, NULL, NULL, NULL),
(3500, 'Morro Cabeça no Tempo', NULL, NULL, 17, NULL, NULL, NULL),
(3501, 'Morro do Chapéu do Piauí', NULL, NULL, 17, NULL, NULL, NULL),
(3502, 'Murici dos Portelas', NULL, NULL, 17, NULL, NULL, NULL),
(3503, 'Nazaré do Piauí', NULL, NULL, 17, NULL, NULL, NULL),
(3504, 'Nossa Senhora de Nazaré', NULL, NULL, 17, NULL, NULL, NULL),
(3505, 'Nossa Senhora dos Remédios', NULL, NULL, 17, NULL, NULL, NULL),
(3506, 'Nova Santa Rita', NULL, NULL, 17, NULL, NULL, NULL),
(3507, 'Novo Oriente do Piauí', NULL, NULL, 17, NULL, NULL, NULL),
(3508, 'Novo Santo Antônio', NULL, NULL, 17, NULL, NULL, NULL),
(3509, 'Oeiras', NULL, NULL, 17, NULL, NULL, NULL),
(3510, 'Olho d`Água do Piauí', NULL, NULL, 17, NULL, NULL, NULL),
(3511, 'Padre Marcos', NULL, NULL, 17, NULL, NULL, NULL),
(3512, 'Paes Landim', NULL, NULL, 17, NULL, NULL, NULL),
(3513, 'Pajeú do Piauí', NULL, NULL, 17, NULL, NULL, NULL),
(3514, 'Palmeira do Piauí', NULL, NULL, 17, NULL, NULL, NULL),
(3515, 'Palmeirais', NULL, NULL, 17, NULL, NULL, NULL),
(3516, 'Paquetá', NULL, NULL, 17, NULL, NULL, NULL),
(3517, 'Parnaguá', NULL, NULL, 17, NULL, NULL, NULL),
(3518, 'Parnaíba', NULL, NULL, 17, NULL, NULL, NULL),
(3519, 'Passagem Franca do Piauí', NULL, NULL, 17, NULL, NULL, NULL),
(3520, 'Patos do Piauí', NULL, NULL, 17, NULL, NULL, NULL),
(3521, 'Pau d`Arco do Piauí', NULL, NULL, 17, NULL, NULL, NULL),
(3522, 'Paulistana', NULL, NULL, 17, NULL, NULL, NULL),
(3523, 'Pavussu', NULL, NULL, 17, NULL, NULL, NULL),
(3524, 'Pedro II', NULL, NULL, 17, NULL, NULL, NULL),
(3525, 'Pedro Laurentino', NULL, NULL, 17, NULL, NULL, NULL),
(3526, 'Picos', NULL, NULL, 17, NULL, NULL, NULL),
(3527, 'Pimenteiras', NULL, NULL, 17, NULL, NULL, NULL),
(3528, 'Pio IX', NULL, NULL, 17, NULL, NULL, NULL),
(3529, 'Piracuruca', NULL, NULL, 17, NULL, NULL, NULL),
(3530, 'Piripiri', NULL, NULL, 17, NULL, NULL, NULL),
(3531, 'Porto', NULL, NULL, 17, NULL, NULL, NULL),
(3532, 'Porto Alegre do Piauí', NULL, NULL, 17, NULL, NULL, NULL),
(3533, 'Prata do Piauí', NULL, NULL, 17, NULL, NULL, NULL),
(3534, 'Queimada Nova', NULL, NULL, 17, NULL, NULL, NULL),
(3535, 'Redenção do Gurguéia', NULL, NULL, 17, NULL, NULL, NULL),
(3536, 'Regeneração', NULL, NULL, 17, NULL, NULL, NULL),
(3537, 'Riacho Frio', NULL, NULL, 17, NULL, NULL, NULL),
(3538, 'Ribeira do Piauí', NULL, NULL, 17, NULL, NULL, NULL),
(3539, 'Ribeiro Gonçalves', NULL, NULL, 17, NULL, NULL, NULL),
(3540, 'Rio Grande do Piauí', NULL, NULL, 17, NULL, NULL, NULL),
(3541, 'Santa Cruz do Piauí', NULL, NULL, 17, NULL, NULL, NULL),
(3542, 'Santa Cruz dos Milagres', NULL, NULL, 17, NULL, NULL, NULL),
(3543, 'Santa Filomena', NULL, NULL, 17, NULL, NULL, NULL),
(3544, 'Santa Luz', NULL, NULL, 17, NULL, NULL, NULL),
(3545, 'Santa Rosa do Piauí', NULL, NULL, 17, NULL, NULL, NULL),
(3546, 'Santana do Piauí', NULL, NULL, 17, NULL, NULL, NULL),
(3547, 'Santo Antônio de Lisboa', NULL, NULL, 17, NULL, NULL, NULL),
(3548, 'Santo Antônio dos Milagres', NULL, NULL, 17, NULL, NULL, NULL),
(3549, 'Santo Inácio do Piauí', NULL, NULL, 17, NULL, NULL, NULL),
(3550, 'São Braz do Piauí', NULL, NULL, 17, NULL, NULL, NULL),
(3551, 'São Félix do Piauí', NULL, NULL, 17, NULL, NULL, NULL),
(3552, 'São Francisco de Assis do Piauí', NULL, NULL, 17, NULL, NULL, NULL),
(3553, 'São Francisco do Piauí', NULL, NULL, 17, NULL, NULL, NULL),
(3554, 'São Gonçalo do Gurguéia', NULL, NULL, 17, NULL, NULL, NULL),
(3555, 'São Gonçalo do Piauí', NULL, NULL, 17, NULL, NULL, NULL),
(3556, 'São João da Canabrava', NULL, NULL, 17, NULL, NULL, NULL),
(3557, 'São João da Fronteira', NULL, NULL, 17, NULL, NULL, NULL),
(3558, 'São João da Serra', NULL, NULL, 17, NULL, NULL, NULL),
(3559, 'São João da Varjota', NULL, NULL, 17, NULL, NULL, NULL),
(3560, 'São João do Arraial', NULL, NULL, 17, NULL, NULL, NULL),
(3561, 'São João do Piauí', NULL, NULL, 17, NULL, NULL, NULL),
(3562, 'São José do Divino', NULL, NULL, 17, NULL, NULL, NULL),
(3563, 'São José do Peixe', NULL, NULL, 17, NULL, NULL, NULL),
(3564, 'São José do Piauí', NULL, NULL, 17, NULL, NULL, NULL),
(3565, 'São Julião', NULL, NULL, 17, NULL, NULL, NULL),
(3566, 'São Lourenço do Piauí', NULL, NULL, 17, NULL, NULL, NULL),
(3567, 'São Luis do Piauí', NULL, NULL, 17, NULL, NULL, NULL),
(3568, 'São Miguel da Baixa Grande', NULL, NULL, 17, NULL, NULL, NULL),
(3569, 'São Miguel do Fidalgo', NULL, NULL, 17, NULL, NULL, NULL),
(3570, 'São Miguel do Tapuio', NULL, NULL, 17, NULL, NULL, NULL),
(3571, 'São Pedro do Piauí', NULL, NULL, 17, NULL, NULL, NULL),
(3572, 'São Raimundo Nonato', NULL, NULL, 17, NULL, NULL, NULL),
(3573, 'Sebastião Barros', NULL, NULL, 17, NULL, NULL, NULL),
(3574, 'Sebastião Leal', NULL, NULL, 17, NULL, NULL, NULL),
(3575, 'Sigefredo Pacheco', NULL, NULL, 17, NULL, NULL, NULL),
(3576, 'Simões', NULL, NULL, 17, NULL, NULL, NULL),
(3577, 'Simplício Mendes', NULL, NULL, 17, NULL, NULL, NULL),
(3578, 'Socorro do Piauí', NULL, NULL, 17, NULL, NULL, NULL),
(3579, 'Sussuapara', NULL, NULL, 17, NULL, NULL, NULL),
(3580, 'Tamboril do Piauí', NULL, NULL, 17, NULL, NULL, NULL),
(3581, 'Tanque do Piauí', NULL, NULL, 17, NULL, NULL, NULL),
(3582, 'Teresina', NULL, NULL, 17, NULL, NULL, NULL),
(3583, 'União', NULL, NULL, 17, NULL, NULL, NULL),
(3584, 'Uruçuí', NULL, NULL, 17, NULL, NULL, NULL),
(3585, 'Valença do Piauí', NULL, NULL, 17, NULL, NULL, NULL),
(3586, 'Várzea Branca', NULL, NULL, 17, NULL, NULL, NULL),
(3587, 'Várzea Grande', NULL, NULL, 17, NULL, NULL, NULL),
(3588, 'Vera Mendes', NULL, NULL, 17, NULL, NULL, NULL),
(3589, 'Vila Nova do Piauí', NULL, NULL, 17, NULL, NULL, NULL),
(3590, 'Wall Ferraz', NULL, NULL, 17, NULL, NULL, NULL),
(3591, 'Angra dos Reis', NULL, NULL, 19, NULL, NULL, NULL),
(3592, 'Aperibé', NULL, NULL, 19, NULL, NULL, NULL),
(3593, 'Araruama', NULL, NULL, 19, NULL, NULL, NULL),
(3594, 'Areal', NULL, NULL, 19, NULL, NULL, NULL),
(3595, 'Armação dos Búzios', NULL, NULL, 19, NULL, NULL, NULL),
(3596, 'Arraial do Cabo', NULL, NULL, 19, NULL, NULL, NULL),
(3597, 'Barra do Piraí', NULL, NULL, 19, NULL, NULL, NULL),
(3598, 'Barra Mansa', NULL, NULL, 19, NULL, NULL, NULL),
(3599, 'Belford Roxo', NULL, NULL, 19, NULL, NULL, NULL),
(3600, 'Bom Jardim', NULL, NULL, 19, NULL, NULL, NULL),
(3601, 'Bom Jesus do Itabapoana', NULL, NULL, 19, NULL, NULL, NULL),
(3602, 'Cabo Frio', NULL, NULL, 19, NULL, NULL, NULL),
(3603, 'Cachoeiras de Macacu', NULL, NULL, 19, NULL, NULL, NULL),
(3604, 'Cambuci', NULL, NULL, 19, NULL, NULL, NULL),
(3605, 'Campos dos Goytacazes', NULL, NULL, 19, NULL, NULL, NULL),
(3606, 'Cantagalo', NULL, NULL, 19, NULL, NULL, NULL),
(3607, 'Carapebus', NULL, NULL, 19, NULL, NULL, NULL),
(3608, 'Cardoso Moreira', NULL, NULL, 19, NULL, NULL, NULL),
(3609, 'Carmo', NULL, NULL, 19, NULL, NULL, NULL),
(3610, 'Casimiro de Abreu', NULL, NULL, 19, NULL, NULL, NULL),
(3611, 'Comendador Levy Gasparian', NULL, NULL, 19, NULL, NULL, NULL),
(3612, 'Conceição de Macabu', NULL, NULL, 19, NULL, NULL, NULL),
(3613, 'Cordeiro', NULL, NULL, 19, NULL, NULL, NULL),
(3614, 'Duas Barras', NULL, NULL, 19, NULL, NULL, NULL),
(3615, 'Duque de Caxias', NULL, NULL, 19, NULL, NULL, NULL),
(3616, 'Engenheiro Paulo de Frontin', NULL, NULL, 19, NULL, NULL, NULL),
(3617, 'Guapimirim', NULL, NULL, 19, NULL, NULL, NULL),
(3618, 'Iguaba Grande', NULL, NULL, 19, NULL, NULL, NULL),
(3619, 'Itaboraí', NULL, NULL, 19, NULL, NULL, NULL),
(3620, 'Itaguaí', NULL, NULL, 19, NULL, NULL, NULL),
(3621, 'Italva', NULL, NULL, 19, NULL, NULL, NULL),
(3622, 'Itaocara', NULL, NULL, 19, NULL, NULL, NULL),
(3623, 'Itaperuna', NULL, NULL, 19, NULL, NULL, NULL),
(3624, 'Itatiaia', NULL, NULL, 19, NULL, NULL, NULL),
(3625, 'Japeri', NULL, NULL, 19, NULL, NULL, NULL),
(3626, 'Laje do Muriaé', NULL, NULL, 19, NULL, NULL, NULL),
(3627, 'Macaé', NULL, NULL, 19, NULL, NULL, NULL),
(3628, 'Macuco', NULL, NULL, 19, NULL, NULL, NULL),
(3629, 'Magé', NULL, NULL, 19, NULL, NULL, NULL),
(3630, 'Mangaratiba', NULL, NULL, 19, NULL, NULL, NULL),
(3631, 'Maricá', NULL, NULL, 19, NULL, NULL, NULL),
(3632, 'Mendes', NULL, NULL, 19, NULL, NULL, NULL),
(3633, 'Mesquita', NULL, NULL, 19, NULL, NULL, NULL),
(3634, 'Miguel Pereira', NULL, NULL, 19, NULL, NULL, NULL),
(3635, 'Miracema', NULL, NULL, 19, NULL, NULL, NULL),
(3636, 'Natividade', NULL, NULL, 19, NULL, NULL, NULL),
(3637, 'Nilópolis', NULL, NULL, 19, NULL, NULL, NULL),
(3638, 'Niterói', NULL, NULL, 19, NULL, NULL, NULL),
(3639, 'Nova Friburgo', NULL, NULL, 19, NULL, NULL, NULL),
(3640, 'Nova Iguaçu', NULL, NULL, 19, NULL, NULL, NULL),
(3641, 'Paracambi', NULL, NULL, 19, NULL, NULL, NULL),
(3642, 'Paraíba do Sul', NULL, NULL, 19, NULL, NULL, NULL),
(3643, 'Parati', NULL, NULL, 19, NULL, NULL, NULL),
(3644, 'Paty do Alferes', NULL, NULL, 19, NULL, NULL, NULL),
(3645, 'Petrópolis', NULL, NULL, 19, NULL, NULL, NULL),
(3646, 'Pinheiral', NULL, NULL, 19, NULL, NULL, NULL),
(3647, 'Piraí', NULL, NULL, 19, NULL, NULL, NULL),
(3648, 'Porciúncula', NULL, NULL, 19, NULL, NULL, NULL),
(3649, 'Porto Real', NULL, NULL, 19, NULL, NULL, NULL),
(3650, 'Quatis', NULL, NULL, 19, NULL, NULL, NULL),
(3651, 'Queimados', NULL, NULL, 19, NULL, NULL, NULL),
(3652, 'Quissamã', NULL, NULL, 19, NULL, NULL, NULL),
(3653, 'Resende', NULL, NULL, 19, NULL, NULL, NULL),
(3654, 'Rio Bonito', NULL, NULL, 19, NULL, NULL, NULL),
(3655, 'Rio Claro', NULL, NULL, 19, NULL, NULL, NULL),
(3656, 'Rio das Flores', NULL, NULL, 19, NULL, NULL, NULL),
(3657, 'Rio das Ostras', NULL, NULL, 19, NULL, NULL, NULL),
(3658, 'Rio de Janeiro', NULL, NULL, 19, NULL, NULL, NULL),
(3659, 'Santa Maria Madalena', NULL, NULL, 19, NULL, NULL, NULL),
(3660, 'Santo Antônio de Pádua', NULL, NULL, 19, NULL, NULL, NULL),
(3661, 'São Fidélis', NULL, NULL, 19, NULL, NULL, NULL),
(3662, 'São Francisco de Itabapoana', NULL, NULL, 19, NULL, NULL, NULL),
(3663, 'São Gonçalo', NULL, NULL, 19, NULL, NULL, NULL),
(3664, 'São João da Barra', NULL, NULL, 19, NULL, NULL, NULL),
(3665, 'São João de Meriti', NULL, NULL, 19, NULL, NULL, NULL),
(3666, 'São José de Ubá', NULL, NULL, 19, NULL, NULL, NULL),
(3667, 'São José do Vale do Rio Pret', NULL, NULL, 19, NULL, NULL, NULL),
(3668, 'São Pedro da Aldeia', NULL, NULL, 19, NULL, NULL, NULL),
(3669, 'São Sebastião do Alto', NULL, NULL, 19, NULL, NULL, NULL),
(3670, 'Sapucaia', NULL, NULL, 19, NULL, NULL, NULL),
(3671, 'Saquarema', NULL, NULL, 19, NULL, NULL, NULL),
(3672, 'Seropédica', NULL, NULL, 19, NULL, NULL, NULL),
(3673, 'Silva Jardim', NULL, NULL, 19, NULL, NULL, NULL),
(3674, 'Sumidouro', NULL, NULL, 19, NULL, NULL, NULL),
(3675, 'Tanguá', NULL, NULL, 19, NULL, NULL, NULL),
(3676, 'Teresópolis', NULL, NULL, 19, NULL, NULL, NULL),
(3677, 'Trajano de Morais', NULL, NULL, 19, NULL, NULL, NULL),
(3678, 'Três Rios', NULL, NULL, 19, NULL, NULL, NULL),
(3679, 'Valença', NULL, NULL, 19, NULL, NULL, NULL),
(3680, 'Varre-Sai', NULL, NULL, 19, NULL, NULL, NULL),
(3681, 'Vassouras', NULL, NULL, 19, NULL, NULL, NULL),
(3682, 'Volta Redonda', NULL, NULL, 19, NULL, NULL, NULL),
(3683, 'Acari', NULL, NULL, 20, NULL, NULL, NULL),
(3684, 'Açu', NULL, NULL, 20, NULL, NULL, NULL),
(3685, 'Afonso Bezerra', NULL, NULL, 20, NULL, NULL, NULL),
(3686, 'Água Nova', NULL, NULL, 20, NULL, NULL, NULL),
(3687, 'Alexandria', NULL, NULL, 20, NULL, NULL, NULL),
(3688, 'Almino Afonso', NULL, NULL, 20, NULL, NULL, NULL),
(3689, 'Alto do Rodrigues', NULL, NULL, 20, NULL, NULL, NULL),
(3690, 'Angicos', NULL, NULL, 20, NULL, NULL, NULL),
(3691, 'Antônio Martins', NULL, NULL, 20, NULL, NULL, NULL),
(3692, 'Apodi', NULL, NULL, 20, NULL, NULL, NULL),
(3693, 'Areia Branca', NULL, NULL, 20, NULL, NULL, NULL),
(3694, 'Arês', NULL, NULL, 20, NULL, NULL, NULL),
(3695, 'Augusto Severo', NULL, NULL, 20, NULL, NULL, NULL),
(3696, 'Baía Formosa', NULL, NULL, 20, NULL, NULL, NULL),
(3697, 'Baraúna', NULL, NULL, 20, NULL, NULL, NULL),
(3698, 'Barcelona', NULL, NULL, 20, NULL, NULL, NULL),
(3699, 'Bento Fernandes', NULL, NULL, 20, NULL, NULL, NULL),
(3700, 'Bodó', NULL, NULL, 20, NULL, NULL, NULL),
(3701, 'Bom Jesus', NULL, NULL, 20, NULL, NULL, NULL),
(3702, 'Brejinho', NULL, NULL, 20, NULL, NULL, NULL),
(3703, 'Caiçara do Norte', NULL, NULL, 20, NULL, NULL, NULL),
(3704, 'Caiçara do Rio do Vento', NULL, NULL, 20, NULL, NULL, NULL),
(3705, 'Caicó', NULL, NULL, 20, NULL, NULL, NULL),
(3706, 'Campo Redondo', NULL, NULL, 20, NULL, NULL, NULL),
(3707, 'Canguaretama', NULL, NULL, 20, NULL, NULL, NULL),
(3708, 'Caraúbas', NULL, NULL, 20, NULL, NULL, NULL),
(3709, 'Carnaúba dos Dantas', NULL, NULL, 20, NULL, NULL, NULL),
(3710, 'Carnaubais', NULL, NULL, 20, NULL, NULL, NULL),
(3711, 'Ceará-Mirim', NULL, NULL, 20, NULL, NULL, NULL),
(3712, 'Cerro Corá', NULL, NULL, 20, NULL, NULL, NULL),
(3713, 'Coronel Ezequiel', NULL, NULL, 20, NULL, NULL, NULL),
(3714, 'Coronel João Pessoa', NULL, NULL, 20, NULL, NULL, NULL),
(3715, 'Cruzeta', NULL, NULL, 20, NULL, NULL, NULL),
(3716, 'Currais Novos', NULL, NULL, 20, NULL, NULL, NULL),
(3717, 'Doutor Severiano', NULL, NULL, 20, NULL, NULL, NULL),
(3718, 'Encanto', NULL, NULL, 20, NULL, NULL, NULL),
(3719, 'Equador', NULL, NULL, 20, NULL, NULL, NULL),
(3720, 'Espírito Santo', NULL, NULL, 20, NULL, NULL, NULL),
(3721, 'Extremoz', NULL, NULL, 20, NULL, NULL, NULL),
(3722, 'Felipe Guerra', NULL, NULL, 20, NULL, NULL, NULL),
(3723, 'Fernando Pedroza', NULL, NULL, 20, NULL, NULL, NULL),
(3724, 'Florânia', NULL, NULL, 20, NULL, NULL, NULL),
(3725, 'Francisco Dantas', NULL, NULL, 20, NULL, NULL, NULL),
(3726, 'Frutuoso Gomes', NULL, NULL, 20, NULL, NULL, NULL),
(3727, 'Galinhos', NULL, NULL, 20, NULL, NULL, NULL),
(3728, 'Goianinha', NULL, NULL, 20, NULL, NULL, NULL),
(3729, 'Governador Dix-Sept Rosado', NULL, NULL, 20, NULL, NULL, NULL),
(3730, 'Grossos', NULL, NULL, 20, NULL, NULL, NULL),
(3731, 'Guamaré', NULL, NULL, 20, NULL, NULL, NULL),
(3732, 'Ielmo Marinho', NULL, NULL, 20, NULL, NULL, NULL),
(3733, 'Ipanguaçu', NULL, NULL, 20, NULL, NULL, NULL),
(3734, 'Ipueira', NULL, NULL, 20, NULL, NULL, NULL),
(3735, 'Itajá', NULL, NULL, 20, NULL, NULL, NULL),
(3736, 'Itaú', NULL, NULL, 20, NULL, NULL, NULL),
(3737, 'Jaçanã', NULL, NULL, 20, NULL, NULL, NULL),
(3738, 'Jandaíra', NULL, NULL, 20, NULL, NULL, NULL),
(3739, 'Janduís', NULL, NULL, 20, NULL, NULL, NULL),
(3740, 'Januário Cicco', NULL, NULL, 20, NULL, NULL, NULL),
(3741, 'Japi', NULL, NULL, 20, NULL, NULL, NULL),
(3742, 'Jardim de Angicos', NULL, NULL, 20, NULL, NULL, NULL),
(3743, 'Jardim de Piranhas', NULL, NULL, 20, NULL, NULL, NULL),
(3744, 'Jardim do Seridó', NULL, NULL, 20, NULL, NULL, NULL),
(3745, 'João Câmara', NULL, NULL, 20, NULL, NULL, NULL),
(3746, 'João Dias', NULL, NULL, 20, NULL, NULL, NULL),
(3747, 'José da Penha', NULL, NULL, 20, NULL, NULL, NULL),
(3748, 'Jucurutu', NULL, NULL, 20, NULL, NULL, NULL),
(3749, 'Jundiá', NULL, NULL, 20, NULL, NULL, NULL),
(3750, 'Lagoa d`Anta', NULL, NULL, 20, NULL, NULL, NULL),
(3751, 'Lagoa de Pedras', NULL, NULL, 20, NULL, NULL, NULL),
(3752, 'Lagoa de Velhos', NULL, NULL, 20, NULL, NULL, NULL),
(3753, 'Lagoa Nova', NULL, NULL, 20, NULL, NULL, NULL),
(3754, 'Lagoa Salgada', NULL, NULL, 20, NULL, NULL, NULL),
(3755, 'Lajes', NULL, NULL, 20, NULL, NULL, NULL),
(3756, 'Lajes Pintadas', NULL, NULL, 20, NULL, NULL, NULL),
(3757, 'Lucrécia', NULL, NULL, 20, NULL, NULL, NULL),
(3758, 'Luís Gomes', NULL, NULL, 20, NULL, NULL, NULL),
(3759, 'Macaíba', NULL, NULL, 20, NULL, NULL, NULL),
(3760, 'Macau', NULL, NULL, 20, NULL, NULL, NULL),
(3761, 'Major Sales', NULL, NULL, 20, NULL, NULL, NULL),
(3762, 'Marcelino Vieira', NULL, NULL, 20, NULL, NULL, NULL),
(3763, 'Martins', NULL, NULL, 20, NULL, NULL, NULL),
(3764, 'Maxaranguape', NULL, NULL, 20, NULL, NULL, NULL),
(3765, 'Messias Targino', NULL, NULL, 20, NULL, NULL, NULL),
(3766, 'Montanhas', NULL, NULL, 20, NULL, NULL, NULL),
(3767, 'Monte Alegre', NULL, NULL, 20, NULL, NULL, NULL),
(3768, 'Monte das Gameleiras', NULL, NULL, 20, NULL, NULL, NULL),
(3769, 'Mossoró', NULL, NULL, 20, NULL, NULL, NULL),
(3770, 'Natal', NULL, NULL, 20, NULL, NULL, NULL),
(3771, 'Nísia Floresta', NULL, NULL, 20, NULL, NULL, NULL),
(3772, 'Nova Cruz', NULL, NULL, 20, NULL, NULL, NULL),
(3773, 'Olho-d`Água do Borges', NULL, NULL, 20, NULL, NULL, NULL),
(3774, 'Ouro Branco', NULL, NULL, 20, NULL, NULL, NULL),
(3775, 'Paraná', NULL, NULL, 20, NULL, NULL, NULL),
(3776, 'Paraú', NULL, NULL, 20, NULL, NULL, NULL),
(3777, 'Parazinho', NULL, NULL, 20, NULL, NULL, NULL),
(3778, 'Parelhas', NULL, NULL, 20, NULL, NULL, NULL),
(3779, 'Parnamirim', NULL, NULL, 20, NULL, NULL, NULL),
(3780, 'Passa e Fica', NULL, NULL, 20, NULL, NULL, NULL),
(3781, 'Passagem', NULL, NULL, 20, NULL, NULL, NULL),
(3782, 'Patu', NULL, NULL, 20, NULL, NULL, NULL),
(3783, 'Pau dos Ferros', NULL, NULL, 20, NULL, NULL, NULL),
(3784, 'Pedra Grande', NULL, NULL, 20, NULL, NULL, NULL),
(3785, 'Pedra Preta', NULL, NULL, 20, NULL, NULL, NULL),
(3786, 'Pedro Avelino', NULL, NULL, 20, NULL, NULL, NULL),
(3787, 'Pedro Velho', NULL, NULL, 20, NULL, NULL, NULL),
(3788, 'Pendências', NULL, NULL, 20, NULL, NULL, NULL),
(3789, 'Pilões', NULL, NULL, 20, NULL, NULL, NULL),
(3790, 'Poço Branco', NULL, NULL, 20, NULL, NULL, NULL),
(3791, 'Portalegre', NULL, NULL, 20, NULL, NULL, NULL),
(3792, 'Porto do Mangue', NULL, NULL, 20, NULL, NULL, NULL),
(3793, 'Presidente Juscelino', NULL, NULL, 20, NULL, NULL, NULL),
(3794, 'Pureza', NULL, NULL, 20, NULL, NULL, NULL),
(3795, 'Rafael Fernandes', NULL, NULL, 20, NULL, NULL, NULL),
(3796, 'Rafael Godeiro', NULL, NULL, 20, NULL, NULL, NULL),
(3797, 'Riacho da Cruz', NULL, NULL, 20, NULL, NULL, NULL),
(3798, 'Riacho de Santana', NULL, NULL, 20, NULL, NULL, NULL),
(3799, 'Riachuelo', NULL, NULL, 20, NULL, NULL, NULL),
(3800, 'Rio do Fogo', NULL, NULL, 20, NULL, NULL, NULL),
(3801, 'Rodolfo Fernandes', NULL, NULL, 20, NULL, NULL, NULL),
(3802, 'Ruy Barbosa', NULL, NULL, 20, NULL, NULL, NULL),
(3803, 'Santa Cruz', NULL, NULL, 20, NULL, NULL, NULL),
(3804, 'Santa Maria', NULL, NULL, 20, NULL, NULL, NULL),
(3805, 'Santana do Matos', NULL, NULL, 20, NULL, NULL, NULL),
(3806, 'Santana do Seridó', NULL, NULL, 20, NULL, NULL, NULL),
(3807, 'Santo Antônio', NULL, NULL, 20, NULL, NULL, NULL),
(3808, 'São Bento do Norte', NULL, NULL, 20, NULL, NULL, NULL),
(3809, 'São Bento do Trairí', NULL, NULL, 20, NULL, NULL, NULL),
(3810, 'São Fernando', NULL, NULL, 20, NULL, NULL, NULL),
(3811, 'São Francisco do Oeste', NULL, NULL, 20, NULL, NULL, NULL),
(3812, 'São Gonçalo do Amarante', NULL, NULL, 20, NULL, NULL, NULL),
(3813, 'São João do Sabugi', NULL, NULL, 20, NULL, NULL, NULL),
(3814, 'São José de Mipibu', NULL, NULL, 20, NULL, NULL, NULL),
(3815, 'São José do Campestre', NULL, NULL, 20, NULL, NULL, NULL),
(3816, 'São José do Seridó', NULL, NULL, 20, NULL, NULL, NULL),
(3817, 'São Miguel', NULL, NULL, 20, NULL, NULL, NULL),
(3818, 'São Miguel do Gostoso', NULL, NULL, 20, NULL, NULL, NULL),
(3819, 'São Paulo do Potengi', NULL, NULL, 20, NULL, NULL, NULL),
(3820, 'São Pedro', NULL, NULL, 20, NULL, NULL, NULL),
(3821, 'São Rafael', NULL, NULL, 20, NULL, NULL, NULL),
(3822, 'São Tomé', NULL, NULL, 20, NULL, NULL, NULL),
(3823, 'São Vicente', NULL, NULL, 20, NULL, NULL, NULL),
(3824, 'Senador Elói de Souza', NULL, NULL, 20, NULL, NULL, NULL),
(3825, 'Senador Georgino Avelino', NULL, NULL, 20, NULL, NULL, NULL),
(3826, 'Serra de São Bento', NULL, NULL, 20, NULL, NULL, NULL),
(3827, 'Serra do Mel', NULL, NULL, 20, NULL, NULL, NULL),
(3828, 'Serra Negra do Norte', NULL, NULL, 20, NULL, NULL, NULL),
(3829, 'Serrinha', NULL, NULL, 20, NULL, NULL, NULL),
(3830, 'Serrinha dos Pintos', NULL, NULL, 20, NULL, NULL, NULL),
(3831, 'Severiano Melo', NULL, NULL, 20, NULL, NULL, NULL),
(3832, 'Sítio Novo', NULL, NULL, 20, NULL, NULL, NULL),
(3833, 'Taboleiro Grande', NULL, NULL, 20, NULL, NULL, NULL),
(3834, 'Taipu', NULL, NULL, 20, NULL, NULL, NULL),
(3835, 'Tangará', NULL, NULL, 20, NULL, NULL, NULL),
(3836, 'Tenente Ananias', NULL, NULL, 20, NULL, NULL, NULL),
(3837, 'Tenente Laurentino Cruz', NULL, NULL, 20, NULL, NULL, NULL),
(3838, 'Tibau', NULL, NULL, 20, NULL, NULL, NULL),
(3839, 'Tibau do Sul', NULL, NULL, 20, NULL, NULL, NULL),
(3840, 'Timbaúba dos Batistas', NULL, NULL, 20, NULL, NULL, NULL),
(3841, 'Touros', NULL, NULL, 20, NULL, NULL, NULL),
(3842, 'Triunfo Potiguar', NULL, NULL, 20, NULL, NULL, NULL),
(3843, 'Umarizal', NULL, NULL, 20, NULL, NULL, NULL),
(3844, 'Upanema', NULL, NULL, 20, NULL, NULL, NULL),
(3845, 'Várzea', NULL, NULL, 20, NULL, NULL, NULL),
(3846, 'Venha-Ver', NULL, NULL, 20, NULL, NULL, NULL),
(3847, 'Vera Cruz', NULL, NULL, 20, NULL, NULL, NULL),
(3848, 'Viçosa', NULL, NULL, 20, NULL, NULL, NULL),
(3849, 'Vila Flor', NULL, NULL, 20, NULL, NULL, NULL),
(3850, 'Aceguá', NULL, NULL, 23, NULL, NULL, NULL),
(3851, 'Água Santa', NULL, NULL, 23, NULL, NULL, NULL),
(3852, 'Agudo', NULL, NULL, 23, NULL, NULL, NULL),
(3853, 'Ajuricaba', NULL, NULL, 23, NULL, NULL, NULL),
(3854, 'Alecrim', NULL, NULL, 23, NULL, NULL, NULL),
(3855, 'Alegrete', NULL, NULL, 23, NULL, NULL, NULL),
(3856, 'Alegria', NULL, NULL, 23, NULL, NULL, NULL),
(3857, 'Almirante Tamandaré do Sul', NULL, NULL, 23, NULL, NULL, NULL),
(3858, 'Alpestre', NULL, NULL, 23, NULL, NULL, NULL),
(3859, 'Alto Alegre', NULL, NULL, 23, NULL, NULL, NULL),
(3860, 'Alto Feliz', NULL, NULL, 23, NULL, NULL, NULL),
(3861, 'Alvorada', NULL, NULL, 23, NULL, NULL, NULL),
(3862, 'Amaral Ferrador', NULL, NULL, 23, NULL, NULL, NULL),
(3863, 'Ametista do Sul', NULL, NULL, 23, NULL, NULL, NULL),
(3864, 'André da Rocha', NULL, NULL, 23, NULL, NULL, NULL),
(3865, 'Anta Gorda', NULL, NULL, 23, NULL, NULL, NULL),
(3866, 'Antônio Prado', NULL, NULL, 23, NULL, NULL, NULL),
(3867, 'Arambaré', NULL, NULL, 23, NULL, NULL, NULL),
(3868, 'Araricá', NULL, NULL, 23, NULL, NULL, NULL),
(3869, 'Aratiba', NULL, NULL, 23, NULL, NULL, NULL),
(3870, 'Arroio do Meio', NULL, NULL, 23, NULL, NULL, NULL),
(3871, 'Arroio do Padre', NULL, NULL, 23, NULL, NULL, NULL),
(3872, 'Arroio do Sal', NULL, NULL, 23, NULL, NULL, NULL),
(3873, 'Arroio do Tigre', NULL, NULL, 23, NULL, NULL, NULL),
(3874, 'Arroio dos Ratos', NULL, NULL, 23, NULL, NULL, NULL),
(3875, 'Arroio Grande', NULL, NULL, 23, NULL, NULL, NULL),
(3876, 'Arvorezinha', NULL, NULL, 23, NULL, NULL, NULL),
(3877, 'Augusto Pestana', NULL, NULL, 23, NULL, NULL, NULL),
(3878, 'Áurea', NULL, NULL, 23, NULL, NULL, NULL),
(3879, 'Bagé', NULL, NULL, 23, NULL, NULL, NULL),
(3880, 'Balneário Pinhal', NULL, NULL, 23, NULL, NULL, NULL),
(3881, 'Barão', NULL, NULL, 23, NULL, NULL, NULL),
(3882, 'Barão de Cotegipe', NULL, NULL, 23, NULL, NULL, NULL),
(3883, 'Barão do Triunfo', NULL, NULL, 23, NULL, NULL, NULL),
(3884, 'Barra do Guarita', NULL, NULL, 23, NULL, NULL, NULL),
(3885, 'Barra do Quaraí', NULL, NULL, 23, NULL, NULL, NULL),
(3886, 'Barra do Ribeiro', NULL, NULL, 23, NULL, NULL, NULL),
(3887, 'Barra do Rio Azul', NULL, NULL, 23, NULL, NULL, NULL),
(3888, 'Barra Funda', NULL, NULL, 23, NULL, NULL, NULL),
(3889, 'Barracão', NULL, NULL, 23, NULL, NULL, NULL),
(3890, 'Barros Cassal', NULL, NULL, 23, NULL, NULL, NULL),
(3891, 'Benjamin Constant do Sul', NULL, NULL, 23, NULL, NULL, NULL),
(3892, 'Bento Gonçalves', NULL, NULL, 23, NULL, NULL, NULL),
(3893, 'Boa Vista das Missões', NULL, NULL, 23, NULL, NULL, NULL),
(3894, 'Boa Vista do Buricá', NULL, NULL, 23, NULL, NULL, NULL),
(3895, 'Boa Vista do Cadeado', NULL, NULL, 23, NULL, NULL, NULL),
(3896, 'Boa Vista do Incra', NULL, NULL, 23, NULL, NULL, NULL),
(3897, 'Boa Vista do Sul', NULL, NULL, 23, NULL, NULL, NULL),
(3898, 'Bom Jesus', NULL, NULL, 23, NULL, NULL, NULL),
(3899, 'Bom Princípio', NULL, NULL, 23, NULL, NULL, NULL),
(3900, 'Bom Progresso', NULL, NULL, 23, NULL, NULL, NULL),
(3901, 'Bom Retiro do Sul', NULL, NULL, 23, NULL, NULL, NULL),
(3902, 'Boqueirão do Leão', NULL, NULL, 23, NULL, NULL, NULL),
(3903, 'Bossoroca', NULL, NULL, 23, NULL, NULL, NULL),
(3904, 'Bozano', NULL, NULL, 23, NULL, NULL, NULL),
(3905, 'Braga', NULL, NULL, 23, NULL, NULL, NULL),
(3906, 'Brochier', NULL, NULL, 23, NULL, NULL, NULL),
(3907, 'Butiá', NULL, NULL, 23, NULL, NULL, NULL),
(3908, 'Caçapava do Sul', NULL, NULL, 23, NULL, NULL, NULL),
(3909, 'Cacequi', NULL, NULL, 23, NULL, NULL, NULL),
(3910, 'Cachoeira do Sul', NULL, NULL, 23, NULL, NULL, NULL),
(3911, 'Cachoeirinha', NULL, NULL, 23, NULL, NULL, NULL),
(3912, 'Cacique Doble', NULL, NULL, 23, NULL, NULL, NULL),
(3913, 'Caibaté', NULL, NULL, 23, NULL, NULL, NULL),
(3914, 'Caiçara', NULL, NULL, 23, NULL, NULL, NULL),
(3915, 'Camaquã', NULL, NULL, 23, NULL, NULL, NULL),
(3916, 'Camargo', NULL, NULL, 23, NULL, NULL, NULL),
(3917, 'Cambará do Sul', NULL, NULL, 23, NULL, NULL, NULL),
(3918, 'Campestre da Serra', NULL, NULL, 23, NULL, NULL, NULL),
(3919, 'Campina das Missões', NULL, NULL, 23, NULL, NULL, NULL),
(3920, 'Campinas do Sul', NULL, NULL, 23, NULL, NULL, NULL),
(3921, 'Campo Bom', NULL, NULL, 23, NULL, NULL, NULL),
(3922, 'Campo Novo', NULL, NULL, 23, NULL, NULL, NULL),
(3923, 'Campos Borges', NULL, NULL, 23, NULL, NULL, NULL),
(3924, 'Candelária', NULL, NULL, 23, NULL, NULL, NULL),
(3925, 'Cândido Godói', NULL, NULL, 23, NULL, NULL, NULL),
(3926, 'Candiota', NULL, NULL, 23, NULL, NULL, NULL),
(3927, 'Canela', NULL, NULL, 23, NULL, NULL, NULL),
(3928, 'Canguçu', NULL, NULL, 23, NULL, NULL, NULL),
(3929, 'Canoas', NULL, NULL, 23, NULL, NULL, NULL),
(3930, 'Canudos do Vale', NULL, NULL, 23, NULL, NULL, NULL),
(3931, 'Capão Bonito do Sul', NULL, NULL, 23, NULL, NULL, NULL),
(3932, 'Capão da Canoa', NULL, NULL, 23, NULL, NULL, NULL),
(3933, 'Capão do Cipó', NULL, NULL, 23, NULL, NULL, NULL),
(3934, 'Capão do Leão', NULL, NULL, 23, NULL, NULL, NULL),
(3935, 'Capela de Santana', NULL, NULL, 23, NULL, NULL, NULL),
(3936, 'Capitão', NULL, NULL, 23, NULL, NULL, NULL),
(3937, 'Capivari do Sul', NULL, NULL, 23, NULL, NULL, NULL),
(3938, 'Caraá', NULL, NULL, 23, NULL, NULL, NULL),
(3939, 'Carazinho', NULL, NULL, 23, NULL, NULL, NULL),
(3940, 'Carlos Barbosa', NULL, NULL, 23, NULL, NULL, NULL),
(3941, 'Carlos Gomes', NULL, NULL, 23, NULL, NULL, NULL),
(3942, 'Casca', NULL, NULL, 23, NULL, NULL, NULL),
(3943, 'Caseiros', NULL, NULL, 23, NULL, NULL, NULL),
(3944, 'Catuípe', NULL, NULL, 23, NULL, NULL, NULL),
(3945, 'Caxias do Sul', NULL, NULL, 23, NULL, NULL, NULL),
(3946, 'Centenário', NULL, NULL, 23, NULL, NULL, NULL),
(3947, 'Cerrito', NULL, NULL, 23, NULL, NULL, NULL),
(3948, 'Cerro Branco', NULL, NULL, 23, NULL, NULL, NULL),
(3949, 'Cerro Grande', NULL, NULL, 23, NULL, NULL, NULL),
(3950, 'Cerro Grande do Sul', NULL, NULL, 23, NULL, NULL, NULL),
(3951, 'Cerro Largo', NULL, NULL, 23, NULL, NULL, NULL),
(3952, 'Chapada', NULL, NULL, 23, NULL, NULL, NULL),
(3953, 'Charqueadas', NULL, NULL, 23, NULL, NULL, NULL),
(3954, 'Charrua', NULL, NULL, 23, NULL, NULL, NULL),
(3955, 'Chiapeta', NULL, NULL, 23, NULL, NULL, NULL),
(3956, 'Chuí', NULL, NULL, 23, NULL, NULL, NULL),
(3957, 'Chuvisca', NULL, NULL, 23, NULL, NULL, NULL),
(3958, 'Cidreira', NULL, NULL, 23, NULL, NULL, NULL),
(3959, 'Ciríaco', NULL, NULL, 23, NULL, NULL, NULL),
(3960, 'Colinas', NULL, NULL, 23, NULL, NULL, NULL),
(3961, 'Colorado', NULL, NULL, 23, NULL, NULL, NULL),
(3962, 'Condor', NULL, NULL, 23, NULL, NULL, NULL),
(3963, 'Constantina', NULL, NULL, 23, NULL, NULL, NULL),
(3964, 'Coqueiro Baixo', NULL, NULL, 23, NULL, NULL, NULL),
(3965, 'Coqueiros do Sul', NULL, NULL, 23, NULL, NULL, NULL),
(3966, 'Coronel Barros', NULL, NULL, 23, NULL, NULL, NULL),
(3967, 'Coronel Bicaco', NULL, NULL, 23, NULL, NULL, NULL),
(3968, 'Coronel Pilar', NULL, NULL, 23, NULL, NULL, NULL),
(3969, 'Cotiporã', NULL, NULL, 23, NULL, NULL, NULL),
(3970, 'Coxilha', NULL, NULL, 23, NULL, NULL, NULL),
(3971, 'Crissiumal', NULL, NULL, 23, NULL, NULL, NULL),
(3972, 'Cristal', NULL, NULL, 23, NULL, NULL, NULL),
(3973, 'Cristal do Sul', NULL, NULL, 23, NULL, NULL, NULL),
(3974, 'Cruz Alta', NULL, NULL, 23, NULL, NULL, NULL),
(3975, 'Cruzaltense', NULL, NULL, 23, NULL, NULL, NULL),
(3976, 'Cruzeiro do Sul', NULL, NULL, 23, NULL, NULL, NULL),
(3977, 'David Canabarro', NULL, NULL, 23, NULL, NULL, NULL),
(3978, 'Derrubadas', NULL, NULL, 23, NULL, NULL, NULL),
(3979, 'Dezesseis de Novembro', NULL, NULL, 23, NULL, NULL, NULL),
(3980, 'Dilermando de Aguiar', NULL, NULL, 23, NULL, NULL, NULL),
(3981, 'Dois Irmãos', NULL, NULL, 23, NULL, NULL, NULL),
(3982, 'Dois Irmãos das Missões', NULL, NULL, 23, NULL, NULL, NULL),
(3983, 'Dois Lajeados', NULL, NULL, 23, NULL, NULL, NULL),
(3984, 'Dom Feliciano', NULL, NULL, 23, NULL, NULL, NULL),
(3985, 'Dom Pedrito', NULL, NULL, 23, NULL, NULL, NULL),
(3986, 'Dom Pedro de Alcântara', NULL, NULL, 23, NULL, NULL, NULL),
(3987, 'Dona Francisca', NULL, NULL, 23, NULL, NULL, NULL),
(3988, 'Doutor Maurício Cardoso', NULL, NULL, 23, NULL, NULL, NULL),
(3989, 'Doutor Ricardo', NULL, NULL, 23, NULL, NULL, NULL),
(3990, 'Eldorado do Sul', NULL, NULL, 23, NULL, NULL, NULL),
(3991, 'Encantado', NULL, NULL, 23, NULL, NULL, NULL),
(3992, 'Encruzilhada do Sul', NULL, NULL, 23, NULL, NULL, NULL),
(3993, 'Engenho Velho', NULL, NULL, 23, NULL, NULL, NULL),
(3994, 'Entre Rios do Sul', NULL, NULL, 23, NULL, NULL, NULL),
(3995, 'Entre-Ijuís', NULL, NULL, 23, NULL, NULL, NULL),
(3996, 'Erebango', NULL, NULL, 23, NULL, NULL, NULL),
(3997, 'Erechim', NULL, NULL, 23, NULL, NULL, NULL),
(3998, 'Ernestina', NULL, NULL, 23, NULL, NULL, NULL),
(3999, 'Erval Grande', NULL, NULL, 23, NULL, NULL, NULL),
(4000, 'Erval Seco', NULL, NULL, 23, NULL, NULL, NULL),
(4001, 'Esmeralda', NULL, NULL, 23, NULL, NULL, NULL),
(4002, 'Esperança do Sul', NULL, NULL, 23, NULL, NULL, NULL),
(4003, 'Espumoso', NULL, NULL, 23, NULL, NULL, NULL),
(4004, 'Estação', NULL, NULL, 23, NULL, NULL, NULL),
(4005, 'Estância Velha', NULL, NULL, 23, NULL, NULL, NULL),
(4006, 'Esteio', NULL, NULL, 23, NULL, NULL, NULL),
(4007, 'Estrela', NULL, NULL, 23, NULL, NULL, NULL),
(4008, 'Estrela Velha', NULL, NULL, 23, NULL, NULL, NULL),
(4009, 'Eugênio de Castro', NULL, NULL, 23, NULL, NULL, NULL),
(4010, 'Fagundes Varela', NULL, NULL, 23, NULL, NULL, NULL),
(4011, 'Farroupilha', NULL, NULL, 23, NULL, NULL, NULL),
(4012, 'Faxinal do Soturno', NULL, NULL, 23, NULL, NULL, NULL),
(4013, 'Faxinalzinho', NULL, NULL, 23, NULL, NULL, NULL),
(4014, 'Fazenda Vilanova', NULL, NULL, 23, NULL, NULL, NULL),
(4015, 'Feliz', NULL, NULL, 23, NULL, NULL, NULL),
(4016, 'Flores da Cunha', NULL, NULL, 23, NULL, NULL, NULL),
(4017, 'Floriano Peixoto', NULL, NULL, 23, NULL, NULL, NULL),
(4018, 'Fontoura Xavier', NULL, NULL, 23, NULL, NULL, NULL),
(4019, 'Formigueiro', NULL, NULL, 23, NULL, NULL, NULL),
(4020, 'Forquetinha', NULL, NULL, 23, NULL, NULL, NULL),
(4021, 'Fortaleza dos Valos', NULL, NULL, 23, NULL, NULL, NULL),
(4022, 'Frederico Westphalen', NULL, NULL, 23, NULL, NULL, NULL),
(4023, 'Garibaldi', NULL, NULL, 23, NULL, NULL, NULL),
(4024, 'Garruchos', NULL, NULL, 23, NULL, NULL, NULL),
(4025, 'Gaurama', NULL, NULL, 23, NULL, NULL, NULL),
(4026, 'General Câmara', NULL, NULL, 23, NULL, NULL, NULL),
(4027, 'Gentil', NULL, NULL, 23, NULL, NULL, NULL),
(4028, 'Getúlio Vargas', NULL, NULL, 23, NULL, NULL, NULL),
(4029, 'Giruá', NULL, NULL, 23, NULL, NULL, NULL),
(4030, 'Glorinha', NULL, NULL, 23, NULL, NULL, NULL),
(4031, 'Gramado', NULL, NULL, 23, NULL, NULL, NULL),
(4032, 'Gramado dos Loureiros', NULL, NULL, 23, NULL, NULL, NULL),
(4033, 'Gramado Xavier', NULL, NULL, 23, NULL, NULL, NULL),
(4034, 'Gravataí', NULL, NULL, 23, NULL, NULL, NULL),
(4035, 'Guabiju', NULL, NULL, 23, NULL, NULL, NULL),
(4036, 'Guaíba', NULL, NULL, 23, NULL, NULL, NULL),
(4037, 'Guaporé', NULL, NULL, 23, NULL, NULL, NULL),
(4038, 'Guarani das Missões', NULL, NULL, 23, NULL, NULL, NULL),
(4039, 'Harmonia', NULL, NULL, 23, NULL, NULL, NULL),
(4040, 'Herval', NULL, NULL, 23, NULL, NULL, NULL),
(4041, 'Herveiras', NULL, NULL, 23, NULL, NULL, NULL),
(4042, 'Horizontina', NULL, NULL, 23, NULL, NULL, NULL),
(4043, 'Hulha Negra', NULL, NULL, 23, NULL, NULL, NULL),
(4044, 'Humaitá', NULL, NULL, 23, NULL, NULL, NULL),
(4045, 'Ibarama', NULL, NULL, 23, NULL, NULL, NULL),
(4046, 'Ibiaçá', NULL, NULL, 23, NULL, NULL, NULL),
(4047, 'Ibiraiaras', NULL, NULL, 23, NULL, NULL, NULL),
(4048, 'Ibirapuitã', NULL, NULL, 23, NULL, NULL, NULL),
(4049, 'Ibirubá', NULL, NULL, 23, NULL, NULL, NULL),
(4050, 'Igrejinha', NULL, NULL, 23, NULL, NULL, NULL),
(4051, 'Ijuí', NULL, NULL, 23, NULL, NULL, NULL),
(4052, 'Ilópolis', NULL, NULL, 23, NULL, NULL, NULL),
(4053, 'Imbé', NULL, NULL, 23, NULL, NULL, NULL),
(4054, 'Imigrante', NULL, NULL, 23, NULL, NULL, NULL),
(4055, 'Independência', NULL, NULL, 23, NULL, NULL, NULL),
(4056, 'Inhacorá', NULL, NULL, 23, NULL, NULL, NULL),
(4057, 'Ipê', NULL, NULL, 23, NULL, NULL, NULL),
(4058, 'Ipiranga do Sul', NULL, NULL, 23, NULL, NULL, NULL),
(4059, 'Iraí', NULL, NULL, 23, NULL, NULL, NULL),
(4060, 'Itaara', NULL, NULL, 23, NULL, NULL, NULL),
(4061, 'Itacurubi', NULL, NULL, 23, NULL, NULL, NULL),
(4062, 'Itapuca', NULL, NULL, 23, NULL, NULL, NULL),
(4063, 'Itaqui', NULL, NULL, 23, NULL, NULL, NULL),
(4064, 'Itati', NULL, NULL, 23, NULL, NULL, NULL),
(4065, 'Itatiba do Sul', NULL, NULL, 23, NULL, NULL, NULL),
(4066, 'Ivorá', NULL, NULL, 23, NULL, NULL, NULL),
(4067, 'Ivoti', NULL, NULL, 23, NULL, NULL, NULL),
(4068, 'Jaboticaba', NULL, NULL, 23, NULL, NULL, NULL),
(4069, 'Jacuizinho', NULL, NULL, 23, NULL, NULL, NULL),
(4070, 'Jacutinga', NULL, NULL, 23, NULL, NULL, NULL),
(4071, 'Jaguarão', NULL, NULL, 23, NULL, NULL, NULL),
(4072, 'Jaguari', NULL, NULL, 23, NULL, NULL, NULL),
(4073, 'Jaquirana', NULL, NULL, 23, NULL, NULL, NULL),
(4074, 'Jari', NULL, NULL, 23, NULL, NULL, NULL),
(4075, 'Jóia', NULL, NULL, 23, NULL, NULL, NULL),
(4076, 'Júlio de Castilhos', NULL, NULL, 23, NULL, NULL, NULL),
(4077, 'Lagoa Bonita do Sul', NULL, NULL, 23, NULL, NULL, NULL),
(4078, 'Lagoa dos Três Cantos', NULL, NULL, 23, NULL, NULL, NULL),
(4079, 'Lagoa Vermelha', NULL, NULL, 23, NULL, NULL, NULL),
(4080, 'Lagoão', NULL, NULL, 23, NULL, NULL, NULL),
(4081, 'Lajeado', NULL, NULL, 23, NULL, NULL, NULL),
(4082, 'Lajeado do Bugre', NULL, NULL, 23, NULL, NULL, NULL),
(4083, 'Lavras do Sul', NULL, NULL, 23, NULL, NULL, NULL),
(4084, 'Liberato Salzano', NULL, NULL, 23, NULL, NULL, NULL),
(4085, 'Lindolfo Collor', NULL, NULL, 23, NULL, NULL, NULL),
(4086, 'Linha Nova', NULL, NULL, 23, NULL, NULL, NULL),
(4087, 'Maçambara', NULL, NULL, 23, NULL, NULL, NULL),
(4088, 'Machadinho', NULL, NULL, 23, NULL, NULL, NULL),
(4089, 'Mampituba', NULL, NULL, 23, NULL, NULL, NULL),
(4090, 'Manoel Viana', NULL, NULL, 23, NULL, NULL, NULL),
(4091, 'Maquiné', NULL, NULL, 23, NULL, NULL, NULL),
(4092, 'Maratá', NULL, NULL, 23, NULL, NULL, NULL),
(4093, 'Marau', NULL, NULL, 23, NULL, NULL, NULL),
(4094, 'Marcelino Ramos', NULL, NULL, 23, NULL, NULL, NULL),
(4095, 'Mariana Pimentel', NULL, NULL, 23, NULL, NULL, NULL),
(4096, 'Mariano Moro', NULL, NULL, 23, NULL, NULL, NULL),
(4097, 'Marques de Souza', NULL, NULL, 23, NULL, NULL, NULL),
(4098, 'Mata', NULL, NULL, 23, NULL, NULL, NULL),
(4099, 'Mato Castelhano', NULL, NULL, 23, NULL, NULL, NULL),
(4100, 'Mato Leitão', NULL, NULL, 23, NULL, NULL, NULL),
(4101, 'Mato Queimado', NULL, NULL, 23, NULL, NULL, NULL),
(4102, 'Maximiliano de Almeida', NULL, NULL, 23, NULL, NULL, NULL),
(4103, 'Minas do Leão', NULL, NULL, 23, NULL, NULL, NULL),
(4104, 'Miraguaí', NULL, NULL, 23, NULL, NULL, NULL),
(4105, 'Montauri', NULL, NULL, 23, NULL, NULL, NULL),
(4106, 'Monte Alegre dos Campos', NULL, NULL, 23, NULL, NULL, NULL),
(4107, 'Monte Belo do Sul', NULL, NULL, 23, NULL, NULL, NULL),
(4108, 'Montenegro', NULL, NULL, 23, NULL, NULL, NULL),
(4109, 'Mormaço', NULL, NULL, 23, NULL, NULL, NULL),
(4110, 'Morrinhos do Sul', NULL, NULL, 23, NULL, NULL, NULL),
(4111, 'Morro Redondo', NULL, NULL, 23, NULL, NULL, NULL),
(4112, 'Morro Reuter', NULL, NULL, 23, NULL, NULL, NULL),
(4113, 'Mostardas', NULL, NULL, 23, NULL, NULL, NULL),
(4114, 'Muçum', NULL, NULL, 23, NULL, NULL, NULL),
(4115, 'Muitos Capões', NULL, NULL, 23, NULL, NULL, NULL),
(4116, 'Muliterno', NULL, NULL, 23, NULL, NULL, NULL),
(4117, 'Não-Me-Toque', NULL, NULL, 23, NULL, NULL, NULL),
(4118, 'Nicolau Vergueiro', NULL, NULL, 23, NULL, NULL, NULL),
(4119, 'Nonoai', NULL, NULL, 23, NULL, NULL, NULL),
(4120, 'Nova Alvorada', NULL, NULL, 23, NULL, NULL, NULL),
(4121, 'Nova Araçá', NULL, NULL, 23, NULL, NULL, NULL),
(4122, 'Nova Bassano', NULL, NULL, 23, NULL, NULL, NULL),
(4123, 'Nova Boa Vista', NULL, NULL, 23, NULL, NULL, NULL),
(4124, 'Nova Bréscia', NULL, NULL, 23, NULL, NULL, NULL),
(4125, 'Nova Candelária', NULL, NULL, 23, NULL, NULL, NULL),
(4126, 'Nova Esperança do Sul', NULL, NULL, 23, NULL, NULL, NULL),
(4127, 'Nova Hartz', NULL, NULL, 23, NULL, NULL, NULL),
(4128, 'Nova Pádua', NULL, NULL, 23, NULL, NULL, NULL),
(4129, 'Nova Palma', NULL, NULL, 23, NULL, NULL, NULL),
(4130, 'Nova Petrópolis', NULL, NULL, 23, NULL, NULL, NULL),
(4131, 'Nova Prata', NULL, NULL, 23, NULL, NULL, NULL),
(4132, 'Nova Ramada', NULL, NULL, 23, NULL, NULL, NULL),
(4133, 'Nova Roma do Sul', NULL, NULL, 23, NULL, NULL, NULL),
(4134, 'Nova Santa Rita', NULL, NULL, 23, NULL, NULL, NULL),
(4135, 'Novo Barreiro', NULL, NULL, 23, NULL, NULL, NULL),
(4136, 'Novo Cabrais', NULL, NULL, 23, NULL, NULL, NULL),
(4137, 'Novo Hamburgo', NULL, NULL, 23, NULL, NULL, NULL),
(4138, 'Novo Machado', NULL, NULL, 23, NULL, NULL, NULL),
(4139, 'Novo Tiradentes', NULL, NULL, 23, NULL, NULL, NULL),
(4140, 'Novo Xingu', NULL, NULL, 23, NULL, NULL, NULL),
(4141, 'Osório', NULL, NULL, 23, NULL, NULL, NULL),
(4142, 'Paim Filho', NULL, NULL, 23, NULL, NULL, NULL),
(4143, 'Palmares do Sul', NULL, NULL, 23, NULL, NULL, NULL),
(4144, 'Palmeira das Missões', NULL, NULL, 23, NULL, NULL, NULL),
(4145, 'Palmitinho', NULL, NULL, 23, NULL, NULL, NULL),
(4146, 'Panambi', NULL, NULL, 23, NULL, NULL, NULL),
(4147, 'Pantano Grande', NULL, NULL, 23, NULL, NULL, NULL),
(4148, 'Paraí', NULL, NULL, 23, NULL, NULL, NULL),
(4149, 'Paraíso do Sul', NULL, NULL, 23, NULL, NULL, NULL),
(4150, 'Pareci Novo', NULL, NULL, 23, NULL, NULL, NULL),
(4151, 'Parobé', NULL, NULL, 23, NULL, NULL, NULL),
(4152, 'Passa Sete', NULL, NULL, 23, NULL, NULL, NULL),
(4153, 'Passo do Sobrado', NULL, NULL, 23, NULL, NULL, NULL),
(4154, 'Passo Fundo', NULL, NULL, 23, NULL, NULL, NULL),
(4155, 'Paulo Bento', NULL, NULL, 23, NULL, NULL, NULL),
(4156, 'Paverama', NULL, NULL, 23, NULL, NULL, NULL),
(4157, 'Pedras Altas', NULL, NULL, 23, NULL, NULL, NULL),
(4158, 'Pedro Osório', NULL, NULL, 23, NULL, NULL, NULL),
(4159, 'Pejuçara', NULL, NULL, 23, NULL, NULL, NULL),
(4160, 'Pelotas', NULL, NULL, 23, NULL, NULL, NULL),
(4161, 'Picada Café', NULL, NULL, 23, NULL, NULL, NULL),
(4162, 'Pinhal', NULL, NULL, 23, NULL, NULL, NULL),
(4163, 'Pinhal da Serra', NULL, NULL, 23, NULL, NULL, NULL),
(4164, 'Pinhal Grande', NULL, NULL, 23, NULL, NULL, NULL),
(4165, 'Pinheirinho do Vale', NULL, NULL, 23, NULL, NULL, NULL),
(4166, 'Pinheiro Machado', NULL, NULL, 23, NULL, NULL, NULL),
(4167, 'Pirapó', NULL, NULL, 23, NULL, NULL, NULL),
(4168, 'Piratini', NULL, NULL, 23, NULL, NULL, NULL),
(4169, 'Planalto', NULL, NULL, 23, NULL, NULL, NULL),
(4170, 'Poço das Antas', NULL, NULL, 23, NULL, NULL, NULL),
(4171, 'Pontão', NULL, NULL, 23, NULL, NULL, NULL),
(4172, 'Ponte Preta', NULL, NULL, 23, NULL, NULL, NULL),
(4173, 'Portão', NULL, NULL, 23, NULL, NULL, NULL),
(4174, 'Porto Alegre', NULL, NULL, 23, NULL, NULL, NULL),
(4175, 'Porto Lucena', NULL, NULL, 23, NULL, NULL, NULL),
(4176, 'Porto Mauá', NULL, NULL, 23, NULL, NULL, NULL),
(4177, 'Porto Vera Cruz', NULL, NULL, 23, NULL, NULL, NULL),
(4178, 'Porto Xavier', NULL, NULL, 23, NULL, NULL, NULL),
(4179, 'Pouso Novo', NULL, NULL, 23, NULL, NULL, NULL),
(4180, 'Presidente Lucena', NULL, NULL, 23, NULL, NULL, NULL),
(4181, 'Progresso', NULL, NULL, 23, NULL, NULL, NULL),
(4182, 'Protásio Alves', NULL, NULL, 23, NULL, NULL, NULL),
(4183, 'Putinga', NULL, NULL, 23, NULL, NULL, NULL),
(4184, 'Quaraí', NULL, NULL, 23, NULL, NULL, NULL),
(4185, 'Quatro Irmãos', NULL, NULL, 23, NULL, NULL, NULL),
(4186, 'Quevedos', NULL, NULL, 23, NULL, NULL, NULL),
(4187, 'Quinze de Novembro', NULL, NULL, 23, NULL, NULL, NULL),
(4188, 'Redentora', NULL, NULL, 23, NULL, NULL, NULL),
(4189, 'Relvado', NULL, NULL, 23, NULL, NULL, NULL),
(4190, 'Restinga Seca', NULL, NULL, 23, NULL, NULL, NULL),
(4191, 'Rio dos Índios', NULL, NULL, 23, NULL, NULL, NULL),
(4192, 'Rio Grande', NULL, NULL, 23, NULL, NULL, NULL),
(4193, 'Rio Pardo', NULL, NULL, 23, NULL, NULL, NULL),
(4194, 'Riozinho', NULL, NULL, 23, NULL, NULL, NULL),
(4195, 'Roca Sales', NULL, NULL, 23, NULL, NULL, NULL),
(4196, 'Rodeio Bonito', NULL, NULL, 23, NULL, NULL, NULL),
(4197, 'Rolador', NULL, NULL, 23, NULL, NULL, NULL),
(4198, 'Rolante', NULL, NULL, 23, NULL, NULL, NULL),
(4199, 'Ronda Alta', NULL, NULL, 23, NULL, NULL, NULL),
(4200, 'Rondinha', NULL, NULL, 23, NULL, NULL, NULL),
(4201, 'Roque Gonzales', NULL, NULL, 23, NULL, NULL, NULL),
(4202, 'Rosário do Sul', NULL, NULL, 23, NULL, NULL, NULL),
(4203, 'Sagrada Família', NULL, NULL, 23, NULL, NULL, NULL),
(4204, 'Saldanha Marinho', NULL, NULL, 23, NULL, NULL, NULL),
(4205, 'Salto do Jacuí', NULL, NULL, 23, NULL, NULL, NULL),
(4206, 'Salvador das Missões', NULL, NULL, 23, NULL, NULL, NULL),
(4207, 'Salvador do Sul', NULL, NULL, 23, NULL, NULL, NULL),
(4208, 'Sananduva', NULL, NULL, 23, NULL, NULL, NULL),
(4209, 'Santa Bárbara do Sul', NULL, NULL, 23, NULL, NULL, NULL),
(4210, 'Santa Cecília do Sul', NULL, NULL, 23, NULL, NULL, NULL),
(4211, 'Santa Clara do Sul', NULL, NULL, 23, NULL, NULL, NULL),
(4212, 'Santa Cruz do Sul', NULL, NULL, 23, NULL, NULL, NULL),
(4213, 'Santa Margarida do Sul', NULL, NULL, 23, NULL, NULL, NULL),
(4214, 'Santa Maria', NULL, NULL, 23, NULL, NULL, NULL),
(4215, 'Santa Maria do Herval', NULL, NULL, 23, NULL, NULL, NULL),
(4216, 'Santa Rosa', NULL, NULL, 23, NULL, NULL, NULL),
(4217, 'Santa Tereza', NULL, NULL, 23, NULL, NULL, NULL),
(4218, 'Santa Vitória do Palmar', NULL, NULL, 23, NULL, NULL, NULL),
(4219, 'Santana da Boa Vista', NULL, NULL, 23, NULL, NULL, NULL),
(4220, 'Santana do Livramento', NULL, NULL, 23, NULL, NULL, NULL),
(4221, 'Santiago', NULL, NULL, 23, NULL, NULL, NULL),
(4222, 'Santo Ângelo', NULL, NULL, 23, NULL, NULL, NULL),
(4223, 'Santo Antônio da Patrulha', NULL, NULL, 23, NULL, NULL, NULL),
(4224, 'Santo Antônio das Missões', NULL, NULL, 23, NULL, NULL, NULL),
(4225, 'Santo Antônio do Palma', NULL, NULL, 23, NULL, NULL, NULL),
(4226, 'Santo Antônio do Planalto', NULL, NULL, 23, NULL, NULL, NULL),
(4227, 'Santo Augusto', NULL, NULL, 23, NULL, NULL, NULL),
(4228, 'Santo Cristo', NULL, NULL, 23, NULL, NULL, NULL),
(4229, 'Santo Expedito do Sul', NULL, NULL, 23, NULL, NULL, NULL),
(4230, 'São Borja', NULL, NULL, 23, NULL, NULL, NULL),
(4231, 'São Domingos do Sul', NULL, NULL, 23, NULL, NULL, NULL),
(4232, 'São Francisco de Assis', NULL, NULL, 23, NULL, NULL, NULL),
(4233, 'São Francisco de Paula', NULL, NULL, 23, NULL, NULL, NULL),
(4234, 'São Gabriel', NULL, NULL, 23, NULL, NULL, NULL),
(4235, 'São Jerônimo', NULL, NULL, 23, NULL, NULL, NULL),
(4236, 'São João da Urtiga', NULL, NULL, 23, NULL, NULL, NULL),
(4237, 'São João do Polêsine', NULL, NULL, 23, NULL, NULL, NULL),
(4238, 'São Jorge', NULL, NULL, 23, NULL, NULL, NULL),
(4239, 'São José das Missões', NULL, NULL, 23, NULL, NULL, NULL),
(4240, 'São José do Herval', NULL, NULL, 23, NULL, NULL, NULL),
(4241, 'São José do Hortêncio', NULL, NULL, 23, NULL, NULL, NULL),
(4242, 'São José do Inhacorá', NULL, NULL, 23, NULL, NULL, NULL),
(4243, 'São José do Norte', NULL, NULL, 23, NULL, NULL, NULL),
(4244, 'São José do Ouro', NULL, NULL, 23, NULL, NULL, NULL),
(4245, 'São José do Sul', NULL, NULL, 23, NULL, NULL, NULL),
(4246, 'São José dos Ausentes', NULL, NULL, 23, NULL, NULL, NULL),
(4247, 'São Leopoldo', NULL, NULL, 23, NULL, NULL, NULL),
(4248, 'São Lourenço do Sul', NULL, NULL, 23, NULL, NULL, NULL),
(4249, 'São Luiz Gonzaga', NULL, NULL, 23, NULL, NULL, NULL),
(4250, 'São Marcos', NULL, NULL, 23, NULL, NULL, NULL),
(4251, 'São Martinho', NULL, NULL, 23, NULL, NULL, NULL),
(4252, 'São Martinho da Serra', NULL, NULL, 23, NULL, NULL, NULL),
(4253, 'São Miguel das Missões', NULL, NULL, 23, NULL, NULL, NULL),
(4254, 'São Nicolau', NULL, NULL, 23, NULL, NULL, NULL),
(4255, 'São Paulo das Missões', NULL, NULL, 23, NULL, NULL, NULL),
(4256, 'São Pedro da Serra', NULL, NULL, 23, NULL, NULL, NULL),
(4257, 'São Pedro das Missões', NULL, NULL, 23, NULL, NULL, NULL),
(4258, 'São Pedro do Butiá', NULL, NULL, 23, NULL, NULL, NULL),
(4259, 'São Pedro do Sul', NULL, NULL, 23, NULL, NULL, NULL),
(4260, 'São Sebastião do Caí', NULL, NULL, 23, NULL, NULL, NULL),
(4261, 'São Sepé', NULL, NULL, 23, NULL, NULL, NULL),
(4262, 'São Valentim', NULL, NULL, 23, NULL, NULL, NULL),
(4263, 'São Valentim do Sul', NULL, NULL, 23, NULL, NULL, NULL),
(4264, 'São Valério do Sul', NULL, NULL, 23, NULL, NULL, NULL),
(4265, 'São Vendelino', NULL, NULL, 23, NULL, NULL, NULL),
(4266, 'São Vicente do Sul', NULL, NULL, 23, NULL, NULL, NULL),
(4267, 'Sapiranga', NULL, NULL, 23, NULL, NULL, NULL),
(4268, 'Sapucaia do Sul', NULL, NULL, 23, NULL, NULL, NULL),
(4269, 'Sarandi', NULL, NULL, 23, NULL, NULL, NULL),
(4270, 'Seberi', NULL, NULL, 23, NULL, NULL, NULL),
(4271, 'Sede Nova', NULL, NULL, 23, NULL, NULL, NULL),
(4272, 'Segredo', NULL, NULL, 23, NULL, NULL, NULL),
(4273, 'Selbach', NULL, NULL, 23, NULL, NULL, NULL),
(4274, 'Senador Salgado Filho', NULL, NULL, 23, NULL, NULL, NULL),
(4275, 'Sentinela do Sul', NULL, NULL, 23, NULL, NULL, NULL),
(4276, 'Serafina Corrêa', NULL, NULL, 23, NULL, NULL, NULL),
(4277, 'Sério', NULL, NULL, 23, NULL, NULL, NULL),
(4278, 'Sertão', NULL, NULL, 23, NULL, NULL, NULL),
(4279, 'Sertão Santana', NULL, NULL, 23, NULL, NULL, NULL),
(4280, 'Sete de Setembro', NULL, NULL, 23, NULL, NULL, NULL),
(4281, 'Severiano de Almeida', NULL, NULL, 23, NULL, NULL, NULL),
(4282, 'Silveira Martins', NULL, NULL, 23, NULL, NULL, NULL),
(4283, 'Sinimbu', NULL, NULL, 23, NULL, NULL, NULL),
(4284, 'Sobradinho', NULL, NULL, 23, NULL, NULL, NULL),
(4285, 'Soledade', NULL, NULL, 23, NULL, NULL, NULL),
(4286, 'Tabaí', NULL, NULL, 23, NULL, NULL, NULL),
(4287, 'Tapejara', NULL, NULL, 23, NULL, NULL, NULL),
(4288, 'Tapera', NULL, NULL, 23, NULL, NULL, NULL),
(4289, 'Tapes', NULL, NULL, 23, NULL, NULL, NULL),
(4290, 'Taquara', NULL, NULL, 23, NULL, NULL, NULL),
(4291, 'Taquari', NULL, NULL, 23, NULL, NULL, NULL),
(4292, 'Taquaruçu do Sul', NULL, NULL, 23, NULL, NULL, NULL),
(4293, 'Tavares', NULL, NULL, 23, NULL, NULL, NULL),
(4294, 'Tenente Portela', NULL, NULL, 23, NULL, NULL, NULL),
(4295, 'Terra de Areia', NULL, NULL, 23, NULL, NULL, NULL),
(4296, 'Teutônia', NULL, NULL, 23, NULL, NULL, NULL),
(4297, 'Tio Hugo', NULL, NULL, 23, NULL, NULL, NULL),
(4298, 'Tiradentes do Sul', NULL, NULL, 23, NULL, NULL, NULL),
(4299, 'Toropi', NULL, NULL, 23, NULL, NULL, NULL),
(4300, 'Torres', NULL, NULL, 23, NULL, NULL, NULL),
(4301, 'Tramandaí', NULL, NULL, 23, NULL, NULL, NULL),
(4302, 'Travesseiro', NULL, NULL, 23, NULL, NULL, NULL),
(4303, 'Três Arroios', NULL, NULL, 23, NULL, NULL, NULL),
(4304, 'Três Cachoeiras', NULL, NULL, 23, NULL, NULL, NULL),
(4305, 'Três Coroas', NULL, NULL, 23, NULL, NULL, NULL),
(4306, 'Três de Maio', NULL, NULL, 23, NULL, NULL, NULL),
(4307, 'Três Forquilhas', NULL, NULL, 23, NULL, NULL, NULL),
(4308, 'Três Palmeiras', NULL, NULL, 23, NULL, NULL, NULL),
(4309, 'Três Passos', NULL, NULL, 23, NULL, NULL, NULL),
(4310, 'Trindade do Sul', NULL, NULL, 23, NULL, NULL, NULL),
(4311, 'Triunfo', NULL, NULL, 23, NULL, NULL, NULL),
(4312, 'Tucunduva', NULL, NULL, 23, NULL, NULL, NULL),
(4313, 'Tunas', NULL, NULL, 23, NULL, NULL, NULL),
(4314, 'Tupanci do Sul', NULL, NULL, 23, NULL, NULL, NULL),
(4315, 'Tupanciretã', NULL, NULL, 23, NULL, NULL, NULL),
(4316, 'Tupandi', NULL, NULL, 23, NULL, NULL, NULL),
(4317, 'Tuparendi', NULL, NULL, 23, NULL, NULL, NULL),
(4318, 'Turuçu', NULL, NULL, 23, NULL, NULL, NULL),
(4319, 'Ubiretama', NULL, NULL, 23, NULL, NULL, NULL),
(4320, 'União da Serra', NULL, NULL, 23, NULL, NULL, NULL),
(4321, 'Unistalda', NULL, NULL, 23, NULL, NULL, NULL),
(4322, 'Uruguaiana', NULL, NULL, 23, NULL, NULL, NULL),
(4323, 'Vacaria', NULL, NULL, 23, NULL, NULL, NULL),
(4324, 'Vale do Sol', NULL, NULL, 23, NULL, NULL, NULL),
(4325, 'Vale Real', NULL, NULL, 23, NULL, NULL, NULL),
(4326, 'Vale Verde', NULL, NULL, 23, NULL, NULL, NULL),
(4327, 'Vanini', NULL, NULL, 23, NULL, NULL, NULL),
(4328, 'Venâncio Aires', NULL, NULL, 23, NULL, NULL, NULL),
(4329, 'Vera Cruz', NULL, NULL, 23, NULL, NULL, NULL),
(4330, 'Veranópolis', NULL, NULL, 23, NULL, NULL, NULL),
(4331, 'Vespasiano Correa', NULL, NULL, 23, NULL, NULL, NULL),
(4332, 'Viadutos', NULL, NULL, 23, NULL, NULL, NULL),
(4333, 'Viamão', NULL, NULL, 23, NULL, NULL, NULL),
(4334, 'Vicente Dutra', NULL, NULL, 23, NULL, NULL, NULL),
(4335, 'Victor Graeff', NULL, NULL, 23, NULL, NULL, NULL),
(4336, 'Vila Flores', NULL, NULL, 23, NULL, NULL, NULL),
(4337, 'Vila Lângaro', NULL, NULL, 23, NULL, NULL, NULL),
(4338, 'Vila Maria', NULL, NULL, 23, NULL, NULL, NULL),
(4339, 'Vila Nova do Sul', NULL, NULL, 23, NULL, NULL, NULL),
(4340, 'Vista Alegre', NULL, NULL, 23, NULL, NULL, NULL),
(4341, 'Vista Alegre do Prata', NULL, NULL, 23, NULL, NULL, NULL),
(4342, 'Vista Gaúcha', NULL, NULL, 23, NULL, NULL, NULL),
(4343, 'Vitória das Missões', NULL, NULL, 23, NULL, NULL, NULL),
(4344, 'Westfália', NULL, NULL, 23, NULL, NULL, NULL),
(4345, 'Xangri-lá', NULL, NULL, 23, NULL, NULL, NULL),
(4346, 'Alta Floresta d`Oeste', NULL, NULL, 21, NULL, NULL, NULL),
(4347, 'Alto Alegre dos Parecis', NULL, NULL, 21, NULL, NULL, NULL),
(4348, 'Alto Paraíso', NULL, NULL, 21, NULL, NULL, NULL),
(4349, 'Alvorada d`Oeste', NULL, NULL, 21, NULL, NULL, NULL),
(4350, 'Ariquemes', NULL, NULL, 21, NULL, NULL, NULL),
(4351, 'Buritis', NULL, NULL, 21, NULL, NULL, NULL),
(4352, 'Cabixi', NULL, NULL, 21, NULL, NULL, NULL),
(4353, 'Cacaulândia', NULL, NULL, 21, NULL, NULL, NULL),
(4354, 'Cacoal', NULL, NULL, 21, NULL, NULL, NULL),
(4355, 'Campo Novo de Rondônia', NULL, NULL, 21, NULL, NULL, NULL),
(4356, 'Candeias do Jamari', NULL, NULL, 21, NULL, NULL, NULL),
(4357, 'Castanheiras', NULL, NULL, 21, NULL, NULL, NULL),
(4358, 'Cerejeiras', NULL, NULL, 21, NULL, NULL, NULL),
(4359, 'Chupinguaia', NULL, NULL, 21, NULL, NULL, NULL),
(4360, 'Colorado do Oeste', NULL, NULL, 21, NULL, NULL, NULL),
(4361, 'Corumbiara', NULL, NULL, 21, NULL, NULL, NULL),
(4362, 'Costa Marques', NULL, NULL, 21, NULL, NULL, NULL),
(4363, 'Cujubim', NULL, NULL, 21, NULL, NULL, NULL),
(4364, 'Espigão d`Oeste', NULL, NULL, 21, NULL, NULL, NULL),
(4365, 'Governador Jorge Teixeira', NULL, NULL, 21, NULL, NULL, NULL),
(4366, 'Guajará-Mirim', NULL, NULL, 21, NULL, NULL, NULL),
(4367, 'Itapuã do Oeste', NULL, NULL, 21, NULL, NULL, NULL),
(4368, 'Jaru', NULL, NULL, 21, NULL, NULL, NULL),
(4369, 'Ji-Paraná', NULL, NULL, 21, NULL, NULL, NULL),
(4370, 'Machadinho d`Oeste', NULL, NULL, 21, NULL, NULL, NULL),
(4371, 'Ministro Andreazza', NULL, NULL, 21, NULL, NULL, NULL),
(4372, 'Mirante da Serra', NULL, NULL, 21, NULL, NULL, NULL),
(4373, 'Monte Negro', NULL, NULL, 21, NULL, NULL, NULL),
(4374, 'Nova Brasilândia d`Oeste', NULL, NULL, 21, NULL, NULL, NULL),
(4375, 'Nova Mamoré', NULL, NULL, 21, NULL, NULL, NULL),
(4376, 'Nova União', NULL, NULL, 21, NULL, NULL, NULL),
(4377, 'Novo Horizonte do Oeste', NULL, NULL, 21, NULL, NULL, NULL),
(4378, 'Ouro Preto do Oeste', NULL, NULL, 21, NULL, NULL, NULL),
(4379, 'Parecis', NULL, NULL, 21, NULL, NULL, NULL),
(4380, 'Pimenta Bueno', NULL, NULL, 21, NULL, NULL, NULL),
(4381, 'Pimenteiras do Oeste', NULL, NULL, 21, NULL, NULL, NULL),
(4382, 'Porto Velho', NULL, NULL, 21, NULL, NULL, NULL),
(4383, 'Presidente Médici', NULL, NULL, 21, NULL, NULL, NULL),
(4384, 'Primavera de Rondônia', NULL, NULL, 21, NULL, NULL, NULL),
(4385, 'Rio Crespo', NULL, NULL, 21, NULL, NULL, NULL),
(4386, 'Rolim de Moura', NULL, NULL, 21, NULL, NULL, NULL),
(4387, 'Santa Luzia d`Oeste', NULL, NULL, 21, NULL, NULL, NULL),
(4388, 'São Felipe d`Oeste', NULL, NULL, 21, NULL, NULL, NULL),
(4389, 'São Francisco do Guaporé', NULL, NULL, 21, NULL, NULL, NULL),
(4390, 'São Miguel do Guaporé', NULL, NULL, 21, NULL, NULL, NULL),
(4391, 'Seringueiras', NULL, NULL, 21, NULL, NULL, NULL),
(4392, 'Teixeirópolis', NULL, NULL, 21, NULL, NULL, NULL),
(4393, 'Theobroma', NULL, NULL, 21, NULL, NULL, NULL),
(4394, 'Urupá', NULL, NULL, 21, NULL, NULL, NULL),
(4395, 'Vale do Anari', NULL, NULL, 21, NULL, NULL, NULL),
(4396, 'Vale do Paraíso', NULL, NULL, 21, NULL, NULL, NULL),
(4397, 'Vilhena', NULL, NULL, 21, NULL, NULL, NULL),
(4398, 'Alto Alegre', NULL, NULL, 22, NULL, NULL, NULL),
(4399, 'Amajari', NULL, NULL, 22, NULL, NULL, NULL),
(4400, 'Boa Vista', NULL, NULL, 22, NULL, NULL, NULL),
(4401, 'Bonfim', NULL, NULL, 22, NULL, NULL, NULL),
(4402, 'Cantá', NULL, NULL, 22, NULL, NULL, NULL),
(4403, 'Caracaraí', NULL, NULL, 22, NULL, NULL, NULL),
(4404, 'Caroebe', NULL, NULL, 22, NULL, NULL, NULL),
(4405, 'Iracema', NULL, NULL, 22, NULL, NULL, NULL),
(4406, 'Mucajaí', NULL, NULL, 22, NULL, NULL, NULL),
(4407, 'Normandia', NULL, NULL, 22, NULL, NULL, NULL),
(4408, 'Pacaraima', NULL, NULL, 22, NULL, NULL, NULL),
(4409, 'Rorainópolis', NULL, NULL, 22, NULL, NULL, NULL),
(4410, 'São João da Baliza', NULL, NULL, 22, NULL, NULL, NULL),
(4411, 'São Luiz', NULL, NULL, 22, NULL, NULL, NULL),
(4412, 'Uiramutã', NULL, NULL, 22, NULL, NULL, NULL),
(4413, 'Abdon Batista', NULL, NULL, 24, NULL, NULL, NULL),
(4414, 'Abelardo Luz', NULL, NULL, 24, NULL, NULL, NULL),
(4415, 'Agrolândia', NULL, NULL, 24, NULL, NULL, NULL),
(4416, 'Agronômica', NULL, NULL, 24, NULL, NULL, NULL),
(4417, 'Água Doce', NULL, NULL, 24, NULL, NULL, NULL),
(4418, 'Águas de Chapecó', NULL, NULL, 24, NULL, NULL, NULL),
(4419, 'Águas Frias', NULL, NULL, 24, NULL, NULL, NULL),
(4420, 'Águas Mornas', NULL, NULL, 24, NULL, NULL, NULL),
(4421, 'Alfredo Wagner', NULL, NULL, 24, NULL, NULL, NULL),
(4422, 'Alto Bela Vista', NULL, NULL, 24, NULL, NULL, NULL),
(4423, 'Anchieta', NULL, NULL, 24, NULL, NULL, NULL),
(4424, 'Angelina', NULL, NULL, 24, NULL, NULL, NULL),
(4425, 'Anita Garibaldi', NULL, NULL, 24, NULL, NULL, NULL),
(4426, 'Anitápolis', NULL, NULL, 24, NULL, NULL, NULL),
(4427, 'Antônio Carlos', NULL, NULL, 24, NULL, NULL, NULL),
(4428, 'Apiúna', NULL, NULL, 24, NULL, NULL, NULL),
(4429, 'Arabutã', NULL, NULL, 24, NULL, NULL, NULL),
(4430, 'Araquari', NULL, NULL, 24, NULL, NULL, NULL),
(4431, 'Araranguá', NULL, NULL, 24, NULL, NULL, NULL),
(4432, 'Armazém', NULL, NULL, 24, NULL, NULL, NULL),
(4433, 'Arroio Trinta', NULL, NULL, 24, NULL, NULL, NULL),
(4434, 'Arvoredo', NULL, NULL, 24, NULL, NULL, NULL),
(4435, 'Ascurra', NULL, NULL, 24, NULL, NULL, NULL),
(4436, 'Atalanta', NULL, NULL, 24, NULL, NULL, NULL),
(4437, 'Aurora', NULL, NULL, 24, NULL, NULL, NULL),
(4438, 'Balneário Arroio do Silva', NULL, NULL, 24, NULL, NULL, NULL),
(4439, 'Balneário Barra do Sul', NULL, NULL, 24, NULL, NULL, NULL),
(4440, 'Balneário Camboriú', NULL, NULL, 24, NULL, NULL, NULL),
(4441, 'Balneário Gaivota', NULL, NULL, 24, NULL, NULL, NULL),
(4442, 'Bandeirante', NULL, NULL, 24, NULL, NULL, NULL),
(4443, 'Barra Bonita', NULL, NULL, 24, NULL, NULL, NULL),
(4444, 'Barra Velha', NULL, NULL, 24, NULL, NULL, NULL),
(4445, 'Bela Vista do Toldo', NULL, NULL, 24, NULL, NULL, NULL),
(4446, 'Belmonte', NULL, NULL, 24, NULL, NULL, NULL),
(4447, 'Benedito Novo', NULL, NULL, 24, NULL, NULL, NULL),
(4448, 'Biguaçu', NULL, NULL, 24, NULL, NULL, NULL),
(4449, 'Blumenau', NULL, NULL, 24, NULL, NULL, NULL),
(4450, 'Bocaina do Sul', NULL, NULL, 24, NULL, NULL, NULL),
(4451, 'Bom Jardim da Serra', NULL, NULL, 24, NULL, NULL, NULL),
(4452, 'Bom Jesus', NULL, NULL, 24, NULL, NULL, NULL),
(4453, 'Bom Jesus do Oeste', NULL, NULL, 24, NULL, NULL, NULL),
(4454, 'Bom Retiro', NULL, NULL, 24, NULL, NULL, NULL),
(4455, 'Bombinhas', NULL, NULL, 24, NULL, NULL, NULL),
(4456, 'Botuverá', NULL, NULL, 24, NULL, NULL, NULL),
(4457, 'Braço do Norte', NULL, NULL, 24, NULL, NULL, NULL),
(4458, 'Braço do Trombudo', NULL, NULL, 24, NULL, NULL, NULL),
(4459, 'Brunópolis', NULL, NULL, 24, NULL, NULL, NULL),
(4460, 'Brusque', NULL, NULL, 24, NULL, NULL, NULL),
(4461, 'Caçador', NULL, NULL, 24, NULL, NULL, NULL),
(4462, 'Caibi', NULL, NULL, 24, NULL, NULL, NULL),
(4463, 'Calmon', NULL, NULL, 24, NULL, NULL, NULL),
(4464, 'Camboriú', NULL, NULL, 24, NULL, NULL, NULL),
(4465, 'Campo Alegre', NULL, NULL, 24, NULL, NULL, NULL),
(4466, 'Campo Belo do Sul', NULL, NULL, 24, NULL, NULL, NULL),
(4467, 'Campo Erê', NULL, NULL, 24, NULL, NULL, NULL),
(4468, 'Campos Novos', NULL, NULL, 24, NULL, NULL, NULL),
(4469, 'Canelinha', NULL, NULL, 24, NULL, NULL, NULL),
(4470, 'Canoinhas', NULL, NULL, 24, NULL, NULL, NULL),
(4471, 'Capão Alto', NULL, NULL, 24, NULL, NULL, NULL),
(4472, 'Capinzal', NULL, NULL, 24, NULL, NULL, NULL),
(4473, 'Capivari de Baixo', NULL, NULL, 24, NULL, NULL, NULL),
(4474, 'Catanduvas', NULL, NULL, 24, NULL, NULL, NULL),
(4475, 'Caxambu do Sul', NULL, NULL, 24, NULL, NULL, NULL),
(4476, 'Celso Ramos', NULL, NULL, 24, NULL, NULL, NULL),
(4477, 'Cerro Negro', NULL, NULL, 24, NULL, NULL, NULL),
(4478, 'Chapadão do Lageado', NULL, NULL, 24, NULL, NULL, NULL),
(4479, 'Chapecó', NULL, NULL, 24, NULL, NULL, NULL),
(4480, 'Cocal do Sul', NULL, NULL, 24, NULL, NULL, NULL),
(4481, 'Concórdia', NULL, NULL, 24, NULL, NULL, NULL),
(4482, 'Cordilheira Alta', NULL, NULL, 24, NULL, NULL, NULL),
(4483, 'Coronel Freitas', NULL, NULL, 24, NULL, NULL, NULL),
(4484, 'Coronel Martins', NULL, NULL, 24, NULL, NULL, NULL),
(4485, 'Correia Pinto', NULL, NULL, 24, NULL, NULL, NULL),
(4486, 'Corupá', NULL, NULL, 24, NULL, NULL, NULL),
(4487, 'Criciúma', NULL, NULL, 24, NULL, NULL, NULL),
(4488, 'Cunha Porã', NULL, NULL, 24, NULL, NULL, NULL),
(4489, 'Cunhataí', NULL, NULL, 24, NULL, NULL, NULL),
(4490, 'Curitibanos', NULL, NULL, 24, NULL, NULL, NULL),
(4491, 'Descanso', NULL, NULL, 24, NULL, NULL, NULL),
(4492, 'Dionísio Cerqueira', NULL, NULL, 24, NULL, NULL, NULL),
(4493, 'Dona Emma', NULL, NULL, 24, NULL, NULL, NULL),
(4494, 'Doutor Pedrinho', NULL, NULL, 24, NULL, NULL, NULL),
(4495, 'Entre Rios', NULL, NULL, 24, NULL, NULL, NULL),
(4496, 'Ermo', NULL, NULL, 24, NULL, NULL, NULL),
(4497, 'Erval Velho', NULL, NULL, 24, NULL, NULL, NULL),
(4498, 'Faxinal dos Guedes', NULL, NULL, 24, NULL, NULL, NULL),
(4499, 'Flor do Sertão', NULL, NULL, 24, NULL, NULL, NULL),
(4500, 'Florianópolis', NULL, NULL, 24, NULL, NULL, NULL),
(4501, 'Formosa do Sul', NULL, NULL, 24, NULL, NULL, NULL),
(4502, 'Forquilhinha', NULL, NULL, 24, NULL, NULL, NULL),
(4503, 'Fraiburgo', NULL, NULL, 24, NULL, NULL, NULL),
(4504, 'Frei Rogério', NULL, NULL, 24, NULL, NULL, NULL),
(4505, 'Galvão', NULL, NULL, 24, NULL, NULL, NULL),
(4506, 'Garopaba', NULL, NULL, 24, NULL, NULL, NULL),
(4507, 'Garuva', NULL, NULL, 24, NULL, NULL, NULL),
(4508, 'Gaspar', NULL, NULL, 24, NULL, NULL, NULL),
(4509, 'Governador Celso Ramos', NULL, NULL, 24, NULL, NULL, NULL),
(4510, 'Grão Pará', NULL, NULL, 24, NULL, NULL, NULL),
(4511, 'Gravatal', NULL, NULL, 24, NULL, NULL, NULL),
(4512, 'Guabiruba', NULL, NULL, 24, NULL, NULL, NULL),
(4513, 'Guaraciaba', NULL, NULL, 24, NULL, NULL, NULL),
(4514, 'Guaramirim', NULL, NULL, 24, NULL, NULL, NULL),
(4515, 'Guarujá do Sul', NULL, NULL, 24, NULL, NULL, NULL),
(4516, 'Guatambú', NULL, NULL, 24, NULL, NULL, NULL),
(4517, 'Herval d`Oeste', NULL, NULL, 24, NULL, NULL, NULL),
(4518, 'Ibiam', NULL, NULL, 24, NULL, NULL, NULL),
(4519, 'Ibicaré', NULL, NULL, 24, NULL, NULL, NULL),
(4520, 'Ibirama', NULL, NULL, 24, NULL, NULL, NULL),
(4521, 'Içara', NULL, NULL, 24, NULL, NULL, NULL),
(4522, 'Ilhota', NULL, NULL, 24, NULL, NULL, NULL),
(4523, 'Imaruí', NULL, NULL, 24, NULL, NULL, NULL),
(4524, 'Imbituba', NULL, NULL, 24, NULL, NULL, NULL),
(4525, 'Imbuia', NULL, NULL, 24, NULL, NULL, NULL),
(4526, 'Indaial', NULL, NULL, 24, NULL, NULL, NULL),
(4527, 'Iomerê', NULL, NULL, 24, NULL, NULL, NULL),
(4528, 'Ipira', NULL, NULL, 24, NULL, NULL, NULL),
(4529, 'Iporã do Oeste', NULL, NULL, 24, NULL, NULL, NULL),
(4530, 'Ipuaçu', NULL, NULL, 24, NULL, NULL, NULL),
(4531, 'Ipumirim', NULL, NULL, 24, NULL, NULL, NULL),
(4532, 'Iraceminha', NULL, NULL, 24, NULL, NULL, NULL),
(4533, 'Irani', NULL, NULL, 24, NULL, NULL, NULL),
(4534, 'Irati', NULL, NULL, 24, NULL, NULL, NULL),
(4535, 'Irineópolis', NULL, NULL, 24, NULL, NULL, NULL),
(4536, 'Itá', NULL, NULL, 24, NULL, NULL, NULL),
(4537, 'Itaiópolis', NULL, NULL, 24, NULL, NULL, NULL),
(4538, 'Itajaí', NULL, NULL, 24, NULL, NULL, NULL),
(4539, 'Itapema', NULL, NULL, 24, NULL, NULL, NULL),
(4540, 'Itapiranga', NULL, NULL, 24, NULL, NULL, NULL),
(4541, 'Itapoá', NULL, NULL, 24, NULL, NULL, NULL),
(4542, 'Ituporanga', NULL, NULL, 24, NULL, NULL, NULL),
(4543, 'Jaborá', NULL, NULL, 24, NULL, NULL, NULL),
(4544, 'Jacinto Machado', NULL, NULL, 24, NULL, NULL, NULL),
(4545, 'Jaguaruna', NULL, NULL, 24, NULL, NULL, NULL),
(4546, 'Jaraguá do Sul', NULL, NULL, 24, NULL, NULL, NULL),
(4547, 'Jardinópolis', NULL, NULL, 24, NULL, NULL, NULL),
(4548, 'Joaçaba', NULL, NULL, 24, NULL, NULL, NULL),
(4549, 'Joinville', NULL, NULL, 24, NULL, NULL, NULL),
(4550, 'José Boiteux', NULL, NULL, 24, NULL, NULL, NULL),
(4551, 'Jupiá', NULL, NULL, 24, NULL, NULL, NULL),
(4552, 'Lacerdópolis', NULL, NULL, 24, NULL, NULL, NULL),
(4553, 'Lages', NULL, NULL, 24, NULL, NULL, NULL),
(4554, 'Laguna', NULL, NULL, 24, NULL, NULL, NULL),
(4555, 'Lajeado Grande', NULL, NULL, 24, NULL, NULL, NULL),
(4556, 'Laurentino', NULL, NULL, 24, NULL, NULL, NULL),
(4557, 'Lauro Muller', NULL, NULL, 24, NULL, NULL, NULL),
(4558, 'Lebon Régis', NULL, NULL, 24, NULL, NULL, NULL),
(4559, 'Leoberto Leal', NULL, NULL, 24, NULL, NULL, NULL),
(4560, 'Lindóia do Sul', NULL, NULL, 24, NULL, NULL, NULL),
(4561, 'Lontras', NULL, NULL, 24, NULL, NULL, NULL),
(4562, 'Luiz Alves', NULL, NULL, 24, NULL, NULL, NULL),
(4563, 'Luzerna', NULL, NULL, 24, NULL, NULL, NULL),
(4564, 'Macieira', NULL, NULL, 24, NULL, NULL, NULL),
(4565, 'Mafra', NULL, NULL, 24, NULL, NULL, NULL),
(4566, 'Major Gercino', NULL, NULL, 24, NULL, NULL, NULL),
(4567, 'Major Vieira', NULL, NULL, 24, NULL, NULL, NULL),
(4568, 'Maracajá', NULL, NULL, 24, NULL, NULL, NULL),
(4569, 'Maravilha', NULL, NULL, 24, NULL, NULL, NULL),
(4570, 'Marema', NULL, NULL, 24, NULL, NULL, NULL),
(4571, 'Massaranduba', NULL, NULL, 24, NULL, NULL, NULL),
(4572, 'Matos Costa', NULL, NULL, 24, NULL, NULL, NULL),
(4573, 'Meleiro', NULL, NULL, 24, NULL, NULL, NULL),
(4574, 'Mirim Doce', NULL, NULL, 24, NULL, NULL, NULL),
(4575, 'Modelo', NULL, NULL, 24, NULL, NULL, NULL),
(4576, 'Mondaí', NULL, NULL, 24, NULL, NULL, NULL),
(4577, 'Monte Carlo', NULL, NULL, 24, NULL, NULL, NULL),
(4578, 'Monte Castelo', NULL, NULL, 24, NULL, NULL, NULL),
(4579, 'Morro da Fumaça', NULL, NULL, 24, NULL, NULL, NULL),
(4580, 'Morro Grande', NULL, NULL, 24, NULL, NULL, NULL),
(4581, 'Navegantes', NULL, NULL, 24, NULL, NULL, NULL),
(4582, 'Nova Erechim', NULL, NULL, 24, NULL, NULL, NULL),
(4583, 'Nova Itaberaba', NULL, NULL, 24, NULL, NULL, NULL),
(4584, 'Nova Trento', NULL, NULL, 24, NULL, NULL, NULL),
(4585, 'Nova Veneza', NULL, NULL, 24, NULL, NULL, NULL),
(4586, 'Novo Horizonte', NULL, NULL, 24, NULL, NULL, NULL),
(4587, 'Orleans', NULL, NULL, 24, NULL, NULL, NULL),
(4588, 'Otacílio Costa', NULL, NULL, 24, NULL, NULL, NULL),
(4589, 'Ouro', NULL, NULL, 24, NULL, NULL, NULL),
(4590, 'Ouro Verde', NULL, NULL, 24, NULL, NULL, NULL),
(4591, 'Paial', NULL, NULL, 24, NULL, NULL, NULL),
(4592, 'Painel', NULL, NULL, 24, NULL, NULL, NULL),
(4593, 'Palhoça', NULL, NULL, 24, NULL, NULL, NULL),
(4594, 'Palma Sola', NULL, NULL, 24, NULL, NULL, NULL),
(4595, 'Palmeira', NULL, NULL, 24, NULL, NULL, NULL),
(4596, 'Palmitos', NULL, NULL, 24, NULL, NULL, NULL),
(4597, 'Papanduva', NULL, NULL, 24, NULL, NULL, NULL),
(4598, 'Paraíso', NULL, NULL, 24, NULL, NULL, NULL),
(4599, 'Passo de Torres', NULL, NULL, 24, NULL, NULL, NULL),
(4600, 'Passos Maia', NULL, NULL, 24, NULL, NULL, NULL),
(4601, 'Paulo Lopes', NULL, NULL, 24, NULL, NULL, NULL),
(4602, 'Pedras Grandes', NULL, NULL, 24, NULL, NULL, NULL),
(4603, 'Penha', NULL, NULL, 24, NULL, NULL, NULL),
(4604, 'Peritiba', NULL, NULL, 24, NULL, NULL, NULL),
(4605, 'Petrolândia', NULL, NULL, 24, NULL, NULL, NULL),
(4606, 'Piçarras', NULL, NULL, 24, NULL, NULL, NULL),
(4607, 'Pinhalzinho', NULL, NULL, 24, NULL, NULL, NULL),
(4608, 'Pinheiro Preto', NULL, NULL, 24, NULL, NULL, NULL),
(4609, 'Piratuba', NULL, NULL, 24, NULL, NULL, NULL),
(4610, 'Planalto Alegre', NULL, NULL, 24, NULL, NULL, NULL),
(4611, 'Pomerode', NULL, NULL, 24, NULL, NULL, NULL),
(4612, 'Ponte Alta', NULL, NULL, 24, NULL, NULL, NULL),
(4613, 'Ponte Alta do Norte', NULL, NULL, 24, NULL, NULL, NULL),
(4614, 'Ponte Serrada', NULL, NULL, 24, NULL, NULL, NULL),
(4615, 'Porto Belo', NULL, NULL, 24, NULL, NULL, NULL),
(4616, 'Porto União', NULL, NULL, 24, NULL, NULL, NULL),
(4617, 'Pouso Redondo', NULL, NULL, 24, NULL, NULL, NULL),
(4618, 'Praia Grande', NULL, NULL, 24, NULL, NULL, NULL),
(4619, 'Presidente Castelo Branco', NULL, NULL, 24, NULL, NULL, NULL),
(4620, 'Presidente Getúlio', NULL, NULL, 24, NULL, NULL, NULL),
(4621, 'Presidente Nereu', NULL, NULL, 24, NULL, NULL, NULL),
(4622, 'Princesa', NULL, NULL, 24, NULL, NULL, NULL),
(4623, 'Quilombo', NULL, NULL, 24, NULL, NULL, NULL),
(4624, 'Rancho Queimado', NULL, NULL, 24, NULL, NULL, NULL),
(4625, 'Rio das Antas', NULL, NULL, 24, NULL, NULL, NULL),
(4626, 'Rio do Campo', NULL, NULL, 24, NULL, NULL, NULL),
(4627, 'Rio do Oeste', NULL, NULL, 24, NULL, NULL, NULL),
(4628, 'Rio do Sul', NULL, NULL, 24, NULL, NULL, NULL),
(4629, 'Rio dos Cedros', NULL, NULL, 24, NULL, NULL, NULL),
(4630, 'Rio Fortuna', NULL, NULL, 24, NULL, NULL, NULL),
(4631, 'Rio Negrinho', NULL, NULL, 24, NULL, NULL, NULL),
(4632, 'Rio Rufino', NULL, NULL, 24, NULL, NULL, NULL),
(4633, 'Riqueza', NULL, NULL, 24, NULL, NULL, NULL),
(4634, 'Rodeio', NULL, NULL, 24, NULL, NULL, NULL),
(4635, 'Romelândia', NULL, NULL, 24, NULL, NULL, NULL),
(4636, 'Salete', NULL, NULL, 24, NULL, NULL, NULL),
(4637, 'Saltinho', NULL, NULL, 24, NULL, NULL, NULL),
(4638, 'Salto Veloso', NULL, NULL, 24, NULL, NULL, NULL),
(4639, 'Sangão', NULL, NULL, 24, NULL, NULL, NULL),
(4640, 'Santa Cecília', NULL, NULL, 24, NULL, NULL, NULL),
(4641, 'Santa Helena', NULL, NULL, 24, NULL, NULL, NULL),
(4642, 'Santa Rosa de Lima', NULL, NULL, 24, NULL, NULL, NULL),
(4643, 'Santa Rosa do Sul', NULL, NULL, 24, NULL, NULL, NULL),
(4644, 'Santa Terezinha', NULL, NULL, 24, NULL, NULL, NULL),
(4645, 'Santa Terezinha do Progresso', NULL, NULL, 24, NULL, NULL, NULL),
(4646, 'Santiago do Sul', NULL, NULL, 24, NULL, NULL, NULL),
(4647, 'Santo Amaro da Imperatriz', NULL, NULL, 24, NULL, NULL, NULL),
(4648, 'São Bento do Sul', NULL, NULL, 24, NULL, NULL, NULL),
(4649, 'São Bernardino', NULL, NULL, 24, NULL, NULL, NULL),
(4650, 'São Bonifácio', NULL, NULL, 24, NULL, NULL, NULL),
(4651, 'São Carlos', NULL, NULL, 24, NULL, NULL, NULL),
(4652, 'São Cristovão do Sul', NULL, NULL, 24, NULL, NULL, NULL),
(4653, 'São Domingos', NULL, NULL, 24, NULL, NULL, NULL),
(4654, 'São Francisco do Sul', NULL, NULL, 24, NULL, NULL, NULL),
(4655, 'São João Batista', NULL, NULL, 24, NULL, NULL, NULL),
(4656, 'São João do Itaperiú', NULL, NULL, 24, NULL, NULL, NULL),
(4657, 'São João do Oeste', NULL, NULL, 24, NULL, NULL, NULL),
(4658, 'São João do Sul', NULL, NULL, 24, NULL, NULL, NULL),
(4659, 'São Joaquim', NULL, NULL, 24, NULL, NULL, NULL),
(4660, 'São José', NULL, NULL, 24, NULL, NULL, NULL),
(4661, 'São José do Cedro', NULL, NULL, 24, NULL, NULL, NULL),
(4662, 'São José do Cerrito', NULL, NULL, 24, NULL, NULL, NULL),
(4663, 'São Lourenço do Oeste', NULL, NULL, 24, NULL, NULL, NULL),
(4664, 'São Ludgero', NULL, NULL, 24, NULL, NULL, NULL),
(4665, 'São Martinho', NULL, NULL, 24, NULL, NULL, NULL),
(4666, 'São Miguel da Boa Vista', NULL, NULL, 24, NULL, NULL, NULL),
(4667, 'São Miguel do Oeste', NULL, NULL, 24, NULL, NULL, NULL),
(4668, 'São Pedro de Alcântara', NULL, NULL, 24, NULL, NULL, NULL),
(4669, 'Saudades', NULL, NULL, 24, NULL, NULL, NULL),
(4670, 'Schroeder', NULL, NULL, 24, NULL, NULL, NULL),
(4671, 'Seara', NULL, NULL, 24, NULL, NULL, NULL),
(4672, 'Serra Alta', NULL, NULL, 24, NULL, NULL, NULL),
(4673, 'Siderópolis', NULL, NULL, 24, NULL, NULL, NULL),
(4674, 'Sombrio', NULL, NULL, 24, NULL, NULL, NULL),
(4675, 'Sul Brasil', NULL, NULL, 24, NULL, NULL, NULL),
(4676, 'Taió', NULL, NULL, 24, NULL, NULL, NULL),
(4677, 'Tangará', NULL, NULL, 24, NULL, NULL, NULL),
(4678, 'Tigrinhos', NULL, NULL, 24, NULL, NULL, NULL),
(4679, 'Tijucas', NULL, NULL, 24, NULL, NULL, NULL),
(4680, 'Timbé do Sul', NULL, NULL, 24, NULL, NULL, NULL),
(4681, 'Timbó', NULL, NULL, 24, NULL, NULL, NULL),
(4682, 'Timbó Grande', NULL, NULL, 24, NULL, NULL, NULL),
(4683, 'Três Barras', NULL, NULL, 24, NULL, NULL, NULL),
(4684, 'Treviso', NULL, NULL, 24, NULL, NULL, NULL),
(4685, 'Treze de Maio', NULL, NULL, 24, NULL, NULL, NULL),
(4686, 'Treze Tílias', NULL, NULL, 24, NULL, NULL, NULL),
(4687, 'Trombudo Central', NULL, NULL, 24, NULL, NULL, NULL),
(4688, 'Tubarão', NULL, NULL, 24, NULL, NULL, NULL),
(4689, 'Tunápolis', NULL, NULL, 24, NULL, NULL, NULL),
(4690, 'Turvo', NULL, NULL, 24, NULL, NULL, NULL),
(4691, 'União do Oeste', NULL, NULL, 24, NULL, NULL, NULL),
(4692, 'Urubici', NULL, NULL, 24, NULL, NULL, NULL),
(4693, 'Urupema', NULL, NULL, 24, NULL, NULL, NULL),
(4694, 'Urussanga', NULL, NULL, 24, NULL, NULL, NULL),
(4695, 'Vargeão', NULL, NULL, 24, NULL, NULL, NULL),
(4696, 'Vargem', NULL, NULL, 24, NULL, NULL, NULL),
(4697, 'Vargem Bonita', NULL, NULL, 24, NULL, NULL, NULL),
(4698, 'Vidal Ramos', NULL, NULL, 24, NULL, NULL, NULL),
(4699, 'Videira', NULL, NULL, 24, NULL, NULL, NULL),
(4700, 'Vitor Meireles', NULL, NULL, 24, NULL, NULL, NULL),
(4701, 'Witmarsum', NULL, NULL, 24, NULL, NULL, NULL),
(4702, 'Xanxerê', NULL, NULL, 24, NULL, NULL, NULL),
(4703, 'Xavantina', NULL, NULL, 24, NULL, NULL, NULL),
(4704, 'Xaxim', NULL, NULL, 24, NULL, NULL, NULL),
(4705, 'Zortéa', NULL, NULL, 24, NULL, NULL, NULL),
(4706, 'Adamantina', NULL, NULL, 26, NULL, NULL, NULL),
(4707, 'Adolfo', NULL, NULL, 26, NULL, NULL, NULL),
(4708, 'Aguaí', NULL, NULL, 26, NULL, NULL, NULL),
(4709, 'Águas da Prata', NULL, NULL, 26, NULL, NULL, NULL),
(4710, 'Águas de Lindóia', NULL, NULL, 26, NULL, NULL, NULL),
(4711, 'Águas de Santa Bárbara', NULL, NULL, 26, NULL, NULL, NULL),
(4712, 'Águas de São Pedro', NULL, NULL, 26, NULL, NULL, NULL),
(4713, 'Agudos', NULL, NULL, 26, NULL, NULL, NULL),
(4714, 'Alambari', NULL, NULL, 26, NULL, NULL, NULL),
(4715, 'Alfredo Marcondes', NULL, NULL, 26, NULL, NULL, NULL),
(4716, 'Altair', NULL, NULL, 26, NULL, NULL, NULL),
(4717, 'Altinópolis', NULL, NULL, 26, NULL, NULL, NULL),
(4718, 'Alto Alegre', NULL, NULL, 26, NULL, NULL, NULL),
(4719, 'Alumínio', NULL, NULL, 26, NULL, NULL, NULL),
(4720, 'Álvares Florence', NULL, NULL, 26, NULL, NULL, NULL),
(4721, 'Álvares Machado', NULL, NULL, 26, NULL, NULL, NULL),
(4722, 'Álvaro de Carvalho', NULL, NULL, 26, NULL, NULL, NULL),
(4723, 'Alvinlândia', NULL, NULL, 26, NULL, NULL, NULL),
(4724, 'Americana', NULL, NULL, 26, NULL, NULL, NULL),
(4725, 'Américo Brasiliense', NULL, NULL, 26, NULL, NULL, NULL),
(4726, 'Américo de Campos', NULL, NULL, 26, NULL, NULL, NULL),
(4727, 'Amparo', NULL, NULL, 26, NULL, NULL, NULL),
(4728, 'Analândia', NULL, NULL, 26, NULL, NULL, NULL),
(4729, 'Andradina', NULL, NULL, 26, NULL, NULL, NULL),
(4730, 'Angatuba', NULL, NULL, 26, NULL, NULL, NULL),
(4731, 'Anhembi', NULL, NULL, 26, NULL, NULL, NULL),
(4732, 'Anhumas', NULL, NULL, 26, NULL, NULL, NULL),
(4733, 'Aparecida', NULL, NULL, 26, NULL, NULL, NULL),
(4734, 'Aparecida d`Oeste', NULL, NULL, 26, NULL, NULL, NULL),
(4735, 'Apiaí', NULL, NULL, 26, NULL, NULL, NULL),
(4736, 'Araçariguama', NULL, NULL, 26, NULL, NULL, NULL),
(4737, 'Araçatuba', NULL, NULL, 26, NULL, NULL, NULL),
(4738, 'Araçoiaba da Serra', NULL, NULL, 26, NULL, NULL, NULL),
(4739, 'Aramina', NULL, NULL, 26, NULL, NULL, NULL),
(4740, 'Arandu', NULL, NULL, 26, NULL, NULL, NULL),
(4741, 'Arapeí', NULL, NULL, 26, NULL, NULL, NULL),
(4742, 'Araraquara', NULL, NULL, 26, NULL, NULL, NULL),
(4743, 'Araras', NULL, NULL, 26, NULL, NULL, NULL),
(4744, 'Arco-Íris', NULL, NULL, 26, NULL, NULL, NULL),
(4745, 'Arealva', NULL, NULL, 26, NULL, NULL, NULL),
(4746, 'Areias', NULL, NULL, 26, NULL, NULL, NULL),
(4747, 'Areiópolis', NULL, NULL, 26, NULL, NULL, NULL),
(4748, 'Ariranha', NULL, NULL, 26, NULL, NULL, NULL),
(4749, 'Artur Nogueira', NULL, NULL, 26, NULL, NULL, NULL),
(4750, 'Arujá', NULL, NULL, 26, NULL, NULL, NULL),
(4751, 'Aspásia', NULL, NULL, 26, NULL, NULL, NULL),
(4752, 'Assis', NULL, NULL, 26, NULL, NULL, NULL),
(4753, 'Atibaia', NULL, NULL, 26, NULL, NULL, NULL),
(4754, 'Auriflama', NULL, NULL, 26, NULL, NULL, NULL),
(4755, 'Avaí', NULL, NULL, 26, NULL, NULL, NULL),
(4756, 'Avanhandava', NULL, NULL, 26, NULL, NULL, NULL),
(4757, 'Avaré', NULL, NULL, 26, NULL, NULL, NULL),
(4758, 'Bady Bassitt', NULL, NULL, 26, NULL, NULL, NULL),
(4759, 'Balbinos', NULL, NULL, 26, NULL, NULL, NULL),
(4760, 'Bálsamo', NULL, NULL, 26, NULL, NULL, NULL),
(4761, 'Bananal', NULL, NULL, 26, NULL, NULL, NULL),
(4762, 'Barão de Antonina', NULL, NULL, 26, NULL, NULL, NULL),
(4763, 'Barbosa', NULL, NULL, 26, NULL, NULL, NULL),
(4764, 'Bariri', NULL, NULL, 26, NULL, NULL, NULL),
(4765, 'Barra Bonita', NULL, NULL, 26, NULL, NULL, NULL),
(4766, 'Barra do Chapéu', NULL, NULL, 26, NULL, NULL, NULL),
(4767, 'Barra do Turvo', NULL, NULL, 26, NULL, NULL, NULL),
(4768, 'Barretos', NULL, NULL, 26, NULL, NULL, NULL),
(4769, 'Barrinha', NULL, NULL, 26, NULL, NULL, NULL),
(4770, 'Barueri', NULL, NULL, 26, NULL, NULL, NULL),
(4771, 'Bastos', NULL, NULL, 26, NULL, NULL, NULL),
(4772, 'Batatais', NULL, NULL, 26, NULL, NULL, NULL),
(4773, 'Bauru', NULL, NULL, 26, NULL, NULL, NULL),
(4774, 'Bebedouro', NULL, NULL, 26, NULL, NULL, NULL),
(4775, 'Bento de Abreu', NULL, NULL, 26, NULL, NULL, NULL),
(4776, 'Bernardino de Campos', NULL, NULL, 26, NULL, NULL, NULL),
(4777, 'Bertioga', NULL, NULL, 26, NULL, NULL, NULL),
(4778, 'Bilac', NULL, NULL, 26, NULL, NULL, NULL),
(4779, 'Birigui', NULL, NULL, 26, NULL, NULL, NULL),
(4780, 'Biritiba-Mirim', NULL, NULL, 26, NULL, NULL, NULL),
(4781, 'Boa Esperança do Sul', NULL, NULL, 26, NULL, NULL, NULL),
(4782, 'Bocaina', NULL, NULL, 26, NULL, NULL, NULL),
(4783, 'Bofete', NULL, NULL, 26, NULL, NULL, NULL),
(4784, 'Boituva', NULL, NULL, 26, NULL, NULL, NULL),
(4785, 'Bom Jesus dos Perdões', NULL, NULL, 26, NULL, NULL, NULL),
(4786, 'Bom Sucesso de Itararé', NULL, NULL, 26, NULL, NULL, NULL),
(4787, 'Borá', NULL, NULL, 26, NULL, NULL, NULL),
(4788, 'Boracéia', NULL, NULL, 26, NULL, NULL, NULL),
(4789, 'Borborema', NULL, NULL, 26, NULL, NULL, NULL),
(4790, 'Borebi', NULL, NULL, 26, NULL, NULL, NULL),
(4791, 'Botucatu', NULL, NULL, 26, NULL, NULL, NULL),
(4792, 'Bragança Paulista', NULL, NULL, 26, NULL, NULL, NULL),
(4793, 'Braúna', NULL, NULL, 26, NULL, NULL, NULL),
(4794, 'Brejo Alegre', NULL, NULL, 26, NULL, NULL, NULL),
(4795, 'Brodowski', NULL, NULL, 26, NULL, NULL, NULL),
(4796, 'Brotas', NULL, NULL, 26, NULL, NULL, NULL),
(4797, 'Buri', NULL, NULL, 26, NULL, NULL, NULL),
(4798, 'Buritama', NULL, NULL, 26, NULL, NULL, NULL),
(4799, 'Buritizal', NULL, NULL, 26, NULL, NULL, NULL),
(4800, 'Cabrália Paulista', NULL, NULL, 26, NULL, NULL, NULL),
(4801, 'Cabreúva', NULL, NULL, 26, NULL, NULL, NULL),
(4802, 'Caçapava', NULL, NULL, 26, NULL, NULL, NULL),
(4803, 'Cachoeira Paulista', NULL, NULL, 26, NULL, NULL, NULL),
(4804, 'Caconde', NULL, NULL, 26, NULL, NULL, NULL),
(4805, 'Cafelândia', NULL, NULL, 26, NULL, NULL, NULL),
(4806, 'Caiabu', NULL, NULL, 26, NULL, NULL, NULL),
(4807, 'Caieiras', NULL, NULL, 26, NULL, NULL, NULL),
(4808, 'Caiuá', NULL, NULL, 26, NULL, NULL, NULL),
(4809, 'Cajamar', NULL, NULL, 26, NULL, NULL, NULL),
(4810, 'Cajati', NULL, NULL, 26, NULL, NULL, NULL),
(4811, 'Cajobi', NULL, NULL, 26, NULL, NULL, NULL),
(4812, 'Cajuru', NULL, NULL, 26, NULL, NULL, NULL),
(4813, 'Campina do Monte Alegre', NULL, NULL, 26, NULL, NULL, NULL),
(4814, 'Campinas', NULL, NULL, 26, NULL, NULL, NULL),
(4815, 'Campo Limpo Paulista', NULL, NULL, 26, NULL, NULL, NULL),
(4816, 'Campos do Jordão', NULL, NULL, 26, NULL, NULL, NULL),
(4817, 'Campos Novos Paulista', NULL, NULL, 26, NULL, NULL, NULL),
(4818, 'Cananéia', NULL, NULL, 26, NULL, NULL, NULL),
(4819, 'Canas', NULL, NULL, 26, NULL, NULL, NULL),
(4820, 'Cândido Mota', NULL, NULL, 26, NULL, NULL, NULL),
(4821, 'Cândido Rodrigues', NULL, NULL, 26, NULL, NULL, NULL),
(4822, 'Canitar', NULL, NULL, 26, NULL, NULL, NULL),
(4823, 'Capão Bonito', NULL, NULL, 26, NULL, NULL, NULL),
(4824, 'Capela do Alto', NULL, NULL, 26, NULL, NULL, NULL),
(4825, 'Capivari', NULL, NULL, 26, NULL, NULL, NULL),
(4826, 'Caraguatatuba', NULL, NULL, 26, NULL, NULL, NULL),
(4827, 'Carapicuíba', NULL, NULL, 26, NULL, NULL, NULL),
(4828, 'Cardoso', NULL, NULL, 26, NULL, NULL, NULL),
(4829, 'Casa Branca', NULL, NULL, 26, NULL, NULL, NULL),
(4830, 'Cássia dos Coqueiros', NULL, NULL, 26, NULL, NULL, NULL),
(4831, 'Castilho', NULL, NULL, 26, NULL, NULL, NULL),
(4832, 'Catanduva', NULL, NULL, 26, NULL, NULL, NULL),
(4833, 'Catiguá', NULL, NULL, 26, NULL, NULL, NULL),
(4834, 'Cedral', NULL, NULL, 26, NULL, NULL, NULL),
(4835, 'Cerqueira César', NULL, NULL, 26, NULL, NULL, NULL),
(4836, 'Cerquilho', NULL, NULL, 26, NULL, NULL, NULL),
(4837, 'Cesário Lange', NULL, NULL, 26, NULL, NULL, NULL),
(4838, 'Charqueada', NULL, NULL, 26, NULL, NULL, NULL),
(4839, 'Chavantes', NULL, NULL, 26, NULL, NULL, NULL),
(4840, 'Clementina', NULL, NULL, 26, NULL, NULL, NULL),
(4841, 'Colina', NULL, NULL, 26, NULL, NULL, NULL),
(4842, 'Colômbia', NULL, NULL, 26, NULL, NULL, NULL),
(4843, 'Conchal', NULL, NULL, 26, NULL, NULL, NULL),
(4844, 'Conchas', NULL, NULL, 26, NULL, NULL, NULL),
(4845, 'Cordeirópolis', NULL, NULL, 26, NULL, NULL, NULL),
(4846, 'Coroados', NULL, NULL, 26, NULL, NULL, NULL),
(4847, 'Coronel Macedo', NULL, NULL, 26, NULL, NULL, NULL),
(4848, 'Corumbataí', NULL, NULL, 26, NULL, NULL, NULL),
(4849, 'Cosmópolis', NULL, NULL, 26, NULL, NULL, NULL),
(4850, 'Cosmorama', NULL, NULL, 26, NULL, NULL, NULL),
(4851, 'Cotia', NULL, NULL, 26, NULL, NULL, NULL),
(4852, 'Cravinhos', NULL, NULL, 26, NULL, NULL, NULL),
(4853, 'Cristais Paulista', NULL, NULL, 26, NULL, NULL, NULL),
(4854, 'Cruzália', NULL, NULL, 26, NULL, NULL, NULL),
(4855, 'Cruzeiro', NULL, NULL, 26, NULL, NULL, NULL),
(4856, 'Cubatão', NULL, NULL, 26, NULL, NULL, NULL),
(4857, 'Cunha', NULL, NULL, 26, NULL, NULL, NULL),
(4858, 'Descalvado', NULL, NULL, 26, NULL, NULL, NULL),
(4859, 'Diadema', NULL, NULL, 26, NULL, NULL, NULL),
(4860, 'Dirce Reis', NULL, NULL, 26, NULL, NULL, NULL),
(4861, 'Divinolândia', NULL, NULL, 26, NULL, NULL, NULL),
(4862, 'Dobrada', NULL, NULL, 26, NULL, NULL, NULL),
(4863, 'Dois Córregos', NULL, NULL, 26, NULL, NULL, NULL),
(4864, 'Dolcinópolis', NULL, NULL, 26, NULL, NULL, NULL),
(4865, 'Dourado', NULL, NULL, 26, NULL, NULL, NULL),
(4866, 'Dracena', NULL, NULL, 26, NULL, NULL, NULL),
(4867, 'Duartina', NULL, NULL, 26, NULL, NULL, NULL),
(4868, 'Dumont', NULL, NULL, 26, NULL, NULL, NULL),
(4869, 'Echaporã', NULL, NULL, 26, NULL, NULL, NULL),
(4870, 'Eldorado', NULL, NULL, 26, NULL, NULL, NULL),
(4871, 'Elias Fausto', NULL, NULL, 26, NULL, NULL, NULL),
(4872, 'Elisiário', NULL, NULL, 26, NULL, NULL, NULL),
(4873, 'Embaúba', NULL, NULL, 26, NULL, NULL, NULL),
(4874, 'Embu', NULL, NULL, 26, NULL, NULL, NULL),
(4875, 'Embu-Guaçu', NULL, NULL, 26, NULL, NULL, NULL),
(4876, 'Emilianópolis', NULL, NULL, 26, NULL, NULL, NULL),
(4877, 'Engenheiro Coelho', NULL, NULL, 26, NULL, NULL, NULL),
(4878, 'Espírito Santo do Pinhal', NULL, NULL, 26, NULL, NULL, NULL),
(4879, 'Espírito Santo do Turvo', NULL, NULL, 26, NULL, NULL, NULL),
(4880, 'Estiva Gerbi', NULL, NULL, 26, NULL, NULL, NULL),
(4881, 'Estrela d`Oeste', NULL, NULL, 26, NULL, NULL, NULL),
(4882, 'Estrela do Norte', NULL, NULL, 26, NULL, NULL, NULL),
(4883, 'Euclides da Cunha Paulista', NULL, NULL, 26, NULL, NULL, NULL),
(4884, 'Fartura', NULL, NULL, 26, NULL, NULL, NULL),
(4885, 'Fernando Prestes', NULL, NULL, 26, NULL, NULL, NULL),
(4886, 'Fernandópolis', NULL, NULL, 26, NULL, NULL, NULL),
(4887, 'Fernão', NULL, NULL, 26, NULL, NULL, NULL),
(4888, 'Ferraz de Vasconcelos', NULL, NULL, 26, NULL, NULL, NULL),
(4889, 'Flora Rica', NULL, NULL, 26, NULL, NULL, NULL),
(4890, 'Floreal', NULL, NULL, 26, NULL, NULL, NULL),
(4891, 'Flórida Paulista', NULL, NULL, 26, NULL, NULL, NULL),
(4892, 'Florínia', NULL, NULL, 26, NULL, NULL, NULL),
(4893, 'Franca', NULL, NULL, 26, NULL, NULL, NULL),
(4894, 'Francisco Morato', NULL, NULL, 26, NULL, NULL, NULL),
(4895, 'Franco da Rocha', NULL, NULL, 26, NULL, NULL, NULL),
(4896, 'Gabriel Monteiro', NULL, NULL, 26, NULL, NULL, NULL),
(4897, 'Gália', NULL, NULL, 26, NULL, NULL, NULL),
(4898, 'Garça', NULL, NULL, 26, NULL, NULL, NULL),
(4899, 'Gastão Vidigal', NULL, NULL, 26, NULL, NULL, NULL),
(4900, 'Gavião Peixoto', NULL, NULL, 26, NULL, NULL, NULL),
(4901, 'General Salgado', NULL, NULL, 26, NULL, NULL, NULL),
(4902, 'Getulina', NULL, NULL, 26, NULL, NULL, NULL),
(4903, 'Glicério', NULL, NULL, 26, NULL, NULL, NULL),
(4904, 'Guaiçara', NULL, NULL, 26, NULL, NULL, NULL),
(4905, 'Guaimbê', NULL, NULL, 26, NULL, NULL, NULL),
(4906, 'Guaíra', NULL, NULL, 26, NULL, NULL, NULL),
(4907, 'Guapiaçu', NULL, NULL, 26, NULL, NULL, NULL),
(4908, 'Guapiara', NULL, NULL, 26, NULL, NULL, NULL),
(4909, 'Guará', NULL, NULL, 26, NULL, NULL, NULL),
(4910, 'Guaraçaí', NULL, NULL, 26, NULL, NULL, NULL),
(4911, 'Guaraci', NULL, NULL, 26, NULL, NULL, NULL),
(4912, 'Guarani d`Oeste', NULL, NULL, 26, NULL, NULL, NULL),
(4913, 'Guarantã', NULL, NULL, 26, NULL, NULL, NULL),
(4914, 'Guararapes', NULL, NULL, 26, NULL, NULL, NULL),
(4915, 'Guararema', NULL, NULL, 26, NULL, NULL, NULL),
(4916, 'Guaratinguetá', NULL, NULL, 26, NULL, NULL, NULL),
(4917, 'Guareí', NULL, NULL, 26, NULL, NULL, NULL),
(4918, 'Guariba', NULL, NULL, 26, NULL, NULL, NULL),
(4919, 'Guarujá', NULL, NULL, 26, NULL, NULL, NULL),
(4920, 'Guarulhos', NULL, NULL, 26, NULL, NULL, NULL),
(4921, 'Guatapará', NULL, NULL, 26, NULL, NULL, NULL),
(4922, 'Guzolândia', NULL, NULL, 26, NULL, NULL, NULL),
(4923, 'Herculândia', NULL, NULL, 26, NULL, NULL, NULL),
(4924, 'Holambra', NULL, NULL, 26, NULL, NULL, NULL),
(4925, 'Hortolândia', NULL, NULL, 26, NULL, NULL, NULL),
(4926, 'Iacanga', NULL, NULL, 26, NULL, NULL, NULL),
(4927, 'Iacri', NULL, NULL, 26, NULL, NULL, NULL),
(4928, 'Iaras', NULL, NULL, 26, NULL, NULL, NULL),
(4929, 'Ibaté', NULL, NULL, 26, NULL, NULL, NULL),
(4930, 'Ibirá', NULL, NULL, 26, NULL, NULL, NULL),
(4931, 'Ibirarema', NULL, NULL, 26, NULL, NULL, NULL),
(4932, 'Ibitinga', NULL, NULL, 26, NULL, NULL, NULL),
(4933, 'Ibiúna', NULL, NULL, 26, NULL, NULL, NULL),
(4934, 'Icém', NULL, NULL, 26, NULL, NULL, NULL),
(4935, 'Iepê', NULL, NULL, 26, NULL, NULL, NULL),
(4936, 'Igaraçu do Tietê', NULL, NULL, 26, NULL, NULL, NULL),
(4937, 'Igarapava', NULL, NULL, 26, NULL, NULL, NULL),
(4938, 'Igaratá', NULL, NULL, 26, NULL, NULL, NULL),
(4939, 'Iguape', NULL, NULL, 26, NULL, NULL, NULL),
(4940, 'Ilha Comprida', NULL, NULL, 26, NULL, NULL, NULL),
(4941, 'Ilha Solteira', NULL, NULL, 26, NULL, NULL, NULL),
(4942, 'Ilhabela', NULL, NULL, 26, NULL, NULL, NULL),
(4943, 'Indaiatuba', NULL, NULL, 26, NULL, NULL, NULL),
(4944, 'Indiana', NULL, NULL, 26, NULL, NULL, NULL),
(4945, 'Indiaporã', NULL, NULL, 26, NULL, NULL, NULL),
(4946, 'Inúbia Paulista', NULL, NULL, 26, NULL, NULL, NULL),
(4947, 'Ipaussu', NULL, NULL, 26, NULL, NULL, NULL),
(4948, 'Iperó', NULL, NULL, 26, NULL, NULL, NULL),
(4949, 'Ipeúna', NULL, NULL, 26, NULL, NULL, NULL),
(4950, 'Ipiguá', NULL, NULL, 26, NULL, NULL, NULL),
(4951, 'Iporanga', NULL, NULL, 26, NULL, NULL, NULL),
(4952, 'Ipuã', NULL, NULL, 26, NULL, NULL, NULL),
(4953, 'Iracemápolis', NULL, NULL, 26, NULL, NULL, NULL),
(4954, 'Irapuã', NULL, NULL, 26, NULL, NULL, NULL),
(4955, 'Irapuru', NULL, NULL, 26, NULL, NULL, NULL),
(4956, 'Itaberá', NULL, NULL, 26, NULL, NULL, NULL),
(4957, 'Itaí', NULL, NULL, 26, NULL, NULL, NULL),
(4958, 'Itajobi', NULL, NULL, 26, NULL, NULL, NULL),
(4959, 'Itaju', NULL, NULL, 26, NULL, NULL, NULL),
(4960, 'Itanhaém', NULL, NULL, 26, NULL, NULL, NULL),
(4961, 'Itaóca', NULL, NULL, 26, NULL, NULL, NULL),
(4962, 'Itapecerica da Serra', NULL, NULL, 26, NULL, NULL, NULL),
(4963, 'Itapetininga', NULL, NULL, 26, NULL, NULL, NULL),
(4964, 'Itapeva', NULL, NULL, 26, NULL, NULL, NULL),
(4965, 'Itapevi', NULL, NULL, 26, NULL, NULL, NULL),
(4966, 'Itapira', NULL, NULL, 26, NULL, NULL, NULL),
(4967, 'Itapirapuã Paulista', NULL, NULL, 26, NULL, NULL, NULL),
(4968, 'Itápolis', NULL, NULL, 26, NULL, NULL, NULL),
(4969, 'Itaporanga', NULL, NULL, 26, NULL, NULL, NULL),
(4970, 'Itapuí', NULL, NULL, 26, NULL, NULL, NULL),
(4971, 'Itapura', NULL, NULL, 26, NULL, NULL, NULL),
(4972, 'Itaquaquecetuba', NULL, NULL, 26, NULL, NULL, NULL),
(4973, 'Itararé', NULL, NULL, 26, NULL, NULL, NULL),
(4974, 'Itariri', NULL, NULL, 26, NULL, NULL, NULL),
(4975, 'Itatiba', NULL, NULL, 26, NULL, NULL, NULL),
(4976, 'Itatinga', NULL, NULL, 26, NULL, NULL, NULL),
(4977, 'Itirapina', NULL, NULL, 26, NULL, NULL, NULL),
(4978, 'Itirapuã', NULL, NULL, 26, NULL, NULL, NULL),
(4979, 'Itobi', NULL, NULL, 26, NULL, NULL, NULL),
(4980, 'Itu', NULL, NULL, 26, NULL, NULL, NULL),
(4981, 'Itupeva', NULL, NULL, 26, NULL, NULL, NULL),
(4982, 'Ituverava', NULL, NULL, 26, NULL, NULL, NULL),
(4983, 'Jaborandi', NULL, NULL, 26, NULL, NULL, NULL),
(4984, 'Jaboticabal', NULL, NULL, 26, NULL, NULL, NULL),
(4985, 'Jacareí', NULL, NULL, 26, NULL, NULL, NULL),
(4986, 'Jaci', NULL, NULL, 26, NULL, NULL, NULL),
(4987, 'Jacupiranga', NULL, NULL, 26, NULL, NULL, NULL),
(4988, 'Jaguariúna', NULL, NULL, 26, NULL, NULL, NULL),
(4989, 'Jales', NULL, NULL, 26, NULL, NULL, NULL),
(4990, 'Jambeiro', NULL, NULL, 26, NULL, NULL, NULL),
(4991, 'Jandira', NULL, NULL, 26, NULL, NULL, NULL),
(4992, 'Jardinópolis', NULL, NULL, 26, NULL, NULL, NULL),
(4993, 'Jarinu', NULL, NULL, 26, NULL, NULL, NULL),
(4994, 'Jaú', NULL, NULL, 26, NULL, NULL, NULL),
(4995, 'Jeriquara', NULL, NULL, 26, NULL, NULL, NULL),
(4996, 'Joanópolis', NULL, NULL, 26, NULL, NULL, NULL),
(4997, 'João Ramalho', NULL, NULL, 26, NULL, NULL, NULL),
(4998, 'José Bonifácio', NULL, NULL, 26, NULL, NULL, NULL),
(4999, 'Júlio Mesquita', NULL, NULL, 26, NULL, NULL, NULL),
(5000, 'Jumirim', NULL, NULL, 26, NULL, NULL, NULL),
(5001, 'Jundiaí', NULL, NULL, 26, NULL, NULL, NULL),
(5002, 'Junqueirópolis', NULL, NULL, 26, NULL, NULL, NULL),
(5003, 'Juquiá', NULL, NULL, 26, NULL, NULL, NULL),
(5004, 'Juquitiba', NULL, NULL, 26, NULL, NULL, NULL),
(5005, 'Lagoinha', NULL, NULL, 26, NULL, NULL, NULL),
(5006, 'Laranjal Paulista', NULL, NULL, 26, NULL, NULL, NULL),
(5007, 'Lavínia', NULL, NULL, 26, NULL, NULL, NULL),
(5008, 'Lavrinhas', NULL, NULL, 26, NULL, NULL, NULL),
(5009, 'Leme', NULL, NULL, 26, NULL, NULL, NULL),
(5010, 'Lençóis Paulista', NULL, NULL, 26, NULL, NULL, NULL),
(5011, 'Limeira', NULL, NULL, 26, NULL, NULL, NULL),
(5012, 'Lindóia', NULL, NULL, 26, NULL, NULL, NULL),
(5013, 'Lins', NULL, NULL, 26, NULL, NULL, NULL),
(5014, 'Lorena', NULL, NULL, 26, NULL, NULL, NULL),
(5015, 'Lourdes', NULL, NULL, 26, NULL, NULL, NULL),
(5016, 'Louveira', NULL, NULL, 26, NULL, NULL, NULL),
(5017, 'Lucélia', NULL, NULL, 26, NULL, NULL, NULL),
(5018, 'Lucianópolis', NULL, NULL, 26, NULL, NULL, NULL),
(5019, 'Luís Antônio', NULL, NULL, 26, NULL, NULL, NULL),
(5020, 'Luiziânia', NULL, NULL, 26, NULL, NULL, NULL),
(5021, 'Lupércio', NULL, NULL, 26, NULL, NULL, NULL),
(5022, 'Lutécia', NULL, NULL, 26, NULL, NULL, NULL),
(5023, 'Macatuba', NULL, NULL, 26, NULL, NULL, NULL),
(5024, 'Macaubal', NULL, NULL, 26, NULL, NULL, NULL),
(5025, 'Macedônia', NULL, NULL, 26, NULL, NULL, NULL),
(5026, 'Magda', NULL, NULL, 26, NULL, NULL, NULL),
(5027, 'Mairinque', NULL, NULL, 26, NULL, NULL, NULL),
(5028, 'Mairiporã', NULL, NULL, 26, NULL, NULL, NULL),
(5029, 'Manduri', NULL, NULL, 26, NULL, NULL, NULL),
(5030, 'Marabá Paulista', NULL, NULL, 26, NULL, NULL, NULL),
(5031, 'Maracaí', NULL, NULL, 26, NULL, NULL, NULL),
(5032, 'Marapoama', NULL, NULL, 26, NULL, NULL, NULL),
(5033, 'Mariápolis', NULL, NULL, 26, NULL, NULL, NULL),
(5034, 'Marília', NULL, NULL, 26, NULL, NULL, NULL),
(5035, 'Marinópolis', NULL, NULL, 26, NULL, NULL, NULL),
(5036, 'Martinópolis', NULL, NULL, 26, NULL, NULL, NULL),
(5037, 'Matão', NULL, NULL, 26, NULL, NULL, NULL),
(5038, 'Mauá', NULL, NULL, 26, NULL, NULL, NULL),
(5039, 'Mendonça', NULL, NULL, 26, NULL, NULL, NULL),
(5040, 'Meridiano', NULL, NULL, 26, NULL, NULL, NULL),
(5041, 'Mesópolis', NULL, NULL, 26, NULL, NULL, NULL),
(5042, 'Miguelópolis', NULL, NULL, 26, NULL, NULL, NULL),
(5043, 'Mineiros do Tietê', NULL, NULL, 26, NULL, NULL, NULL),
(5044, 'Mira Estrela', NULL, NULL, 26, NULL, NULL, NULL),
(5045, 'Miracatu', NULL, NULL, 26, NULL, NULL, NULL),
(5046, 'Mirandópolis', NULL, NULL, 26, NULL, NULL, NULL),
(5047, 'Mirante do Paranapanema', NULL, NULL, 26, NULL, NULL, NULL),
(5048, 'Mirassol', NULL, NULL, 26, NULL, NULL, NULL),
(5049, 'Mirassolândia', NULL, NULL, 26, NULL, NULL, NULL),
(5050, 'Mococa', NULL, NULL, 26, NULL, NULL, NULL),
(5051, 'Mogi das Cruzes', NULL, NULL, 26, NULL, NULL, NULL),
(5052, 'Mogi Guaçu', NULL, NULL, 26, NULL, NULL, NULL),
(5053, 'Moji Mirim', NULL, NULL, 26, NULL, NULL, NULL),
(5054, 'Mombuca', NULL, NULL, 26, NULL, NULL, NULL),
(5055, 'Monções', NULL, NULL, 26, NULL, NULL, NULL),
(5056, 'Mongaguá', NULL, NULL, 26, NULL, NULL, NULL),
(5057, 'Monte Alegre do Sul', NULL, NULL, 26, NULL, NULL, NULL),
(5058, 'Monte Alto', NULL, NULL, 26, NULL, NULL, NULL),
(5059, 'Monte Aprazível', NULL, NULL, 26, NULL, NULL, NULL),
(5060, 'Monte Azul Paulista', NULL, NULL, 26, NULL, NULL, NULL),
(5061, 'Monte Castelo', NULL, NULL, 26, NULL, NULL, NULL),
(5062, 'Monte Mor', NULL, NULL, 26, NULL, NULL, NULL),
(5063, 'Monteiro Lobato', NULL, NULL, 26, NULL, NULL, NULL),
(5064, 'Morro Agudo', NULL, NULL, 26, NULL, NULL, NULL),
(5065, 'Morungaba', NULL, NULL, 26, NULL, NULL, NULL),
(5066, 'Motuca', NULL, NULL, 26, NULL, NULL, NULL),
(5067, 'Murutinga do Sul', NULL, NULL, 26, NULL, NULL, NULL),
(5068, 'Nantes', NULL, NULL, 26, NULL, NULL, NULL),
(5069, 'Narandiba', NULL, NULL, 26, NULL, NULL, NULL),
(5070, 'Natividade da Serra', NULL, NULL, 26, NULL, NULL, NULL),
(5071, 'Nazaré Paulista', NULL, NULL, 26, NULL, NULL, NULL),
(5072, 'Neves Paulista', NULL, NULL, 26, NULL, NULL, NULL),
(5073, 'Nhandeara', NULL, NULL, 26, NULL, NULL, NULL),
(5074, 'Nipoã', NULL, NULL, 26, NULL, NULL, NULL),
(5075, 'Nova Aliança', NULL, NULL, 26, NULL, NULL, NULL),
(5076, 'Nova Campina', NULL, NULL, 26, NULL, NULL, NULL),
(5077, 'Nova Canaã Paulista', NULL, NULL, 26, NULL, NULL, NULL),
(5078, 'Nova Castilho', NULL, NULL, 26, NULL, NULL, NULL),
(5079, 'Nova Europa', NULL, NULL, 26, NULL, NULL, NULL),
(5080, 'Nova Granada', NULL, NULL, 26, NULL, NULL, NULL),
(5081, 'Nova Guataporanga', NULL, NULL, 26, NULL, NULL, NULL),
(5082, 'Nova Independência', NULL, NULL, 26, NULL, NULL, NULL),
(5083, 'Nova Luzitânia', NULL, NULL, 26, NULL, NULL, NULL),
(5084, 'Nova Odessa', NULL, NULL, 26, NULL, NULL, NULL),
(5085, 'Novais', NULL, NULL, 26, NULL, NULL, NULL),
(5086, 'Novo Horizonte', NULL, NULL, 26, NULL, NULL, NULL),
(5087, 'Nuporanga', NULL, NULL, 26, NULL, NULL, NULL),
(5088, 'Ocauçu', NULL, NULL, 26, NULL, NULL, NULL),
(5089, 'Óleo', NULL, NULL, 26, NULL, NULL, NULL),
(5090, 'Olímpia', NULL, NULL, 26, NULL, NULL, NULL),
(5091, 'Onda Verde', NULL, NULL, 26, NULL, NULL, NULL),
(5092, 'Oriente', NULL, NULL, 26, NULL, NULL, NULL),
(5093, 'Orindiúva', NULL, NULL, 26, NULL, NULL, NULL),
(5094, 'Orlândia', NULL, NULL, 26, NULL, NULL, NULL),
(5095, 'Osasco', NULL, NULL, 26, NULL, NULL, NULL),
(5096, 'Oscar Bressane', NULL, NULL, 26, NULL, NULL, NULL),
(5097, 'Osvaldo Cruz', NULL, NULL, 26, NULL, NULL, NULL),
(5098, 'Ourinhos', NULL, NULL, 26, NULL, NULL, NULL),
(5099, 'Ouro Verde', NULL, NULL, 26, NULL, NULL, NULL),
(5100, 'Ouroeste', NULL, NULL, 26, NULL, NULL, NULL),
(5101, 'Pacaembu', NULL, NULL, 26, NULL, NULL, NULL),
(5102, 'Palestina', NULL, NULL, 26, NULL, NULL, NULL),
(5103, 'Palmares Paulista', NULL, NULL, 26, NULL, NULL, NULL),
(5104, 'Palmeira d`Oeste', NULL, NULL, 26, NULL, NULL, NULL),
(5105, 'Palmital', NULL, NULL, 26, NULL, NULL, NULL),
(5106, 'Panorama', NULL, NULL, 26, NULL, NULL, NULL),
(5107, 'Paraguaçu Paulista', NULL, NULL, 26, NULL, NULL, NULL),
(5108, 'Paraibuna', NULL, NULL, 26, NULL, NULL, NULL),
(5109, 'Paraíso', NULL, NULL, 26, NULL, NULL, NULL),
(5110, 'Paranapanema', NULL, NULL, 26, NULL, NULL, NULL),
(5111, 'Paranapuã', NULL, NULL, 26, NULL, NULL, NULL),
(5112, 'Parapuã', NULL, NULL, 26, NULL, NULL, NULL),
(5113, 'Pardinho', NULL, NULL, 26, NULL, NULL, NULL),
(5114, 'Pariquera-Açu', NULL, NULL, 26, NULL, NULL, NULL),
(5115, 'Parisi', NULL, NULL, 26, NULL, NULL, NULL),
(5116, 'Patrocínio Paulista', NULL, NULL, 26, NULL, NULL, NULL),
(5117, 'Paulicéia', NULL, NULL, 26, NULL, NULL, NULL),
(5118, 'Paulínia', NULL, NULL, 26, NULL, NULL, NULL),
(5119, 'Paulistânia', NULL, NULL, 26, NULL, NULL, NULL),
(5120, 'Paulo de Faria', NULL, NULL, 26, NULL, NULL, NULL),
(5121, 'Pederneiras', NULL, NULL, 26, NULL, NULL, NULL),
(5122, 'Pedra Bela', NULL, NULL, 26, NULL, NULL, NULL),
(5123, 'Pedranópolis', NULL, NULL, 26, NULL, NULL, NULL),
(5124, 'Pedregulho', NULL, NULL, 26, NULL, NULL, NULL),
(5125, 'Pedreira', NULL, NULL, 26, NULL, NULL, NULL),
(5126, 'Pedrinhas Paulista', NULL, NULL, 26, NULL, NULL, NULL),
(5127, 'Pedro de Toledo', NULL, NULL, 26, NULL, NULL, NULL),
(5128, 'Penápolis', NULL, NULL, 26, NULL, NULL, NULL),
(5129, 'Pereira Barreto', NULL, NULL, 26, NULL, NULL, NULL),
(5130, 'Pereiras', NULL, NULL, 26, NULL, NULL, NULL),
(5131, 'Peruíbe', NULL, NULL, 26, NULL, NULL, NULL),
(5132, 'Piacatu', NULL, NULL, 26, NULL, NULL, NULL),
(5133, 'Piedade', NULL, NULL, 26, NULL, NULL, NULL),
(5134, 'Pilar do Sul', NULL, NULL, 26, NULL, NULL, NULL),
(5135, 'Pindamonhangaba', NULL, NULL, 26, NULL, NULL, NULL),
(5136, 'Pindorama', NULL, NULL, 26, NULL, NULL, NULL),
(5137, 'Pinhalzinho', NULL, NULL, 26, NULL, NULL, NULL),
(5138, 'Piquerobi', NULL, NULL, 26, NULL, NULL, NULL),
(5139, 'Piquete', NULL, NULL, 26, NULL, NULL, NULL),
(5140, 'Piracaia', NULL, NULL, 26, NULL, NULL, NULL),
(5141, 'Piracicaba', NULL, NULL, 26, NULL, NULL, NULL),
(5142, 'Piraju', NULL, NULL, 26, NULL, NULL, NULL),
(5143, 'Pirajuí', NULL, NULL, 26, NULL, NULL, NULL),
(5144, 'Pirangi', NULL, NULL, 26, NULL, NULL, NULL),
(5145, 'Pirapora do Bom Jesus', NULL, NULL, 26, NULL, NULL, NULL),
(5146, 'Pirapozinho', NULL, NULL, 26, NULL, NULL, NULL),
(5147, 'Pirassununga', NULL, NULL, 26, NULL, NULL, NULL),
(5148, 'Piratininga', NULL, NULL, 26, NULL, NULL, NULL),
(5149, 'Pitangueiras', NULL, NULL, 26, NULL, NULL, NULL),
(5150, 'Planalto', NULL, NULL, 26, NULL, NULL, NULL),
(5151, 'Platina', NULL, NULL, 26, NULL, NULL, NULL),
(5152, 'Poá', NULL, NULL, 26, NULL, NULL, NULL),
(5153, 'Poloni', NULL, NULL, 26, NULL, NULL, NULL),
(5154, 'Pompéia', NULL, NULL, 26, NULL, NULL, NULL),
(5155, 'Pongaí', NULL, NULL, 26, NULL, NULL, NULL),
(5156, 'Pontal', NULL, NULL, 26, NULL, NULL, NULL),
(5157, 'Pontalinda', NULL, NULL, 26, NULL, NULL, NULL),
(5158, 'Pontes Gestal', NULL, NULL, 26, NULL, NULL, NULL),
(5159, 'Populina', NULL, NULL, 26, NULL, NULL, NULL),
(5160, 'Porangaba', NULL, NULL, 26, NULL, NULL, NULL),
(5161, 'Porto Feliz', NULL, NULL, 26, NULL, NULL, NULL),
(5162, 'Porto Ferreira', NULL, NULL, 26, NULL, NULL, NULL),
(5163, 'Potim', NULL, NULL, 26, NULL, NULL, NULL),
(5164, 'Potirendaba', NULL, NULL, 26, NULL, NULL, NULL),
(5165, 'Pracinha', NULL, NULL, 26, NULL, NULL, NULL),
(5166, 'Pradópolis', NULL, NULL, 26, NULL, NULL, NULL);

INSERT INTO ART_Localidade VALUES
(5167, 'Praia Grande', NULL, NULL, 26, NULL, NULL, NULL),
(5168, 'Pratânia', NULL, NULL, 26, NULL, NULL, NULL),
(5169, 'Presidente Alves', NULL, NULL, 26, NULL, NULL, NULL),
(5170, 'Presidente Bernardes', NULL, NULL, 26, NULL, NULL, NULL),
(5171, 'Presidente Epitácio', NULL, NULL, 26, NULL, NULL, NULL),
(5172, 'Presidente Prudente', NULL, NULL, 26, NULL, NULL, NULL),
(5173, 'Presidente Venceslau', NULL, NULL, 26, NULL, NULL, NULL),
(5174, 'Promissão', NULL, NULL, 26, NULL, NULL, NULL),
(5175, 'Quadra', NULL, NULL, 26, NULL, NULL, NULL),
(5176, 'Quatá', NULL, NULL, 26, NULL, NULL, NULL),
(5177, 'Queiroz', NULL, NULL, 26, NULL, NULL, NULL),
(5178, 'Queluz', NULL, NULL, 26, NULL, NULL, NULL),
(5179, 'Quintana', NULL, NULL, 26, NULL, NULL, NULL),
(5180, 'Rafard', NULL, NULL, 26, NULL, NULL, NULL),
(5181, 'Rancharia', NULL, NULL, 26, NULL, NULL, NULL),
(5182, 'Redenção da Serra', NULL, NULL, 26, NULL, NULL, NULL),
(5183, 'Regente Feijó', NULL, NULL, 26, NULL, NULL, NULL),
(5184, 'Reginópolis', NULL, NULL, 26, NULL, NULL, NULL),
(5185, 'Registro', NULL, NULL, 26, NULL, NULL, NULL),
(5186, 'Restinga', NULL, NULL, 26, NULL, NULL, NULL),
(5187, 'Ribeira', NULL, NULL, 26, NULL, NULL, NULL),
(5188, 'Ribeirão Bonito', NULL, NULL, 26, NULL, NULL, NULL),
(5189, 'Ribeirão Branco', NULL, NULL, 26, NULL, NULL, NULL),
(5190, 'Ribeirão Corrente', NULL, NULL, 26, NULL, NULL, NULL),
(5191, 'Ribeirão do Sul', NULL, NULL, 26, NULL, NULL, NULL),
(5192, 'Ribeirão dos Índios', NULL, NULL, 26, NULL, NULL, NULL),
(5193, 'Ribeirão Grande', NULL, NULL, 26, NULL, NULL, NULL),
(5194, 'Ribeirão Pires', NULL, NULL, 26, NULL, NULL, NULL),
(5195, 'Ribeirão Preto', NULL, NULL, 26, NULL, NULL, NULL),
(5196, 'Rifaina', NULL, NULL, 26, NULL, NULL, NULL),
(5197, 'Rincão', NULL, NULL, 26, NULL, NULL, NULL),
(5198, 'Rinópolis', NULL, NULL, 26, NULL, NULL, NULL),
(5199, 'Rio Claro', NULL, NULL, 26, NULL, NULL, NULL),
(5200, 'Rio das Pedras', NULL, NULL, 26, NULL, NULL, NULL),
(5201, 'Rio Grande da Serra', NULL, NULL, 26, NULL, NULL, NULL),
(5202, 'Riolândia', NULL, NULL, 26, NULL, NULL, NULL),
(5203, 'Riversul', NULL, NULL, 26, NULL, NULL, NULL),
(5204, 'Rosana', NULL, NULL, 26, NULL, NULL, NULL),
(5205, 'Roseira', NULL, NULL, 26, NULL, NULL, NULL),
(5206, 'Rubiácea', NULL, NULL, 26, NULL, NULL, NULL),
(5207, 'Rubinéia', NULL, NULL, 26, NULL, NULL, NULL),
(5208, 'Sabino', NULL, NULL, 26, NULL, NULL, NULL),
(5209, 'Sagres', NULL, NULL, 26, NULL, NULL, NULL),
(5210, 'Sales', NULL, NULL, 26, NULL, NULL, NULL),
(5211, 'Sales Oliveira', NULL, NULL, 26, NULL, NULL, NULL),
(5212, 'Salesópolis', NULL, NULL, 26, NULL, NULL, NULL),
(5213, 'Salmourão', NULL, NULL, 26, NULL, NULL, NULL),
(5214, 'Saltinho', NULL, NULL, 26, NULL, NULL, NULL),
(5215, 'Salto', NULL, NULL, 26, NULL, NULL, NULL),
(5216, 'Salto de Pirapora', NULL, NULL, 26, NULL, NULL, NULL),
(5217, 'Salto Grande', NULL, NULL, 26, NULL, NULL, NULL),
(5218, 'Sandovalina', NULL, NULL, 26, NULL, NULL, NULL),
(5219, 'Santa Adélia', NULL, NULL, 26, NULL, NULL, NULL),
(5220, 'Santa Albertina', NULL, NULL, 26, NULL, NULL, NULL),
(5221, 'Santa Bárbara d`Oeste', NULL, NULL, 26, NULL, NULL, NULL),
(5222, 'Santa Branca', NULL, NULL, 26, NULL, NULL, NULL),
(5223, 'Santa Clara d`Oeste', NULL, NULL, 26, NULL, NULL, NULL),
(5224, 'Santa Cruz da Conceição', NULL, NULL, 26, NULL, NULL, NULL),
(5225, 'Santa Cruz da Esperança', NULL, NULL, 26, NULL, NULL, NULL),
(5226, 'Santa Cruz das Palmeiras', NULL, NULL, 26, NULL, NULL, NULL),
(5227, 'Santa Cruz do Rio Pardo', NULL, NULL, 26, NULL, NULL, NULL),
(5228, 'Santa Ernestina', NULL, NULL, 26, NULL, NULL, NULL),
(5229, 'Santa Fé do Sul', NULL, NULL, 26, NULL, NULL, NULL),
(5230, 'Santa Gertrudes', NULL, NULL, 26, NULL, NULL, NULL),
(5231, 'Santa Isabel', NULL, NULL, 26, NULL, NULL, NULL),
(5232, 'Santa Lúcia', NULL, NULL, 26, NULL, NULL, NULL),
(5233, 'Santa Maria da Serra', NULL, NULL, 26, NULL, NULL, NULL),
(5234, 'Santa Mercedes', NULL, NULL, 26, NULL, NULL, NULL),
(5235, 'Santa Rita d`Oeste', NULL, NULL, 26, NULL, NULL, NULL),
(5236, 'Santa Rita do Passa Quatro', NULL, NULL, 26, NULL, NULL, NULL),
(5237, 'Santa Rosa de Viterbo', NULL, NULL, 26, NULL, NULL, NULL),
(5238, 'Santa Salete', NULL, NULL, 26, NULL, NULL, NULL),
(5239, 'Santana da Ponte Pensa', NULL, NULL, 26, NULL, NULL, NULL),
(5240, 'Santana de Parnaíba', NULL, NULL, 26, NULL, NULL, NULL),
(5241, 'Santo Anastácio', NULL, NULL, 26, NULL, NULL, NULL),
(5242, 'Santo André', NULL, NULL, 26, NULL, NULL, NULL),
(5243, 'Santo Antônio da Alegria', NULL, NULL, 26, NULL, NULL, NULL),
(5244, 'Santo Antônio de Posse', NULL, NULL, 26, NULL, NULL, NULL),
(5245, 'Santo Antônio do Aracanguá', NULL, NULL, 26, NULL, NULL, NULL),
(5246, 'Santo Antônio do Jardim', NULL, NULL, 26, NULL, NULL, NULL),
(5247, 'Santo Antônio do Pinhal', NULL, NULL, 26, NULL, NULL, NULL),
(5248, 'Santo Expedito', NULL, NULL, 26, NULL, NULL, NULL),
(5249, 'Santópolis do Aguapeí', NULL, NULL, 26, NULL, NULL, NULL),
(5250, 'Santos', NULL, NULL, 26, NULL, NULL, NULL),
(5251, 'São Bento do Sapucaí', NULL, NULL, 26, NULL, NULL, NULL),
(5252, 'São Bernardo do Campo', NULL, NULL, 26, NULL, NULL, NULL),
(5253, 'São Caetano do Sul', NULL, NULL, 26, NULL, NULL, NULL),
(5254, 'São Carlos', NULL, NULL, 26, NULL, NULL, NULL),
(5255, 'São Francisco', NULL, NULL, 26, NULL, NULL, NULL),
(5256, 'São João da Boa Vista', NULL, NULL, 26, NULL, NULL, NULL),
(5257, 'São João das Duas Pontes', NULL, NULL, 26, NULL, NULL, NULL),
(5258, 'São João de Iracema', NULL, NULL, 26, NULL, NULL, NULL),
(5259, 'São João do Pau d`Alho', NULL, NULL, 26, NULL, NULL, NULL),
(5260, 'São Joaquim da Barra', NULL, NULL, 26, NULL, NULL, NULL),
(5261, 'São José da Bela Vista', NULL, NULL, 26, NULL, NULL, NULL),
(5262, 'São José do Barreiro', NULL, NULL, 26, NULL, NULL, NULL),
(5263, 'São José do Rio Pardo', NULL, NULL, 26, NULL, NULL, NULL),
(5264, 'São José do Rio Preto', NULL, NULL, 26, NULL, NULL, NULL),
(5265, 'São José dos Campos', NULL, NULL, 26, NULL, NULL, NULL),
(5266, 'São Lourenço da Serra', NULL, NULL, 26, NULL, NULL, NULL),
(5267, 'São Luís do Paraitinga', NULL, NULL, 26, NULL, NULL, NULL),
(5268, 'São Manuel', NULL, NULL, 26, NULL, NULL, NULL),
(5269, 'São Miguel Arcanjo', NULL, NULL, 26, NULL, NULL, NULL),
(5270, 'São Paulo', NULL, NULL, 26, NULL, NULL, NULL),
(5271, 'São Pedro', NULL, NULL, 26, NULL, NULL, NULL),
(5272, 'São Pedro do Turvo', NULL, NULL, 26, NULL, NULL, NULL),
(5273, 'São Roque', NULL, NULL, 26, NULL, NULL, NULL),
(5274, 'São Sebastião', NULL, NULL, 26, NULL, NULL, NULL),
(5275, 'São Sebastião da Grama', NULL, NULL, 26, NULL, NULL, NULL),
(5276, 'São Simão', NULL, NULL, 26, NULL, NULL, NULL),
(5277, 'São Vicente', NULL, NULL, 26, NULL, NULL, NULL),
(5278, 'Sarapuí', NULL, NULL, 26, NULL, NULL, NULL),
(5279, 'Sarutaiá', NULL, NULL, 26, NULL, NULL, NULL),
(5280, 'Sebastianópolis do Sul', NULL, NULL, 26, NULL, NULL, NULL),
(5281, 'Serra Azul', NULL, NULL, 26, NULL, NULL, NULL),
(5282, 'Serra Negra', NULL, NULL, 26, NULL, NULL, NULL),
(5283, 'Serrana', NULL, NULL, 26, NULL, NULL, NULL),
(5284, 'Sertãozinho', NULL, NULL, 26, NULL, NULL, NULL),
(5285, 'Sete Barras', NULL, NULL, 26, NULL, NULL, NULL),
(5286, 'Severínia', NULL, NULL, 26, NULL, NULL, NULL),
(5287, 'Silveiras', NULL, NULL, 26, NULL, NULL, NULL),
(5288, 'Socorro', NULL, NULL, 26, NULL, NULL, NULL),
(5289, 'Sorocaba', NULL, NULL, 26, NULL, NULL, NULL),
(5290, 'Sud Mennucci', NULL, NULL, 26, NULL, NULL, NULL),
(5291, 'Sumaré', NULL, NULL, 26, NULL, NULL, NULL),
(5292, 'Suzanápolis', NULL, NULL, 26, NULL, NULL, NULL),
(5293, 'Suzano', NULL, NULL, 26, NULL, NULL, NULL),
(5294, 'Tabapuã', NULL, NULL, 26, NULL, NULL, NULL),
(5295, 'Tabatinga', NULL, NULL, 26, NULL, NULL, NULL),
(5296, 'Taboão da Serra', NULL, NULL, 26, NULL, NULL, NULL),
(5297, 'Taciba', NULL, NULL, 26, NULL, NULL, NULL),
(5298, 'Taguaí', NULL, NULL, 26, NULL, NULL, NULL),
(5299, 'Taiaçu', NULL, NULL, 26, NULL, NULL, NULL),
(5300, 'Taiúva', NULL, NULL, 26, NULL, NULL, NULL),
(5301, 'Tambaú', NULL, NULL, 26, NULL, NULL, NULL),
(5302, 'Tanabi', NULL, NULL, 26, NULL, NULL, NULL),
(5303, 'Tapiraí', NULL, NULL, 26, NULL, NULL, NULL),
(5304, 'Tapiratiba', NULL, NULL, 26, NULL, NULL, NULL),
(5305, 'Taquaral', NULL, NULL, 26, NULL, NULL, NULL),
(5306, 'Taquaritinga', NULL, NULL, 26, NULL, NULL, NULL),
(5307, 'Taquarituba', NULL, NULL, 26, NULL, NULL, NULL),
(5308, 'Taquarivaí', NULL, NULL, 26, NULL, NULL, NULL),
(5309, 'Tarabai', NULL, NULL, 26, NULL, NULL, NULL),
(5310, 'Tarumã', NULL, NULL, 26, NULL, NULL, NULL),
(5311, 'Tatuí', NULL, NULL, 26, NULL, NULL, NULL),
(5312, 'Taubaté', NULL, NULL, 26, NULL, NULL, NULL),
(5313, 'Tejupá', NULL, NULL, 26, NULL, NULL, NULL),
(5314, 'Teodoro Sampaio', NULL, NULL, 26, NULL, NULL, NULL),
(5315, 'Terra Roxa', NULL, NULL, 26, NULL, NULL, NULL),
(5316, 'Tietê', NULL, NULL, 26, NULL, NULL, NULL),
(5317, 'Timburi', NULL, NULL, 26, NULL, NULL, NULL),
(5318, 'Torre de Pedra', NULL, NULL, 26, NULL, NULL, NULL),
(5319, 'Torrinha', NULL, NULL, 26, NULL, NULL, NULL),
(5320, 'Trabiju', NULL, NULL, 26, NULL, NULL, NULL),
(5321, 'Tremembé', NULL, NULL, 26, NULL, NULL, NULL),
(5322, 'Três Fronteiras', NULL, NULL, 26, NULL, NULL, NULL),
(5323, 'Tuiuti', NULL, NULL, 26, NULL, NULL, NULL),
(5324, 'Tupã', NULL, NULL, 26, NULL, NULL, NULL),
(5325, 'Tupi Paulista', NULL, NULL, 26, NULL, NULL, NULL),
(5326, 'Turiúba', NULL, NULL, 26, NULL, NULL, NULL),
(5327, 'Turmalina', NULL, NULL, 26, NULL, NULL, NULL),
(5328, 'Ubarana', NULL, NULL, 26, NULL, NULL, NULL),
(5329, 'Ubatuba', NULL, NULL, 26, NULL, NULL, NULL),
(5330, 'Ubirajara', NULL, NULL, 26, NULL, NULL, NULL),
(5331, 'Uchoa', NULL, NULL, 26, NULL, NULL, NULL),
(5332, 'União Paulista', NULL, NULL, 26, NULL, NULL, NULL),
(5333, 'Urânia', NULL, NULL, 26, NULL, NULL, NULL),
(5334, 'Uru', NULL, NULL, 26, NULL, NULL, NULL),
(5335, 'Urupês', NULL, NULL, 26, NULL, NULL, NULL),
(5336, 'Valentim Gentil', NULL, NULL, 26, NULL, NULL, NULL),
(5337, 'Valinhos', NULL, NULL, 26, NULL, NULL, NULL),
(5338, 'Valparaíso', NULL, NULL, 26, NULL, NULL, NULL),
(5339, 'Vargem', NULL, NULL, 26, NULL, NULL, NULL),
(5340, 'Vargem Grande do Sul', NULL, NULL, 26, NULL, NULL, NULL),
(5341, 'Vargem Grande Paulista', NULL, NULL, 26, NULL, NULL, NULL),
(5342, 'Várzea Paulista', NULL, NULL, 26, NULL, NULL, NULL),
(5343, 'Vera Cruz', NULL, NULL, 26, NULL, NULL, NULL),
(5344, 'Vinhedo', NULL, NULL, 26, NULL, NULL, NULL),
(5345, 'Viradouro', NULL, NULL, 26, NULL, NULL, NULL),
(5346, 'Vista Alegre do Alto', NULL, NULL, 26, NULL, NULL, NULL),
(5347, 'Vitória Brasil', NULL, NULL, 26, NULL, NULL, NULL),
(5348, 'Votorantim', NULL, NULL, 26, NULL, NULL, NULL),
(5349, 'Votuporanga', NULL, NULL, 26, NULL, NULL, NULL),
(5350, 'Zacarias', NULL, NULL, 26, NULL, NULL, NULL),
(5351, 'Amparo de São Francisco', NULL, NULL, 25, NULL, NULL, NULL),
(5352, 'Aquidabã', NULL, NULL, 25, NULL, NULL, NULL),
(5353, 'Aracaju', NULL, NULL, 25, NULL, NULL, NULL),
(5354, 'Arauá', NULL, NULL, 25, NULL, NULL, NULL),
(5355, 'Areia Branca', NULL, NULL, 25, NULL, NULL, NULL),
(5356, 'Barra dos Coqueiros', NULL, NULL, 25, NULL, NULL, NULL),
(5357, 'Boquim', NULL, NULL, 25, NULL, NULL, NULL),
(5358, 'Brejo Grande', NULL, NULL, 25, NULL, NULL, NULL),
(5359, 'Campo do Brito', NULL, NULL, 25, NULL, NULL, NULL),
(5360, 'Canhoba', NULL, NULL, 25, NULL, NULL, NULL),
(5361, 'Canindé de São Francisco', NULL, NULL, 25, NULL, NULL, NULL),
(5362, 'Capela', NULL, NULL, 25, NULL, NULL, NULL),
(5363, 'Carira', NULL, NULL, 25, NULL, NULL, NULL),
(5364, 'Carmópolis', NULL, NULL, 25, NULL, NULL, NULL),
(5365, 'Cedro de São João', NULL, NULL, 25, NULL, NULL, NULL),
(5366, 'Cristinápolis', NULL, NULL, 25, NULL, NULL, NULL),
(5367, 'Cumbe', NULL, NULL, 25, NULL, NULL, NULL),
(5368, 'Divina Pastora', NULL, NULL, 25, NULL, NULL, NULL),
(5369, 'Estância', NULL, NULL, 25, NULL, NULL, NULL),
(5370, 'Feira Nova', NULL, NULL, 25, NULL, NULL, NULL),
(5371, 'Frei Paulo', NULL, NULL, 25, NULL, NULL, NULL),
(5372, 'Gararu', NULL, NULL, 25, NULL, NULL, NULL),
(5373, 'General Maynard', NULL, NULL, 25, NULL, NULL, NULL),
(5374, 'Gracho Cardoso', NULL, NULL, 25, NULL, NULL, NULL),
(5375, 'Ilha das Flores', NULL, NULL, 25, NULL, NULL, NULL),
(5376, 'Indiaroba', NULL, NULL, 25, NULL, NULL, NULL),
(5377, 'Itabaiana', NULL, NULL, 25, NULL, NULL, NULL),
(5378, 'Itabaianinha', NULL, NULL, 25, NULL, NULL, NULL),
(5379, 'Itabi', NULL, NULL, 25, NULL, NULL, NULL),
(5380, 'Itaporanga d`Ajuda', NULL, NULL, 25, NULL, NULL, NULL),
(5381, 'Japaratuba', NULL, NULL, 25, NULL, NULL, NULL),
(5382, 'Japoatã', NULL, NULL, 25, NULL, NULL, NULL),
(5383, 'Lagarto', NULL, NULL, 25, NULL, NULL, NULL),
(5384, 'Laranjeiras', NULL, NULL, 25, NULL, NULL, NULL),
(5385, 'Macambira', NULL, NULL, 25, NULL, NULL, NULL),
(5386, 'Malhada dos Bois', NULL, NULL, 25, NULL, NULL, NULL),
(5387, 'Malhador', NULL, NULL, 25, NULL, NULL, NULL),
(5388, 'Maruim', NULL, NULL, 25, NULL, NULL, NULL),
(5389, 'Moita Bonita', NULL, NULL, 25, NULL, NULL, NULL),
(5390, 'Monte Alegre de Sergipe', NULL, NULL, 25, NULL, NULL, NULL),
(5391, 'Muribeca', NULL, NULL, 25, NULL, NULL, NULL),
(5392, 'Neópolis', NULL, NULL, 25, NULL, NULL, NULL),
(5393, 'Nossa Senhora Aparecida', NULL, NULL, 25, NULL, NULL, NULL),
(5394, 'Nossa Senhora da Glória', NULL, NULL, 25, NULL, NULL, NULL),
(5395, 'Nossa Senhora das Dores', NULL, NULL, 25, NULL, NULL, NULL),
(5396, 'Nossa Senhora de Lourdes', NULL, NULL, 25, NULL, NULL, NULL),
(5397, 'Nossa Senhora do Socorro', NULL, NULL, 25, NULL, NULL, NULL),
(5398, 'Pacatuba', NULL, NULL, 25, NULL, NULL, NULL),
(5399, 'Pedra Mole', NULL, NULL, 25, NULL, NULL, NULL),
(5400, 'Pedrinhas', NULL, NULL, 25, NULL, NULL, NULL),
(5401, 'Pinhão', NULL, NULL, 25, NULL, NULL, NULL),
(5402, 'Pirambu', NULL, NULL, 25, NULL, NULL, NULL),
(5403, 'Poço Redondo', NULL, NULL, 25, NULL, NULL, NULL),
(5404, 'Poço Verde', NULL, NULL, 25, NULL, NULL, NULL),
(5405, 'Porto da Folha', NULL, NULL, 25, NULL, NULL, NULL),
(5406, 'Propriá', NULL, NULL, 25, NULL, NULL, NULL),
(5407, 'Riachão do Dantas', NULL, NULL, 25, NULL, NULL, NULL),
(5408, 'Riachuelo', NULL, NULL, 25, NULL, NULL, NULL),
(5409, 'Ribeirópolis', NULL, NULL, 25, NULL, NULL, NULL),
(5410, 'Rosário do Catete', NULL, NULL, 25, NULL, NULL, NULL),
(5411, 'Salgado', NULL, NULL, 25, NULL, NULL, NULL),
(5412, 'Santa Luzia do Itanhy', NULL, NULL, 25, NULL, NULL, NULL),
(5413, 'Santa Rosa de Lima', NULL, NULL, 25, NULL, NULL, NULL),
(5414, 'Santana do São Francisco', NULL, NULL, 25, NULL, NULL, NULL),
(5415, 'Santo Amaro das Brotas', NULL, NULL, 25, NULL, NULL, NULL),
(5416, 'São Cristóvão', NULL, NULL, 25, NULL, NULL, NULL),
(5417, 'São Domingos', NULL, NULL, 25, NULL, NULL, NULL),
(5418, 'São Francisco', NULL, NULL, 25, NULL, NULL, NULL),
(5419, 'São Miguel do Aleixo', NULL, NULL, 25, NULL, NULL, NULL),
(5420, 'Simão Dias', NULL, NULL, 25, NULL, NULL, NULL),
(5421, 'Siriri', NULL, NULL, 25, NULL, NULL, NULL),
(5422, 'Telha', NULL, NULL, 25, NULL, NULL, NULL),
(5423, 'Tobias Barreto', NULL, NULL, 25, NULL, NULL, NULL),
(5424, 'Tomar do Geru', NULL, NULL, 25, NULL, NULL, NULL),
(5425, 'Umbaúba', NULL, NULL, 25, NULL, NULL, NULL),
(5426, 'Abreulândia', NULL, NULL, 27, NULL, NULL, NULL),
(5427, 'Aguiarnópolis', NULL, NULL, 27, NULL, NULL, NULL),
(5428, 'Aliança do Tocantins', NULL, NULL, 27, NULL, NULL, NULL),
(5429, 'Almas', NULL, NULL, 27, NULL, NULL, NULL),
(5430, 'Alvorada', NULL, NULL, 27, NULL, NULL, NULL),
(5431, 'Ananás', NULL, NULL, 27, NULL, NULL, NULL),
(5432, 'Angico', NULL, NULL, 27, NULL, NULL, NULL),
(5433, 'Aparecida do Rio Negro', NULL, NULL, 27, NULL, NULL, NULL),
(5434, 'Aragominas', NULL, NULL, 27, NULL, NULL, NULL),
(5435, 'Araguacema', NULL, NULL, 27, NULL, NULL, NULL),
(5436, 'Araguaçu', NULL, NULL, 27, NULL, NULL, NULL),
(5437, 'Araguaína', NULL, NULL, 27, NULL, NULL, NULL),
(5438, 'Araguanã', NULL, NULL, 27, NULL, NULL, NULL),
(5439, 'Araguatins', NULL, NULL, 27, NULL, NULL, NULL),
(5440, 'Arapoema', NULL, NULL, 27, NULL, NULL, NULL),
(5441, 'Arraias', NULL, NULL, 27, NULL, NULL, NULL),
(5442, 'Augustinópolis', NULL, NULL, 27, NULL, NULL, NULL),
(5443, 'Aurora do Tocantins', NULL, NULL, 27, NULL, NULL, NULL),
(5444, 'Axixá do Tocantins', NULL, NULL, 27, NULL, NULL, NULL),
(5445, 'Babaçulândia', NULL, NULL, 27, NULL, NULL, NULL),
(5446, 'Bandeirantes do Tocantins', NULL, NULL, 27, NULL, NULL, NULL),
(5447, 'Barra do Ouro', NULL, NULL, 27, NULL, NULL, NULL),
(5448, 'Barrolândia', NULL, NULL, 27, NULL, NULL, NULL),
(5449, 'Bernardo Sayão', NULL, NULL, 27, NULL, NULL, NULL),
(5450, 'Bom Jesus do Tocantins', NULL, NULL, 27, NULL, NULL, NULL),
(5451, 'Brasilândia do Tocantins', NULL, NULL, 27, NULL, NULL, NULL),
(5452, 'Brejinho de Nazaré', NULL, NULL, 27, NULL, NULL, NULL),
(5453, 'Buriti do Tocantins', NULL, NULL, 27, NULL, NULL, NULL),
(5454, 'Cachoeirinha', NULL, NULL, 27, NULL, NULL, NULL),
(5455, 'Campos Lindos', NULL, NULL, 27, NULL, NULL, NULL),
(5456, 'Cariri do Tocantins', NULL, NULL, 27, NULL, NULL, NULL),
(5457, 'Carmolândia', NULL, NULL, 27, NULL, NULL, NULL),
(5458, 'Carrasco Bonito', NULL, NULL, 27, NULL, NULL, NULL),
(5459, 'Caseara', NULL, NULL, 27, NULL, NULL, NULL),
(5460, 'Centenário', NULL, NULL, 27, NULL, NULL, NULL),
(5461, 'Chapada da Natividade', NULL, NULL, 27, NULL, NULL, NULL),
(5462, 'Chapada de Areia', NULL, NULL, 27, NULL, NULL, NULL),
(5463, 'Colinas do Tocantins', NULL, NULL, 27, NULL, NULL, NULL),
(5464, 'Colméia', NULL, NULL, 27, NULL, NULL, NULL),
(5465, 'Combinado', NULL, NULL, 27, NULL, NULL, NULL),
(5466, 'Conceição do Tocantins', NULL, NULL, 27, NULL, NULL, NULL),
(5467, 'Couto de Magalhães', NULL, NULL, 27, NULL, NULL, NULL),
(5468, 'Cristalândia', NULL, NULL, 27, NULL, NULL, NULL),
(5469, 'Crixás do Tocantins', NULL, NULL, 27, NULL, NULL, NULL),
(5470, 'Darcinópolis', NULL, NULL, 27, NULL, NULL, NULL),
(5471, 'Dianópolis', NULL, NULL, 27, NULL, NULL, NULL),
(5472, 'Divinópolis do Tocantins', NULL, NULL, 27, NULL, NULL, NULL),
(5473, 'Dois Irmãos do Tocantins', NULL, NULL, 27, NULL, NULL, NULL),
(5474, 'Dueré', NULL, NULL, 27, NULL, NULL, NULL),
(5475, 'Esperantina', NULL, NULL, 27, NULL, NULL, NULL),
(5476, 'Fátima', NULL, NULL, 27, NULL, NULL, NULL),
(5477, 'Figueirópolis', NULL, NULL, 27, NULL, NULL, NULL),
(5478, 'Filadélfia', NULL, NULL, 27, NULL, NULL, NULL),
(5479, 'Formoso do Araguaia', NULL, NULL, 27, NULL, NULL, NULL),
(5480, 'Fortaleza do Tabocão', NULL, NULL, 27, NULL, NULL, NULL),
(5481, 'Goianorte', NULL, NULL, 27, NULL, NULL, NULL),
(5482, 'Goiatins', NULL, NULL, 27, NULL, NULL, NULL),
(5483, 'Guaraí', NULL, NULL, 27, NULL, NULL, NULL),
(5484, 'Gurupi', NULL, NULL, 27, NULL, NULL, NULL),
(5485, 'Ipueiras', NULL, NULL, 27, NULL, NULL, NULL),
(5486, 'Itacajá', NULL, NULL, 27, NULL, NULL, NULL),
(5487, 'Itaguatins', NULL, NULL, 27, NULL, NULL, NULL),
(5488, 'Itapiratins', NULL, NULL, 27, NULL, NULL, NULL),
(5489, 'Itaporã do Tocantins', NULL, NULL, 27, NULL, NULL, NULL),
(5490, 'Jaú do Tocantins', NULL, NULL, 27, NULL, NULL, NULL),
(5491, 'Juarina', NULL, NULL, 27, NULL, NULL, NULL),
(5492, 'Lagoa da Confusão', NULL, NULL, 27, NULL, NULL, NULL),
(5493, 'Lagoa do Tocantins', NULL, NULL, 27, NULL, NULL, NULL),
(5494, 'Lajeado', NULL, NULL, 27, NULL, NULL, NULL),
(5495, 'Lavandeira', NULL, NULL, 27, NULL, NULL, NULL),
(5496, 'Lizarda', NULL, NULL, 27, NULL, NULL, NULL),
(5497, 'Luzinópolis', NULL, NULL, 27, NULL, NULL, NULL),
(5498, 'Marianópolis do Tocantins', NULL, NULL, 27, NULL, NULL, NULL),
(5499, 'Mateiros', NULL, NULL, 27, NULL, NULL, NULL),
(5500, 'Maurilândia do Tocantins', NULL, NULL, 27, NULL, NULL, NULL),
(5501, 'Miracema do Tocantins', NULL, NULL, 27, NULL, NULL, NULL),
(5502, 'Miranorte', NULL, NULL, 27, NULL, NULL, NULL),
(5503, 'Monte do Carmo', NULL, NULL, 27, NULL, NULL, NULL),
(5504, 'Monte Santo do Tocantins', NULL, NULL, 27, NULL, NULL, NULL),
(5505, 'Muricilândia', NULL, NULL, 27, NULL, NULL, NULL),
(5506, 'Natividade', NULL, NULL, 27, NULL, NULL, NULL),
(5507, 'Nazaré', NULL, NULL, 27, NULL, NULL, NULL),
(5508, 'Nova Olinda', NULL, NULL, 27, NULL, NULL, NULL),
(5509, 'Nova Rosalândia', NULL, NULL, 27, NULL, NULL, NULL),
(5510, 'Novo Acordo', NULL, NULL, 27, NULL, NULL, NULL),
(5511, 'Novo Alegre', NULL, NULL, 27, NULL, NULL, NULL),
(5512, 'Novo Jardim', NULL, NULL, 27, NULL, NULL, NULL),
(5513, 'Oliveira de Fátima', NULL, NULL, 27, NULL, NULL, NULL),
(5514, 'Palmas', NULL, NULL, 27, NULL, NULL, NULL),
(5515, 'Palmeirante', NULL, NULL, 27, NULL, NULL, NULL),
(5516, 'Palmeiras do Tocantins', NULL, NULL, 27, NULL, NULL, NULL),
(5517, 'Palmeirópolis', NULL, NULL, 27, NULL, NULL, NULL),
(5518, 'Paraíso do Tocantins', NULL, NULL, 27, NULL, NULL, NULL),
(5519, 'Paranã', NULL, NULL, 27, NULL, NULL, NULL),
(5520, 'Pau d`Arco', NULL, NULL, 27, NULL, NULL, NULL),
(5521, 'Pedro Afonso', NULL, NULL, 27, NULL, NULL, NULL),
(5522, 'Peixe', NULL, NULL, 27, NULL, NULL, NULL),
(5523, 'Pequizeiro', NULL, NULL, 27, NULL, NULL, NULL),
(5524, 'Pindorama do Tocantins', NULL, NULL, 27, NULL, NULL, NULL),
(5525, 'Piraquê', NULL, NULL, 27, NULL, NULL, NULL),
(5526, 'Pium', NULL, NULL, 27, NULL, NULL, NULL),
(5527, 'Ponte Alta do Bom Jesus', NULL, NULL, 27, NULL, NULL, NULL),
(5528, 'Ponte Alta do Tocantins', NULL, NULL, 27, NULL, NULL, NULL),
(5529, 'Porto Alegre do Tocantins', NULL, NULL, 27, NULL, NULL, NULL),
(5530, 'Porto Nacional', NULL, NULL, 27, NULL, NULL, NULL),
(5531, 'Praia Norte', NULL, NULL, 27, NULL, NULL, NULL),
(5532, 'Presidente Kennedy', NULL, NULL, 27, NULL, NULL, NULL),
(5533, 'Pugmil', NULL, NULL, 27, NULL, NULL, NULL),
(5534, 'Recursolândia', NULL, NULL, 27, NULL, NULL, NULL),
(5535, 'Riachinho', NULL, NULL, 27, NULL, NULL, NULL),
(5536, 'Rio da Conceição', NULL, NULL, 27, NULL, NULL, NULL),
(5537, 'Rio dos Bois', NULL, NULL, 27, NULL, NULL, NULL),
(5538, 'Rio Sono', NULL, NULL, 27, NULL, NULL, NULL),
(5539, 'Sampaio', NULL, NULL, 27, NULL, NULL, NULL),
(5540, 'Sandolândia', NULL, NULL, 27, NULL, NULL, NULL),
(5541, 'Santa Fé do Araguaia', NULL, NULL, 27, NULL, NULL, NULL),
(5542, 'Santa Maria do Tocantins', NULL, NULL, 27, NULL, NULL, NULL),
(5543, 'Santa Rita do Tocantins', NULL, NULL, 27, NULL, NULL, NULL),
(5544, 'Santa Rosa do Tocantins', NULL, NULL, 27, NULL, NULL, NULL),
(5545, 'Santa Tereza do Tocantins', NULL, NULL, 27, NULL, NULL, NULL),
(5546, 'Santa Terezinha do Tocantins', NULL, NULL, 27, NULL, NULL, NULL),
(5547, 'São Bento do Tocantins', NULL, NULL, 27, NULL, NULL, NULL),
(5548, 'São Félix do Tocantins', NULL, NULL, 27, NULL, NULL, NULL),
(5549, 'São Miguel do Tocantins', NULL, NULL, 27, NULL, NULL, NULL),
(5550, 'São Salvador do Tocantins', NULL, NULL, 27, NULL, NULL, NULL),
(5551, 'São Sebastião do Tocantins', NULL, NULL, 27, NULL, NULL, NULL),
(5552, 'São Valério da Natividade', NULL, NULL, 27, NULL, NULL, NULL),
(5553, 'Silvanópolis', NULL, NULL, 27, NULL, NULL, NULL),
(5554, 'Sítio Novo do Tocantins', NULL, NULL, 27, NULL, NULL, NULL),
(5555, 'Sucupira', NULL, NULL, 27, NULL, NULL, NULL),
(5556, 'Taguatinga', NULL, NULL, 27, NULL, NULL, NULL),
(5557, 'Taipas do Tocantins', NULL, NULL, 27, NULL, NULL, NULL),
(5558, 'Talismã', NULL, NULL, 27, NULL, NULL, NULL),
(5559, 'Tocantínia', NULL, NULL, 27, NULL, NULL, NULL),
(5560, 'Tocantinópolis', NULL, NULL, 27, NULL, NULL, NULL),
(5561, 'Tupirama', NULL, NULL, 27, NULL, NULL, NULL),
(5562, 'Tupiratins', NULL, NULL, 27, NULL, NULL, NULL),
(5563, 'Wanderlândia', NULL, NULL, 27, NULL, NULL, NULL),
(5564, 'Xambioá', NULL, NULL, 27, NULL, NULL, NULL);

-- 
-- Dumping data for table ART_TipoVeiculoMapa
--
INSERT INTO ART_TipoVeiculoMapa VALUES
(1, 1, 1, 1, 1, 2, NULL, NULL, NULL),
(2, 1, 2, 1, 2, 2, NULL, NULL, NULL),
(3, 1, 4, 1, 3, 2, NULL, NULL, NULL),
(4, 1, 3, 1, 4, 2, NULL, NULL, NULL),
(5, 1, 5, 2, 1, 2, NULL, NULL, NULL),
(6, 1, 6, 2, 2, 2, NULL, NULL, NULL),
(7, 1, 7, 3, 3, 2, NULL, NULL, NULL),
(8, 1, 8, 3, 4, 2, NULL, NULL, NULL),
(10, 1, 10, 4, 2, 2, NULL, NULL, NULL),
(11, 1, 12, 4, 3, 2, NULL, NULL, NULL),
(12, 1, 11, 4, 4, 2, NULL, NULL, NULL),
(13, 1, 13, 5, 1, 2, NULL, NULL, NULL),
(14, 1, 14, 5, 2, 2, NULL, NULL, NULL),
(15, 1, 16, 5, 3, 2, NULL, NULL, NULL),
(16, 1, 15, 5, 4, 2, NULL, NULL, NULL),
(17, 1, 17, 6, 1, 2, NULL, NULL, NULL),
(18, 1, 18, 6, 2, 2, NULL, NULL, NULL),
(19, 1, 20, 6, 3, 2, NULL, NULL, NULL),
(20, 1, 19, 6, 4, 2, NULL, NULL, NULL),
(21, 1, 21, 7, 1, 2, NULL, NULL, NULL),
(22, 1, 22, 7, 2, 2, NULL, NULL, NULL),
(23, 1, 24, 7, 3, 2, NULL, NULL, NULL),
(24, 1, 23, 7, 4, 2, NULL, NULL, NULL),
(25, 1, 25, 8, 1, 2, NULL, NULL, NULL),
(26, 1, 26, 8, 2, 2, NULL, NULL, NULL),
(27, 1, 28, 8, 3, 2, NULL, NULL, NULL),
(28, 1, 27, 8, 4, 2, NULL, NULL, NULL),
(29, 1, 29, 9, 1, 2, NULL, NULL, NULL),
(30, 1, 30, 9, 2, 2, NULL, NULL, NULL),
(31, 1, 32, 9, 3, 2, NULL, NULL, NULL),
(32, 1, 31, 9, 4, 2, NULL, NULL, NULL),
(33, 1, 33, 10, 1, 2, NULL, NULL, NULL),
(34, 1, 34, 10, 2, 2, NULL, NULL, NULL),
(35, 1, 36, 10, 3, 2, NULL, NULL, NULL),
(36, 1, 35, 10, 4, 2, NULL, NULL, NULL),
(37, 1, 37, 11, 1, 2, NULL, NULL, NULL),
(38, 1, 38, 11, 2, 2, NULL, NULL, NULL),
(39, 1, 40, 11, 3, 2, NULL, NULL, NULL),
(40, 1, 39, 11, 4, 2, NULL, NULL, NULL),
(41, 1, 41, 12, 1, 2, NULL, NULL, NULL),
(42, 1, 42, 12, 2, 2, NULL, NULL, NULL),
(43, 1, 44, 12, 1, 2, NULL, NULL, NULL),
(44, 1, 43, 12, 2, 2, NULL, NULL, NULL),
(122, 2, 45, 1, 1, 1, NULL, NULL, NULL),
(123, 2, 46, 1, 2, 1, NULL, NULL, NULL),
(124, 2, 47, 1, 4, 1, NULL, NULL, NULL),
(125, 2, 49, 2, 1, 1, NULL, NULL, NULL),
(126, 2, 50, 2, 2, 1, NULL, NULL, NULL),
(127, 2, 51, 2, 4, 1, NULL, NULL, NULL),
(128, 2, 53, 3, 1, 1, NULL, NULL, NULL),
(129, 2, 54, 3, 2, 1, NULL, NULL, NULL),
(130, 2, 55, 3, 4, 1, NULL, NULL, NULL),
(131, 2, 1, 1, 1, 2, NULL, NULL, NULL),
(132, 2, 2, 1, 2, 2, NULL, NULL, NULL),
(133, 2, 4, 1, 3, 2, NULL, NULL, NULL),
(134, 2, 3, 1, 4, 2, NULL, NULL, NULL),
(135, 2, 5, 2, 1, 2, NULL, NULL, NULL),
(136, 2, 6, 2, 2, 2, NULL, NULL, NULL),
(137, 2, 7, 3, 3, 2, NULL, NULL, NULL),
(138, 2, 8, 3, 4, 2, NULL, NULL, NULL),
(139, 2, 9, 3, 1, 2, NULL, NULL, NULL),
(140, 2, 10, 3, 2, 2, NULL, NULL, NULL),
(141, 2, 11, 4, 4, 2, NULL, NULL, NULL),
(142, 2, 13, 4, 1, 2, NULL, NULL, NULL),
(143, 2, 14, 4, 2, 2, NULL, NULL, NULL),
(144, 2, 15, 5, 4, 2, NULL, NULL, NULL),
(145, 2, 17, 5, 1, 2, NULL, NULL, NULL),
(146, 2, 18, 5, 2, 2, NULL, NULL, NULL),
(147, 2, 19, 6, 4, 2, NULL, NULL, NULL),
(148, 2, 21, 6, 1, 2, NULL, NULL, NULL),
(149, 2, 22, 6, 2, 2, NULL, NULL, NULL),
(150, 2, 23, 7, 4, 2, NULL, NULL, NULL),
(151, 2, 25, 7, 1, 2, NULL, NULL, NULL),
(152, 2, 26, 7, 2, 2, NULL, NULL, NULL),
(153, 2, 27, 8, 4, 2, NULL, NULL, NULL),
(154, 2, 29, 8, 1, 2, NULL, NULL, NULL),
(155, 2, 30, 8, 2, 2, NULL, NULL, NULL),
(156, 2, 31, 9, 4, 2, NULL, NULL, NULL),
(157, 2, 33, 9, 1, 2, NULL, NULL, NULL),
(158, 2, 34, 9, 2, 2, NULL, NULL, NULL),
(159, 2, 35, 10, 4, 2, NULL, NULL, NULL),
(160, 2, 37, 10, 1, 2, NULL, NULL, NULL),
(161, 2, 38, 10, 2, 2, NULL, NULL, NULL),
(162, 2, 39, 11, 4, 2, NULL, NULL, NULL),
(163, 2, 41, 11, 1, 2, NULL, NULL, NULL),
(164, 2, 42, 11, 2, 2, NULL, NULL, NULL),
(165, 2, 44, 12, 2, 2, NULL, NULL, NULL),
(166, 3, 45, 1, 1, 1, NULL, NULL, NULL),
(167, 3, 46, 1, 2, 1, NULL, NULL, NULL),
(168, 3, 47, 1, 4, 1, NULL, NULL, NULL),
(169, 3, 49, 2, 1, 1, NULL, NULL, NULL),
(170, 3, 50, 2, 2, 1, NULL, NULL, NULL),
(171, 3, 51, 2, 4, 1, NULL, NULL, NULL),
(172, 3, 53, 3, 1, 1, NULL, NULL, NULL),
(173, 3, 54, 3, 2, 1, NULL, NULL, NULL),
(174, 3, 55, 3, 4, 1, NULL, NULL, NULL),
(175, 3, 1, 1, 1, 2, NULL, NULL, NULL),
(176, 3, 2, 1, 2, 2, NULL, NULL, NULL),
(177, 3, 4, 1, 3, 2, NULL, NULL, NULL),
(178, 3, 3, 1, 4, 2, NULL, NULL, NULL),
(179, 3, 5, 2, 1, 2, NULL, NULL, NULL),
(180, 3, 6, 2, 2, 2, NULL, NULL, NULL),
(182, 3, 8, 3, 4, 2, NULL, NULL, NULL),
(183, 3, 9, 3, 1, 2, NULL, NULL, NULL),
(184, 3, 10, 3, 2, 2, NULL, NULL, NULL),
(185, 3, 11, 4, 4, 2, NULL, NULL, NULL),
(186, 3, 13, 4, 1, 2, NULL, NULL, NULL),
(187, 3, 14, 4, 2, 2, NULL, NULL, NULL),
(188, 3, 15, 5, 4, 2, NULL, NULL, NULL),
(189, 3, 17, 5, 1, 2, NULL, NULL, NULL),
(190, 3, 18, 5, 2, 2, NULL, NULL, NULL),
(191, 3, 19, 6, 4, 2, NULL, NULL, NULL),
(192, 3, 21, 6, 1, 2, NULL, NULL, NULL),
(193, 3, 22, 6, 2, 2, NULL, NULL, NULL),
(194, 3, 23, 7, 4, 2, NULL, NULL, NULL),
(195, 3, 25, 7, 1, 2, NULL, NULL, NULL),
(196, 3, 26, 7, 2, 2, NULL, NULL, NULL),
(197, 3, 27, 8, 4, 2, NULL, NULL, NULL),
(198, 3, 29, 8, 1, 2, NULL, NULL, NULL),
(199, 3, 30, 8, 2, 2, NULL, NULL, NULL),
(200, 3, 31, 9, 4, 2, NULL, NULL, NULL),
(201, 3, 33, 9, 1, 2, NULL, NULL, NULL),
(202, 3, 34, 9, 2, 2, NULL, NULL, NULL),
(203, 3, 35, 10, 4, 2, NULL, NULL, NULL),
(204, 3, 37, 10, 1, 2, NULL, NULL, NULL),
(205, 3, 38, 10, 2, 2, NULL, NULL, NULL),
(206, 3, 39, 11, 4, 2, NULL, NULL, NULL),
(207, 3, 41, 11, 1, 2, NULL, NULL, NULL),
(208, 3, 42, 11, 2, 2, NULL, NULL, NULL),
(209, 3, 44, 12, 2, 2, NULL, NULL, NULL),
(210, 1, 45, 1, 1, 1, '2013-11-27 17:21:39', '2013-11-27 17:21:39', NULL),
(211, 1, 46, 1, 2, 1, '2013-11-27 17:21:46', '2013-11-27 17:21:46', NULL),
(212, 1, 47, 1, 3, 1, '2013-11-27 17:21:50', '2013-11-27 17:21:50', NULL),
(213, 1, 48, 1, 4, 1, '2013-11-27 17:21:54', '2013-11-27 17:21:54', NULL),
(214, 1, 49, 2, 1, 1, '2013-12-09 19:42:52', '2013-12-09 19:42:52', NULL),
(215, 1, 50, 2, 2, 1, '2013-12-14 12:11:37', '2013-12-14 12:11:37', NULL),
(216, 1, 52, 2, 3, 1, '2013-12-14 12:11:52', '2013-12-14 12:11:52', NULL),
(217, 1, 51, 2, 4, 1, '2013-12-14 12:11:57', '2013-12-14 12:11:57', NULL),
(218, 1, 9, 3, 1, 2, '2013-12-16 11:51:21', '2013-12-16 11:51:21', NULL);

-- 
-- Dumping data for table ART_Veiculo
--
INSERT INTO ART_Veiculo VALUES
(1, '1234', 'ABC1234', 1, 2, NULL, NULL, NULL),
(2, '4321', 'ABC4321', 2, 2, NULL, NULL, NULL),
(3, '5678', 'DEF5678', 3, 2, NULL, NULL, NULL),
(4, '87654', 'DEF87654', 1, 2, NULL, NULL, NULL);

-- 
-- Dumping data for table ART_PessoaEndereco
--
INSERT INTO ART_PessoaEndereco VALUES
(1, 'Rua Capixaba', '171', 'Urupá', 'Em frente a igreja Assembléia de Deus', '76900290', 4369, 1, NULL, NULL, NULL),
(2, 'Rua Padre Anchieta', '64', 'Parque São Paulo', NULL, '85803-740', 2853, 2, NULL, NULL, NULL),
(3, 'Rua Capixaba', '171', 'Urupá', 'Em frente a igreja Assembléia de Deus', '76900-290', 4369, 3, NULL, '2013-12-16 11:31:26', NULL),
(4, 'Rua Velho Rocha', '171', 'Urupá', 'Casa', '76900282', 4369, 40, '2013-11-25 12:03:56', '2013-11-29 11:42:55', NULL),
(6, 'RUA SÃO PAULO', '2734', 'CENTRO', '', '85801-021', 2853, 42, '2013-11-28 14:00:10', '2013-11-28 17:49:44', NULL),
(7, 'AVENIDA ABILON DE SOUZA NAVES, 489', '489', 'CENTRO', '', '85400-000', 2853, 43, '2013-11-28 17:56:15', '2013-12-14 13:14:23', NULL),
(9, 'RUA : BELEM', '1850', 'CLAUDETE', '', '85811-020', 2853, 45, '2013-12-02 14:19:04', '2013-12-02 14:19:04', NULL),
(10, 'VITORIA', '1429', 'NEVA', '', '85802-020', 2853, 46, '2013-12-02 14:34:41', '2013-12-02 14:34:41', NULL),
(11, '15 DE NOVENBRO', '493', 'CENTRO', '', '85340-000', 3092, 47, '2013-12-02 14:44:13', '2013-12-02 14:44:13', NULL),
(12, 'CRISTOVÃO COLOMBO', '519', 'CENTRO', 'BLOCO 2 AP 501', '85805510', 2853, 48, '2013-12-02 14:50:09', '2013-12-02 14:50:09', NULL),
(13, 'PRAÇA DOS PIONEIROS', '18', 'CENTRO', '', '85410-000', 3015, 49, '2013-12-02 14:55:27', '2013-12-02 14:55:27', NULL),
(14, 'JAVARI', '114', 'CAMPOS DO IGUAÇU', '', '85857210', 2904, 50, '2013-12-02 15:02:42', '2013-12-02 15:02:42', NULL),
(15, 'MARINGA', '193', 'CENTRO', '', '85478000', 2925, 51, '2013-12-02 15:08:15', '2013-12-02 15:08:15', NULL),
(16, 'MARANHÃO', '365', 'CENTRO', '', '85801050', 2853, 52, '2013-12-02 15:14:16', '2013-12-02 15:14:16', NULL),
(17, 'NOSSA SENHORA DO ROCIO', '1469', 'CENTRO', '', '85900180', 3164, 53, '2013-12-02 15:26:02', '2013-12-02 15:26:02', NULL),
(18, 'AV 7 DE SETEMBRO', '327', 'CENTRO', '', '85723000', 2929, 54, '2013-12-02 15:30:12', '2013-12-02 15:43:44', NULL),
(19, 'AV. BRASIL', '5571', 'CENTRO', '', '85801000', 2853, 55, '2013-12-02 15:38:20', '2013-12-02 15:43:26', NULL),
(20, 'RUA PARANA', '2413', 'CENTRO', '', '85812011', 2853, 56, '2013-12-02 15:42:51', '2013-12-02 15:42:51', NULL),
(21, 'JURUNA', '1413', 'SANTO ANTONIO', '', '85806090', 2853, 57, '2013-12-02 15:47:24', '2013-12-02 15:47:24', NULL),
(22, 'AV. GRALHA AZUL', '561', 'GUARUJA', '', '85804260', 2853, 58, '2013-12-02 15:59:20', '2013-12-02 15:59:20', NULL),
(23, 'ODONTOLOGIA', '1416', 'UNIVERSITARIO', '', '85819220', 2853, 59, '2013-12-02 16:03:49', '2013-12-02 16:03:49', NULL),
(24, 'CARLOS GOMES', '1998', 'PARQUE SÃO PAULO', '', '85819351', 2853, 60, '2013-12-02 16:08:24', '2013-12-02 16:08:24', NULL),
(25, 'AV. CANTU', '497', 'CENTRO', '', '87330000', 3016, 61, '2013-12-02 16:13:37', '2013-12-02 16:13:37', NULL),
(26, 'DOM PEDRO II', '116', 'CENTRO', '', '85340000', 3092, 62, '2013-12-02 16:22:40', '2013-12-02 16:22:40', NULL),
(27, 'JACARANDA', '588', 'JARDIM CIDADE VERDE', '', '85807660', 2853, 63, '2013-12-02 16:27:37', '2013-12-02 16:27:37', NULL),
(28, 'PIO XII', '1525', 'NEVA', '', '85802170', 2853, 64, '2013-12-02 16:33:56', '2013-12-02 16:33:56', NULL),
(29, 'PIO XII', '990', 'NEVA', 'SHOPPING PIO XII', '85802170', 2853, 65, '2013-12-02 16:38:29', '2013-12-02 16:38:29', NULL),
(30, 'ERECHIM', '1821', 'CENTRO', '', '85812260', 2853, 66, '2013-12-02 16:44:03', '2013-12-02 16:44:20', NULL),
(31, 'JOSE BONIFACIO', '658', 'CENTRO', '', '85360000', 2910, 67, '2013-12-02 16:51:34', '2013-12-02 16:51:34', NULL),
(32, 'SANTOS DUMONT', '2330', 'CENTRO', 'SALA 02', '85900010', 3164, 68, '2013-12-02 16:56:30', '2013-12-02 16:56:30', NULL),
(33, 'AV. BRASIL', '3035', 'ZONA 1', '', '85013000', 2994, 69, '2013-12-02 17:07:10', '2013-12-02 17:07:10', NULL),
(34, 'MATO GROSSO', '187', 'CENTRO', '', '85800-000', 2853, 70, '2013-12-02 17:22:04', '2013-12-02 17:22:04', NULL),
(35, 'RIO GRANDE DO SUL', '828', 'CENTRO', '', '8580-1010', 2853, 71, '2013-12-02 17:27:11', '2013-12-02 17:27:11', NULL),
(36, 'GETULIO VARGAS', '1756', 'CIDADE ALTA', '', '1756', 3004, 72, '2013-12-02 17:33:26', '2013-12-02 17:33:26', NULL),
(37, 'AV BRASIL', 'S/N', 'CENTRO', '', '85485-000', 3166, 73, '2013-12-02 17:42:53', '2013-12-02 17:42:53', NULL),
(38, 'GUAIRA', '3380', 'CENTRO', '', '85010-010', 2920, 74, '2013-12-02 17:50:48', '2013-12-02 17:50:48', NULL),
(39, '1º DE MAIO', '939', 'PIONEIROS', '', '85909-010', 3164, 75, '2013-12-02 17:59:58', '2013-12-02 17:59:58', NULL),
(40, 'AV MAUA', '3137', 'CENTRO', '', '87013-160', 2994, 76, '2013-12-03 09:25:07', '2013-12-03 09:25:07', NULL),
(41, 'AV CICERO B. SOBRINHO', '620', 'CENTRO', '', '85780-000', 2823, 77, '2013-12-03 09:32:44', '2013-12-03 09:32:44', NULL),
(42, 'EBANO PEREIRA', '141', 'CENTRO', '', '85200-000', 3056, 78, '2013-12-03 10:07:42', '2013-12-03 10:26:01', NULL),
(43, 'RUA DA INTEGRAÇÃO', 'S/N', 'CENTRO', '', '85780-000', 2823, 79, '2013-12-03 10:24:30', '2013-12-03 10:25:29', NULL),
(44, 'AGOSTINE', '661', 'PARQUE VERDE', '', '85825-000', 3116, 80, '2013-12-03 10:33:13', '2013-12-03 10:33:13', NULL),
(45, 'ANGELO AMBONI', '626', 'JARDIM PARAGUAÇU', '', '85877-000', 3138, 81, '2013-12-03 10:43:38', '2013-12-03 10:43:38', NULL),
(46, 'DOURADOS', '647', 'PORTO MEIRA', '', '85855-210', 2904, 82, '2013-12-03 11:07:12', '2013-12-03 11:07:12', NULL),
(47, 'RUA DAS HORTENCIAS', '86', 'CENTRO', '', '85000-000', 2850, 83, '2013-12-03 11:24:10', '2013-12-03 11:24:10', NULL),
(48, '1º DE MAIO ', '1630', 'BOA ESPERANÇA', '', '85910220', 3164, 84, '2013-12-03 13:48:39', '2013-12-03 13:48:39', NULL),
(49, 'AV JOSE BONIFACIO', '1017', 'CENTRO', '', '85898-000', 3134, 85, '2013-12-03 14:20:39', '2013-12-03 14:20:39', NULL),
(50, 'AV MINISTRO CIRNE LIMA', '3053', 'CENTRO', '', '85903590', 3164, 86, '2013-12-03 14:27:52', '2013-12-03 14:27:52', NULL),
(51, 'JORGE SANWAIS', '891', 'CENTRO', '', '85851-000', 2904, 87, '2013-12-03 14:43:31', '2013-12-03 14:43:31', NULL),
(52, 'AGOSTINHO DOS SANTOS', '1790', 'BRASILIA', 'SALA 01', '85815-410', 2853, 88, '2013-12-03 14:50:13', '2013-12-03 14:50:13', NULL),
(53, 'AVENIDA TOLEDO', '432', 'SHOPPING JL', 'SALAS 103/104', '85810-230', 2853, 89, '2013-12-03 15:03:00', '2013-12-03 15:03:00', NULL),
(54, 'PROTASIO ALVES', '1422', 'CENTRO', '', '85904-250', 3164, 90, '2013-12-03 15:09:03', '2013-12-03 15:09:03', NULL),
(55, 'AV PINHEIRAIS', '822', 'CENTRO', '', '85460-000', 3076, 91, '2013-12-03 15:19:16', '2013-12-03 15:19:16', NULL),
(56, 'EDMUNDO DE BARROS', '180', 'CENTRO', '', '85851-120', 2904, 92, '2013-12-03 15:48:44', '2013-12-03 15:48:44', NULL),
(57, 'HERCULINO OTAVIANO', '882', 'CENTRO', '', '85840-000', 3171, 93, '2013-12-03 16:06:48', '2013-12-03 16:06:48', NULL),
(58, 'AV BRASIL', '380', 'CENTRO', 'SALA 06', '85851-000', 2904, 94, '2013-12-03 16:14:25', '2013-12-03 16:14:25', NULL),
(59, 'RUA DO SOL', '232', 'NOVA CIDADE', '', '85803-200', 2853, 95, '2013-12-03 16:18:07', '2013-12-03 16:18:07', NULL),
(60, 'AV TOLEDO', '432', 'CENTRO', 'SHOPPING JL', '85800-000', 2853, 96, '2013-12-03 16:28:17', '2013-12-03 16:28:17', NULL),
(61, 'AV PAPAGAIOS', '2151', 'FLORESTA', '', '85814-760', 2853, 97, '2013-12-03 16:44:53', '2013-12-03 16:44:53', NULL),
(62, 'Rua Padre Anchieta', '70', 'Parque São Paulo', '', '85803-740', 2853, 98, '2013-12-14 15:47:38', '2013-12-14 15:47:38', NULL),
(65, 'Rua Velho Rocha', '171', 'Urupá', 'Casa', '76900-282', 4369, 101, '2013-12-16 17:44:28', '2013-12-16 19:48:47', NULL),
(66, 'Av, Marechal Rondoni', '2727', '2 De Abril', 'Predio', '76900-282', 4369, 102, '2013-12-16 17:46:19', '2013-12-16 17:46:49', NULL),
(67, 'AV. Marechal Rondon', '2727', '2 De Abril', 'Predio', '76900-000', 4369, 103, '2013-12-19 11:09:59', '2013-12-19 11:09:59', NULL),
(68, 'kjsdfgkjasdgkj', '875', 'kjsgdkfjgsa', 'ksajdgfkajgsdf', '87465872', 2853, 104, '2013-12-19 00:00:00', '2013-12-19 00:00:00', NULL),
(69, 'kjhfdkashkfdj', '876', 'kjsdhfkasjfd', 'skjdhfkasjhdfk', '38274587', 2853, 105, '2013-12-19 00:00:00', '2013-12-19 00:00:00', NULL),
(70, 'Terminal Rodoviario', '2666', 'Cidade Nova', '', '71967-911', 94, 106, '2013-12-23 18:47:12', '2013-12-23 18:47:12', NULL);

-- 
-- Dumping data for table ART_PontoReferencia
--
INSERT INTO ART_PontoReferencia VALUES
(4, 'Posto Ouro Branco', 'Ponto de Referência', 2904, 2, NULL, '2013-11-25 19:13:37', NULL),
(10, 'Posto Tamburi', NULL, 3117, 2, NULL, NULL, NULL),
(12, 'POSTO SAARA', NULL, 2792, 2, NULL, NULL, NULL),
(13, 'TREVO OURO VERDE OESTE', NULL, 2796, 2, NULL, NULL, NULL),
(14, '2° PEDAGIO', NULL, 2801, 2, NULL, NULL, NULL),
(15, 'POSTO STOP', NULL, 2809, 2, NULL, NULL, NULL),
(17, 'TREVO PENHA ', NULL, 2832, 2, NULL, NULL, NULL),
(18, 'POSTO CAFEZAL ', NULL, 2833, 2, NULL, NULL, NULL),
(19, 'POSTO 369 ', NULL, 2838, 2, NULL, NULL, NULL),
(20, 'POSTO RIBAS ', NULL, 2838, 2, NULL, NULL, NULL),
(21, 'CASCAVEL', NULL, 2841, 2, NULL, NULL, NULL),
(22, 'CASCAVEL', NULL, 2823, 2, NULL, NULL, NULL),
(23, 'CASCAVEL', NULL, 2850, 2, NULL, NULL, NULL),
(24, 'CASCAVEL', NULL, 2855, 2, NULL, NULL, NULL),
(25, 'POSTO BOA VISTA ', NULL, 2858, 2, NULL, NULL, NULL),
(26, 'IGREJA MATRIZ', NULL, 2858, 2, NULL, NULL, NULL),
(27, 'POSTO DELTA', NULL, 2858, 2, NULL, NULL, NULL),
(28, 'POSTO ZUCO', NULL, 2858, 2, NULL, NULL, NULL),
(29, 'MARINA ', NULL, 2860, 2, NULL, NULL, NULL),
(30, 'TREVO PEROZA', NULL, 2868, 2, NULL, NULL, NULL),
(32, 'POSTO MADEIRA ', NULL, 2838, 2, NULL, NULL, NULL),
(33, 'REST. TIO PATINHAS ', NULL, 2845, 2, NULL, NULL, NULL),
(34, 'RESTAURANTE CANAÃ', NULL, 2875, 2, NULL, NULL, NULL),
(35, 'B. NOROESTE', NULL, 2875, 2, NULL, NULL, NULL),
(36, 'POSTO HERCULES', NULL, 2888, 2, NULL, NULL, NULL),
(37, 'CAFÉ PRESIDENTE', NULL, 2904, 2, NULL, NULL, NULL),
(38, 'FOZ TUR', NULL, 2904, 2, NULL, NULL, NULL),
(39, 'HOTEL RAFAIN', NULL, 2904, 2, NULL, NULL, NULL),
(40, 'HOTEL RECANTO', NULL, 2904, 2, NULL, NULL, NULL),
(41, 'POSTO 3 FRONTEIRAS ', NULL, 2904, 2, NULL, NULL, NULL),
(42, 'POSTO GASPARIM', NULL, 2904, 2, NULL, NULL, NULL),
(43, 'POLICIA RODOVIÁRIA', NULL, 2910, 2, NULL, NULL, NULL),
(44, 'Q''TERNURA - SOLANGE', NULL, 2913, 2, NULL, NULL, NULL),
(45, 'CASCAVEL - AGÊNCIA GUAÇU TUR', 'Agência Terceirizada', 2919, 2, NULL, NULL, NULL),
(46, 'CASCAVEL - AGÊNCIA GUAÇU TUR', 'Agência Terceirizada', 2925, 2, NULL, NULL, NULL),
(47, 'CASCAVEL - AGÊNCIA GUAÇU TUR', 'Agência Terceirizada', 2920, 2, NULL, NULL, NULL),
(48, 'CASCAVEL - AGÊNCIA GUAÇU TUR', 'Agência Terceirizada', 2938, 2, NULL, NULL, NULL),
(49, 'POSTO TANAKA', NULL, 2965, 2, NULL, NULL, NULL),
(50, 'POSTO AUTO CIDADE', NULL, 2965, 2, NULL, NULL, NULL),
(51, 'CASCAVEL - AGÊNCIA GUAÇU TUR ', 'Agência Terceirizada', 2970, 2, NULL, NULL, NULL),
(52, 'CASCAVEL - AGÊNCIA GUAÇU TUR ', 'Agência Terceirizada', 2973, 2, NULL, NULL, NULL),
(53, 'COCA-COLA', 'Ponto de Referência', 2976, 2, NULL, NULL, NULL),
(54, '2° TREVO', NULL, 2981, 2, NULL, NULL, NULL),
(55, '1° TREVO COAMO', NULL, 2981, 2, NULL, NULL, NULL),
(56, 'PEDAGIO', NULL, 2983, 2, NULL, NULL, NULL),
(57, 'POSTO LEGAL', NULL, 2990, 2, NULL, NULL, NULL),
(58, 'POLICIA RODOVIÁRIA - RESTAURANTE GALOPEIRA', NULL, 2990, 2, NULL, NULL, NULL),
(59, 'RODOVIÁRIA ', NULL, 2990, 2, NULL, NULL, NULL),
(60, 'ARAVEL', NULL, 2994, 2, NULL, NULL, NULL),
(61, 'BIG', NULL, 2994, 2, NULL, NULL, NULL),
(62, 'GEORGETO ', NULL, 2994, 2, NULL, NULL, NULL),
(63, 'UEM ', NULL, 2994, 2, NULL, NULL, NULL),
(64, 'POSTO IPIRANGA', NULL, 3000, 2, NULL, NULL, NULL),
(65, 'PORTAL DA CIDADE', NULL, 2988, 2, NULL, NULL, NULL),
(66, 'POSTO IPÊ', NULL, 3004, 2, NULL, NULL, NULL),
(67, 'POSTO 4 RODAS', NULL, 3004, 2, NULL, NULL, NULL),
(68, 'TREVÃO ', NULL, 3015, 2, NULL, NULL, NULL),
(69, 'VIADUTO - PAIÇANDU', NULL, 3031, 2, NULL, NULL, NULL),
(70, 'LOJA SÃO ROQUE ', NULL, 3035, 2, NULL, NULL, NULL),
(71, 'HSBC', NULL, 3035, 2, NULL, NULL, NULL),
(72, 'POSTO CARRETEIRO', NULL, 3045, 2, NULL, NULL, NULL),
(73, 'PEDAGIO - ROLANDIA', NULL, 3096, 2, NULL, NULL, NULL),
(75, 'POSTO CAFEZAL ', NULL, 3046, 2, NULL, NULL, NULL),
(76, 'TREVO - PEROBAL', NULL, 3046, 2, NULL, NULL, NULL),
(77, 'POSTO CAFEZAL', NULL, 3047, 2, NULL, NULL, NULL),
(78, 'CASCAVEL - AGÊNCIA GUAÇU TUR', 'Agência Terceirizada', 3076, 2, NULL, NULL, NULL),
(79, 'CASCAVEL - AGÊNCIA GUAÇU TUR ', 'Agência Terceirizada', 3092, 2, NULL, NULL, NULL),
(80, 'TOLEDO - D'' PASCHOAL', NULL, 3134, 2, NULL, NULL, NULL),
(81, 'POSTO RODEIO ', NULL, 3138, 2, NULL, NULL, NULL),
(82, 'RESTAURANTE PASQUALI', NULL, 3116, 2, NULL, NULL, NULL),
(83, 'POSTO TAMBURI', NULL, 3117, 2, NULL, NULL, NULL),
(84, 'LOJA ANDREIA ', NULL, 3155, 2, NULL, NULL, NULL),
(85, 'D'' PASCHOAL', NULL, 3164, 2, NULL, NULL, NULL),
(86, 'CASCAVEL - AGÊNCIA GUAÇU TUR', 'Agência Terceirizada', 3166, 2, NULL, NULL, NULL),
(87, 'SICREDI - TUPÃSSI', NULL, 3169, 2, NULL, NULL, NULL),
(88, 'TOLEDO - D'' PASCHOAL', NULL, 3169, 2, NULL, NULL, NULL),
(89, 'VIAPAR ', NULL, 3171, 2, NULL, NULL, NULL),
(90, 'CASA DA IRMA', NULL, 3172, 2, NULL, NULL, NULL),
(91, 'BOA VISTA - CÉU AZUL', NULL, 3177, 2, NULL, NULL, NULL),
(92, 'POSTO SAARA - CAFEZAL', NULL, 3179, 2, NULL, NULL, NULL),
(93, 'POSTO CAVALO BRANCO', NULL, 2791, 2, NULL, NULL, NULL),
(94, 'BAZAR NOROESTE ', NULL, 2875, 2, NULL, NULL, NULL),
(95, 'PARAISO', NULL, 3161, 2, NULL, NULL, NULL),
(96, 'TREVO - FRANCISCO ALVES', NULL, 2906, 2, NULL, NULL, NULL),
(97, 'POSTO SAARA ', NULL, 2936, 2, NULL, NULL, NULL),
(98, 'AGÊNCIA GUAÇU TUR', 'Agência de Turismo', 2853, 2, NULL, NULL, NULL),
(99, 'RESTAURANTE PEROZA', 'Ponto de Referência', 2868, 2, NULL, NULL, NULL),
(100, 'Goiânia', 'Agência Terceirizada', 977, 2, NULL, NULL, NULL),
(101, 'São Paulo', 'Agência Terceirizada', 5270, 2, NULL, NULL, NULL),
(102, 'POSTO TANAKA', 'Ponto de Referência', 2965, 2, NULL, NULL, NULL),
(103, 'Baicurú', 'Ponto de Referência', 3112, 2, '2013-12-23 19:15:01', '2013-12-23 19:15:01', NULL);

-- 
-- Dumping data for table ART_DescontoItinerario
--

-- Table veritasweb03.ART_DescontoItinerario does not contain any data (it is empty)

-- 
-- Dumping data for table ART_Linha
--
INSERT INTO ART_Linha VALUES
(1, 100, 100, 2, 'Normal', 2, NULL, NULL, NULL),
(2, 101, 101, 2, 'Normal', 2, NULL, NULL, NULL);

-- 
-- Dumping data for table ART_Usuario
--
INSERT INTO ART_Usuario VALUES
(1, 'Administrador Guacatur', 'admin2@guacutur.com.br', '$2y$08$5etGicY6cBW84EJVbPd8Z.1CqSEK.GbN44L2Sv9YgmKfTLS7nULQy', 2, 98, NULL, NULL, NULL),
(2, 'Administrador Artaban', 'admin@veritasweb.com.br', '$2y$08$5etGicY6cBW84EJVbPd8Z.1CqSEK.GbN44L2Sv9YgmKfTLS7nULQy', 1, 98, '0000-00-00 00:00:00', NULL, NULL),
(3, 'Administrador Guacatur', 'admin.tmp@guacutur.com.br', '$2y$08$5etGicY6cBW84EJVbPd8Z.1CqSEK.GbN44L2Sv9YgmKfTLS7nULQy', 2, 98, '0000-00-00 00:00:00', NULL, NULL);

-- 
-- Dumping data for table ART_Venda
--
INSERT INTO ART_Venda VALUES
(1, 98, 3, 2, 3, '2013-12-17 16:59:56', NULL, NULL, NULL, NULL),
(2, 98, 40, 2, 3, '2013-12-19 09:58:13', NULL, NULL, NULL, NULL),
(3, 98, 40, 2, 3, '2013-12-19 09:59:30', NULL, NULL, NULL, NULL),
(4, 98, 40, 2, 3, '2013-12-19 10:02:25', NULL, NULL, NULL, NULL),
(5, 98, 40, 2, 3, '2013-12-19 10:04:41', NULL, NULL, NULL, NULL),
(6, 98, 40, 2, 3, '2013-12-19 10:56:48', NULL, NULL, NULL, NULL),
(7, 98, 103, 2, 3, '2013-12-19 11:12:53', NULL, NULL, NULL, NULL),
(8, 98, 103, 2, 3, '2013-12-19 11:14:14', NULL, NULL, NULL, NULL),
(9, 98, 103, 2, 3, '2013-12-19 11:15:16', NULL, NULL, NULL, NULL),
(10, 98, 103, 2, 3, '2013-12-19 17:59:47', NULL, NULL, NULL, NULL),
(11, 98, 40, 2, 3, '2013-12-19 18:02:26', NULL, NULL, NULL, NULL),
(12, 98, 103, 2, 3, '2013-12-20 11:45:03', NULL, NULL, NULL, NULL),
(13, 98, 103, 2, 3, '2013-12-20 11:48:53', NULL, NULL, NULL, NULL),
(14, 98, 103, 2, 3, '2013-12-20 11:52:17', NULL, NULL, NULL, NULL),
(15, 98, 103, 2, 3, '2013-12-20 19:05:39', NULL, NULL, NULL, NULL),
(16, 98, 103, 2, 3, '2013-12-20 19:14:34', NULL, NULL, NULL, NULL),
(17, 98, 103, 2, 3, '2013-12-20 19:48:29', NULL, NULL, NULL, NULL),
(18, 98, 106, 2, 3, '2013-12-23 18:51:49', NULL, NULL, NULL, NULL),
(19, 98, 103, 2, 3, '2013-12-26 12:36:02', NULL, NULL, NULL, NULL),
(20, 98, 103, 2, 3, '2013-12-26 20:07:47', NULL, NULL, NULL, NULL);

-- 
-- Dumping data for table ART_AdicionalTarifa
--
INSERT INTO ART_AdicionalTarifa VALUES
(1, 1, 1, '2013-12-07', 100.00, 1, 1, '2013-11-17 20:49:07', '2013-11-17 20:49:07', NULL);

-- 
-- Dumping data for table ART_DescontoLinha
--

-- Table veritasweb03.ART_DescontoLinha does not contain any data (it is empty)

-- 
-- Dumping data for table ART_Fidelizacao
--
INSERT INTO ART_Fidelizacao VALUES
(1, 'Crédito', '0000-00-00', NULL, 1000.00, 103, NULL, '2013-12-19 11:10:19', '2013-12-19 11:10:19', NULL),
(2, 'Débito', '2013-12-20', 'Compra pelo sistema de retaguarda Artaban', 50.00, 103, 13, '2013-12-20 11:48:53', '2013-12-20 11:48:53', NULL),
(3, 'Débito', '2013-12-20', 'Compra pelo sistema de retaguarda Artaban', 50.00, 103, 14, '2013-12-20 11:52:17', '2013-12-20 11:52:17', NULL),
(4, 'Débito', '2013-12-20', 'Compra pelo sistema de retaguarda Artaban', 50.00, 103, 15, '2013-12-20 19:05:39', '2013-12-20 19:05:39', NULL),
(5, 'Débito', '2013-12-20', 'Compra pelo sistema de retaguarda Artaban', 50.00, 103, 16, '2013-12-20 19:14:34', '2013-12-20 19:14:34', NULL),
(6, 'Crédito', '2013-12-23', 'Mega Polo', 450.00, 106, NULL, '2013-12-23 18:48:46', '2013-12-23 18:50:03', NULL),
(7, 'Débito', '2013-12-23', 'Compra pelo sistema de retaguarda Artaban', 86.00, 106, 18, '2013-12-23 18:51:49', '2013-12-23 18:51:49', NULL),
(8, 'Débito', '2013-12-26', 'Compra pelo sistema de retaguarda Artaban', 100.00, 103, 20, '2013-12-26 20:07:47', '2013-12-26 20:07:47', NULL);

-- 
-- Dumping data for table ART_Horario
--
INSERT INTO ART_Horario VALUES
(1, 1, '07:00:00', 'Ida', '0000110', 1, 2, 'Sim', 'Normal', 2, NULL, NULL, NULL),
(3, 2, '12:00:00', 'Ida', '1010000', 2, 3, 'Sim', 'Normal', 2, NULL, NULL, NULL),
(4, 2, '14:00:00', 'Ida', '1001000', 3, 1, 'Sim', 'Normal', 2, NULL, NULL, NULL),
(6, 1, '09:00:00', 'Ida', '0101010', NULL, 2, 'Sim', 'Normal', 0, '2013-12-24 12:56:38', '2013-12-24 12:56:38', NULL);

-- 
-- Dumping data for table ART_LinhaItem
--
INSERT INTO ART_LinhaItem VALUES
(1, 1, 4, NULL, NULL, NULL, 0),
(2, 1, 10, NULL, NULL, NULL, 0),
(3, 1, 81, NULL, NULL, NULL, 0),
(4, 1, 66, NULL, NULL, NULL, 0),
(5, 1, 64, NULL, NULL, NULL, 0),
(6, 1, 26, NULL, NULL, NULL, 0),
(7, 1, 82, NULL, NULL, NULL, 0),
(8, 1, 65, NULL, NULL, NULL, 0),
(9, 1, 15, NULL, NULL, NULL, 0),
(10, 1, 85, NULL, NULL, NULL, 0),
(11, 1, 98, NULL, NULL, NULL, 0),
(12, 1, 99, NULL, NULL, NULL, 0),
(13, 1, 17, NULL, NULL, NULL, 0),
(14, 1, 68, NULL, NULL, NULL, 0),
(15, 1, 89, NULL, NULL, NULL, 0),
(16, 1, 19, NULL, NULL, NULL, 0),
(17, 1, 55, NULL, '2013-11-06 22:29:12', NULL, 0),
(18, 1, 102, NULL, NULL, NULL, 0),
(19, 1, 33, NULL, NULL, NULL, 0),
(20, 1, 72, NULL, NULL, NULL, 0),
(21, 1, 36, NULL, NULL, NULL, 0),
(22, 1, 62, NULL, NULL, NULL, 0),
(23, 1, 58, NULL, NULL, NULL, 0),
(24, 1, 53, NULL, NULL, NULL, 0),
(26, 2, 4, NULL, NULL, NULL, 0),
(27, 2, 10, NULL, NULL, NULL, 0),
(28, 2, 81, NULL, NULL, NULL, 0),
(29, 2, 66, NULL, NULL, NULL, 0),
(30, 2, 64, NULL, NULL, NULL, 0),
(31, 2, 26, NULL, NULL, NULL, 0),
(32, 2, 82, NULL, NULL, NULL, 0),
(33, 2, 65, NULL, NULL, NULL, 0),
(34, 2, 15, NULL, NULL, NULL, 0),
(35, 2, 85, NULL, NULL, NULL, 0),
(36, 2, 98, NULL, NULL, NULL, 0),
(37, 2, 99, NULL, NULL, NULL, 0),
(38, 2, 17, NULL, NULL, NULL, 0),
(39, 2, 68, NULL, NULL, NULL, 0),
(40, 2, 89, NULL, NULL, NULL, 0),
(41, 2, 19, NULL, NULL, NULL, 0),
(42, 2, 49, NULL, NULL, NULL, 0),
(43, 2, 55, NULL, NULL, NULL, 0),
(44, 2, 33, NULL, NULL, NULL, 0),
(45, 2, 72, NULL, NULL, NULL, 0),
(46, 2, 36, NULL, NULL, NULL, 0),
(47, 2, 62, NULL, NULL, NULL, 0),
(48, 2, 58, NULL, NULL, NULL, 0),
(49, 2, 53, NULL, NULL, NULL, 0);

-- 
-- Dumping data for table ART_DescontoHorario
--

-- Table veritasweb03.ART_DescontoHorario does not contain any data (it is empty)

-- 
-- Dumping data for table ART_HorarioItem
--
INSERT INTO ART_HorarioItem VALUES
(1, 1, 1, NULL, NULL, NULL, '00:00:00', 0),
(2, 1, 2, NULL, NULL, NULL, '00:00:00', 0),
(3, 1, 3, NULL, NULL, NULL, '00:00:00', 0),
(4, 1, 4, NULL, NULL, NULL, '00:00:00', 0),
(5, 1, 5, NULL, NULL, NULL, '00:00:00', 0),
(6, 1, 6, NULL, NULL, NULL, '00:00:00', 0),
(7, 1, 7, NULL, NULL, NULL, '00:00:00', 0),
(8, 1, 8, NULL, NULL, NULL, '00:00:00', 0),
(9, 1, 9, NULL, NULL, NULL, '00:00:00', 0),
(10, 1, 10, NULL, NULL, NULL, '00:00:00', 0),
(11, 1, 11, NULL, NULL, NULL, '00:00:00', 0),
(12, 1, 12, NULL, NULL, NULL, '00:00:00', 0),
(13, 1, 13, NULL, NULL, NULL, '00:00:00', 0),
(14, 1, 14, NULL, NULL, NULL, '00:00:00', 0),
(15, 1, 15, NULL, NULL, NULL, '00:00:00', 0),
(16, 1, 16, NULL, NULL, NULL, '00:00:00', 0),
(17, 1, 17, NULL, NULL, NULL, '00:00:00', 0),
(18, 1, 18, NULL, NULL, NULL, '00:00:00', 0),
(19, 1, 19, NULL, NULL, NULL, '00:00:00', 0),
(20, 1, 20, NULL, NULL, NULL, '00:00:00', 0),
(21, 1, 21, NULL, NULL, NULL, '00:00:00', 0),
(22, 1, 22, NULL, NULL, NULL, '00:00:00', 0),
(23, 1, 23, NULL, NULL, NULL, '00:00:00', 0),
(24, 1, 24, NULL, NULL, NULL, '00:00:00', 0),
(25, 6, 1, '2013-12-24 12:57:12', '2013-12-24 12:57:12', NULL, '00:00:00', 0),
(26, 6, 2, '2013-12-24 12:57:23', '2013-12-24 12:57:23', NULL, '00:00:00', 0);

-- 
-- Dumping data for table ART_Tarifa
--
INSERT INTO ART_Tarifa VALUES
(1, 1, 1, '2013-10-01', 420.00, NULL, NULL, NULL),
(2, 2, 1, '2013-10-01', 420.00, NULL, NULL, NULL),
(3, 3, 1, '2013-10-01', 420.00, NULL, NULL, NULL),
(4, 4, 1, '2013-10-01', 410.00, NULL, NULL, NULL),
(5, 5, 1, '2013-10-01', 410.00, NULL, NULL, NULL),
(6, 6, 1, '2013-10-01', 410.00, NULL, NULL, NULL),
(7, 7, 1, '2013-10-01', 400.00, NULL, NULL, NULL),
(8, 8, 1, '2013-10-01', 410.00, NULL, NULL, NULL),
(9, 9, 1, '2013-10-01', 410.00, NULL, NULL, NULL),
(10, 10, 1, '2013-10-01', 400.00, NULL, NULL, NULL),
(11, 11, 1, '2013-10-01', 400.00, NULL, NULL, NULL),
(12, 12, 1, '2013-10-01', 400.00, NULL, NULL, NULL),
(13, 13, 1, '2013-10-01', 390.00, NULL, NULL, NULL),
(14, 14, 1, '2013-10-01', 390.00, NULL, NULL, NULL),
(15, 15, 1, '2013-10-01', 380.00, NULL, NULL, NULL),
(16, 16, 1, '2013-10-01', 380.00, NULL, NULL, NULL),
(17, 17, 1, '2013-10-01', 380.00, NULL, NULL, NULL),
(18, 18, 1, '2013-10-01', 380.00, NULL, NULL, NULL),
(19, 19, 1, '2013-10-01', 370.00, NULL, NULL, NULL),
(20, 20, 1, '2013-10-01', 370.00, NULL, NULL, NULL),
(21, 21, 1, '2013-10-01', 360.00, NULL, NULL, NULL),
(22, 22, 1, '2013-10-01', 350.00, NULL, NULL, NULL),
(23, 23, 1, '2013-10-01', NULL, NULL, NULL, NULL),
(24, 24, 1, '2013-10-01', NULL, NULL, NULL, NULL),
(25, 1, 2, '2013-10-01', 480.00, NULL, NULL, NULL),
(26, 2, 2, '2013-10-01', 480.00, NULL, NULL, NULL),
(27, 3, 2, '2013-10-01', 480.00, NULL, NULL, NULL),
(28, 4, 2, '2013-10-01', 470.00, NULL, NULL, NULL),
(29, 5, 2, '2013-10-01', 470.00, NULL, NULL, NULL),
(30, 6, 2, '2013-10-01', 470.00, NULL, NULL, NULL),
(31, 7, 2, '2013-10-01', 460.00, NULL, NULL, NULL),
(32, 8, 2, '2013-10-01', 470.00, NULL, NULL, NULL),
(33, 9, 2, '2013-10-01', 470.00, NULL, NULL, NULL),
(34, 10, 2, '2013-10-01', 460.00, NULL, NULL, NULL),
(35, 11, 2, '2013-10-01', 460.00, NULL, NULL, NULL),
(36, 12, 2, '2013-10-01', 460.00, NULL, NULL, NULL),
(37, 13, 2, '2013-10-01', 450.00, NULL, NULL, NULL),
(38, 14, 2, '2013-10-01', 450.00, NULL, NULL, NULL),
(39, 15, 2, '2013-10-01', 440.00, NULL, NULL, NULL),
(40, 16, 2, '2013-10-01', 440.00, NULL, NULL, NULL),
(41, 17, 2, '2013-10-01', 440.00, NULL, NULL, NULL),
(42, 18, 2, '2013-10-01', 440.00, NULL, NULL, NULL),
(43, 19, 2, '2013-10-01', 430.00, NULL, NULL, NULL),
(44, 20, 2, '2013-10-01', 430.00, NULL, NULL, NULL),
(45, 21, 2, '2013-10-01', 420.00, NULL, NULL, NULL),
(46, 22, 2, '2013-10-01', 400.00, NULL, NULL, NULL),
(47, 23, 2, '2013-10-01', NULL, NULL, NULL, NULL),
(48, 24, 2, '2013-10-01', NULL, NULL, NULL, NULL),
(49, 26, 2, '2013-10-01', 210.00, NULL, NULL, NULL),
(50, 27, 2, '2013-10-01', 210.00, NULL, NULL, NULL),
(51, 28, 2, '2013-10-01', 210.00, NULL, NULL, NULL),
(52, 29, 2, '2013-10-01', 210.00, NULL, NULL, NULL),
(53, 30, 2, '2013-10-01', 210.00, NULL, NULL, NULL),
(54, 31, 2, '2013-10-01', 200.00, NULL, NULL, NULL),
(55, 32, 2, '2013-10-01', 200.00, NULL, NULL, NULL),
(56, 33, 2, '2013-10-01', 210.00, NULL, NULL, NULL),
(57, 34, 2, '2013-10-01', 210.00, NULL, NULL, NULL),
(58, 35, 2, '2013-10-01', 200.00, NULL, NULL, NULL),
(59, 36, 2, '2013-10-01', 200.00, NULL, NULL, NULL),
(60, 37, 2, '2013-10-01', 200.00, NULL, NULL, NULL),
(61, 38, 2, '2013-10-01', 200.00, NULL, NULL, NULL),
(62, 39, 2, '2013-10-01', 200.00, NULL, NULL, NULL),
(63, 40, 2, '2013-10-01', 200.00, NULL, NULL, NULL),
(64, 41, 2, '2013-10-01', 200.00, NULL, NULL, NULL),
(65, 42, 2, '2013-10-01', 190.00, NULL, NULL, NULL),
(66, 43, 2, '2013-10-01', 190.00, NULL, NULL, NULL),
(67, 44, 2, '2013-10-01', 190.00, NULL, NULL, NULL),
(68, 45, 2, '2013-10-01', 190.00, NULL, NULL, NULL),
(69, 46, 2, '2013-10-01', 190.00, NULL, NULL, NULL),
(70, 47, 2, '2013-10-01', 180.00, NULL, NULL, NULL),
(71, 48, 2, '2013-10-01', 180.00, NULL, NULL, NULL),
(72, 49, 2, '2013-10-01', NULL, NULL, NULL, NULL),
(73, 26, 3, '2013-10-01', 330.00, NULL, NULL, NULL),
(74, 27, 3, '2013-10-01', 330.00, NULL, NULL, NULL),
(75, 28, 3, '2013-10-01', 330.00, NULL, NULL, NULL),
(76, 29, 3, '2013-10-01', 320.00, NULL, NULL, NULL),
(77, 30, 3, '2013-10-01', 320.00, NULL, NULL, NULL),
(78, 31, 3, '2013-10-01', 320.00, NULL, NULL, NULL),
(79, 32, 3, '2013-10-01', 310.00, NULL, NULL, NULL),
(80, 33, 3, '2013-10-01', 310.00, NULL, NULL, NULL),
(81, 34, 3, '2013-10-01', 320.00, NULL, NULL, NULL),
(82, 35, 3, '2013-10-01', 320.00, NULL, NULL, NULL),
(83, 36, 3, '2013-10-01', 310.00, NULL, NULL, NULL),
(84, 37, 3, '2013-10-01', 300.00, NULL, NULL, NULL),
(85, 38, 3, '2013-10-01', 290.00, NULL, NULL, NULL),
(86, 39, 3, '2013-10-01', 290.00, NULL, NULL, NULL),
(87, 40, 3, '2013-10-01', 280.00, NULL, NULL, NULL),
(88, 41, 3, '2013-10-01', 270.00, NULL, NULL, NULL),
(89, 42, 3, '2013-10-01', 270.00, NULL, NULL, NULL),
(90, 43, 3, '2013-10-01', 260.00, NULL, NULL, NULL),
(91, 44, 3, '2013-10-01', 260.00, NULL, NULL, NULL),
(92, 45, 3, '2013-10-01', 250.00, NULL, NULL, NULL),
(93, 46, 3, '2013-10-01', 250.00, NULL, NULL, NULL),
(94, 47, 3, '2013-10-01', 250.00, NULL, NULL, NULL),
(95, 48, 3, '2013-10-01', 240.00, NULL, NULL, NULL),
(96, 49, 3, '2013-10-01', 230.00, NULL, NULL, NULL);

-- 
-- Dumping data for table ART_Viagem
--
INSERT INTO ART_Viagem VALUES
(1, '2013-11-28', '07:00:00', 1, 1, 'Sim', 'Normal', 2, NULL, NULL, NULL),
(2, '2013-11-29', '07:00:00', 1, 1, 'Sim', 'Normal', 2, NULL, NULL, NULL),
(3, '2013-12-05', '07:00:00', 1, 1, 'Sim', 'Normal', 2, NULL, NULL, NULL),
(4, '2013-12-06', '07:00:00', 1, 1, 'Sim', 'Normal', 2, NULL, NULL, NULL),
(5, '2013-12-12', '07:00:00', 1, 1, 'Sim', 'Normal', 2, NULL, NULL, NULL),
(6, '2013-12-13', '07:00:00', 1, 1, 'Sim', 'Normal', 2, NULL, NULL, NULL),
(7, '2013-12-19', '07:00:00', 1, 1, 'Sim', 'Normal', 2, NULL, NULL, NULL),
(8, '2013-12-20', '07:00:00', 1, 1, 'Sim', 'Normal', 2, NULL, NULL, NULL),
(9, '2013-12-26', '07:00:00', 1, 1, 'Sim', 'Normal', 2, NULL, NULL, NULL),
(10, '2013-12-27', '07:00:00', 1, 1, 'Sim', 'Normal', 2, NULL, NULL, NULL),
(11, '2013-12-01', '12:00:00', 3, 2, 'Sim', 'Normal', 2, NULL, NULL, NULL),
(12, '2013-12-03', '12:00:00', 3, 2, 'Sim', 'Normal', 2, NULL, NULL, NULL),
(13, '2013-12-08', '12:00:00', 3, 2, 'Sim', 'Normal', 2, NULL, NULL, NULL),
(14, '2013-12-10', '12:00:00', 3, 2, 'Sim', 'Normal', 2, NULL, NULL, NULL),
(15, '2013-12-15', '12:00:00', 3, 2, 'Sim', 'Normal', 2, NULL, NULL, NULL),
(16, '2013-12-17', '12:00:00', 3, 2, 'Sim', 'Normal', 2, NULL, NULL, NULL),
(17, '2013-12-22', '12:00:00', 3, 2, 'Sim', 'Normal', 2, NULL, NULL, NULL),
(18, '2013-12-24', '12:00:00', 3, 2, 'Sim', 'Normal', 2, NULL, NULL, NULL),
(19, '2013-12-29', '12:00:00', 3, 2, 'Sim', 'Normal', 2, NULL, NULL, NULL),
(20, '2013-12-31', '12:00:00', 3, 2, 'Sim', 'Normal', 2, NULL, NULL, NULL),
(21, '2013-12-01', '14:00:00', 4, 3, 'Sim', 'Normal', 2, NULL, NULL, NULL),
(22, '2013-12-04', '14:00:00', 4, 3, 'Sim', 'Normal', 2, NULL, NULL, NULL),
(23, '2013-12-08', '14:00:00', 4, 3, 'Sim', 'Normal', 2, NULL, NULL, NULL),
(24, '2013-12-11', '14:00:00', 4, 3, 'Sim', 'Normal', 2, NULL, NULL, NULL),
(25, '2013-12-15', '14:00:00', 4, 3, 'Sim', 'Normal', 2, NULL, NULL, NULL),
(26, '2013-12-18', '14:00:00', 4, 3, 'Sim', 'Normal', 2, NULL, NULL, NULL),
(27, '2013-12-22', '14:00:00', 4, 3, 'Sim', 'Normal', 2, NULL, NULL, NULL),
(28, '2013-12-25', '14:00:00', 4, 3, 'Sim', 'Normal', 2, NULL, NULL, NULL),
(29, '2013-12-29', '14:00:00', 4, 3, 'Sim', 'Normal', 2, NULL, NULL, NULL),
(30, '2013-12-01', '14:00:00', 4, 3, 'Sim', 'Normal', 2, NULL, NULL, NULL),
(31, '2013-12-04', '14:00:00', 4, 3, 'Sim', 'Normal', 2, NULL, NULL, NULL),
(32, '2013-12-08', '14:00:00', 4, 3, 'Sim', 'Normal', 2, NULL, NULL, NULL),
(33, '2013-12-11', '14:00:00', 4, 3, 'Sim', 'Normal', 2, NULL, NULL, NULL),
(34, '2013-12-15', '14:00:00', 4, 3, 'Sim', 'Normal', 2, NULL, NULL, NULL),
(35, '2013-12-18', '14:00:00', 4, 3, 'Sim', 'Normal', 2, NULL, NULL, NULL),
(36, '2013-12-22', '14:00:00', 4, 3, 'Sim', 'Normal', 2, NULL, NULL, NULL),
(37, '2013-12-25', '14:00:00', 4, 3, 'Sim', 'Normal', 2, NULL, NULL, NULL),
(38, '2013-12-29', '14:00:00', 4, 3, 'Sim', 'Normal', 2, NULL, NULL, NULL),
(39, '2014-01-02', '07:00:00', 1, 1, 'Sim', 'Normal', 2, NULL, NULL, NULL),
(40, '2014-01-03', '07:00:00', 1, 1, 'Sim', 'Normal', 2, NULL, NULL, NULL),
(41, '2014-01-09', '07:00:00', 1, 1, 'Sim', 'Normal', 2, NULL, NULL, NULL),
(42, '2014-01-10', '07:00:00', 1, 1, 'Sim', 'Normal', 2, NULL, NULL, NULL),
(43, '2014-01-16', '07:00:00', 1, 1, 'Sim', 'Normal', 2, NULL, NULL, NULL),
(44, '2014-01-17', '07:00:00', 1, 1, 'Sim', 'Normal', 2, NULL, NULL, NULL),
(45, '2014-01-23', '07:00:00', 1, 1, 'Sim', 'Normal', 2, NULL, NULL, NULL),
(46, '2014-01-24', '07:00:00', 1, 1, 'Sim', 'Normal', 2, NULL, NULL, NULL),
(47, '2014-01-30', '07:00:00', 1, 1, 'Sim', 'Normal', 2, NULL, NULL, NULL),
(48, '2014-01-31', '07:00:00', 1, 1, 'Sim', 'Normal', 2, NULL, NULL, NULL),
(49, '2014-01-05', '12:00:00', 3, 2, 'Sim', 'Normal', 2, NULL, NULL, NULL),
(50, '2014-01-07', '12:00:00', 3, 2, 'Sim', 'Normal', 2, NULL, NULL, NULL),
(51, '2014-01-12', '12:00:00', 3, 2, 'Sim', 'Normal', 2, NULL, NULL, NULL),
(52, '2014-01-14', '12:00:00', 3, 2, 'Sim', 'Normal', 2, NULL, NULL, NULL),
(53, '2014-01-19', '12:00:00', 3, 2, 'Sim', 'Normal', 2, NULL, NULL, NULL),
(54, '2014-01-21', '12:00:00', 3, 2, 'Sim', 'Normal', 2, NULL, NULL, NULL),
(55, '2014-01-26', '12:00:00', 3, 2, 'Sim', 'Normal', 2, NULL, NULL, NULL),
(56, '2014-01-28', '12:00:00', 3, 2, 'Sim', 'Normal', 2, NULL, NULL, NULL),
(57, '2014-01-01', '14:00:00', 4, 3, 'Sim', 'Normal', 2, NULL, NULL, NULL),
(58, '2014-01-05', '14:00:00', 4, 3, 'Sim', 'Normal', 2, NULL, NULL, NULL),
(59, '2014-01-08', '14:00:00', 4, 3, 'Sim', 'Normal', 2, NULL, NULL, NULL),
(60, '2014-01-12', '14:00:00', 4, 3, 'Sim', 'Normal', 2, NULL, NULL, NULL),
(61, '2014-01-15', '14:00:00', 4, 3, 'Sim', 'Normal', 2, NULL, NULL, NULL),
(62, '2014-01-19', '14:00:00', 4, 3, 'Sim', 'Normal', 2, NULL, NULL, NULL),
(63, '2014-01-22', '14:00:00', 4, 3, 'Sim', 'Normal', 2, NULL, NULL, NULL),
(64, '2014-01-26', '14:00:00', 4, 3, 'Sim', 'Normal', 2, NULL, NULL, NULL),
(65, '2014-01-29', '14:00:00', 4, 3, 'Sim', 'Normal', 2, NULL, NULL, NULL),
(76, '2014-03-13', '07:00:00', 1, 1, 'Sim', 'Normal', 2, NULL, NULL, NULL),
(77, '2014-03-14', '07:00:00', 1, 1, 'Sim', 'Normal', 2, NULL, NULL, NULL);

-- 
-- Dumping data for table ART_DescontoViagem
--

-- Table veritasweb03.ART_DescontoViagem does not contain any data (it is empty)

-- 
-- Dumping data for table ART_ViagemItem
--
INSERT INTO ART_ViagemItem VALUES
(1, 1, 1, 1, NULL, NULL, NULL, NULL),
(2, 1, 2, 1, NULL, NULL, NULL, NULL),
(3, 1, 3, 1, NULL, NULL, NULL, NULL),
(4, 1, 4, 1, NULL, NULL, NULL, NULL),
(5, 1, 5, 1, NULL, NULL, NULL, NULL),
(6, 1, 6, 1, NULL, NULL, NULL, NULL),
(7, 1, 7, 1, NULL, NULL, NULL, NULL),
(8, 1, 8, 1, NULL, NULL, NULL, NULL),
(9, 1, 9, 1, NULL, NULL, NULL, NULL),
(10, 1, 10, 1, NULL, NULL, NULL, NULL),
(11, 1, 11, 1, NULL, NULL, NULL, NULL),
(12, 1, 12, 1, NULL, NULL, NULL, NULL),
(13, 1, 13, 1, NULL, NULL, NULL, NULL),
(14, 1, 14, 1, NULL, NULL, NULL, NULL),
(15, 1, 15, 1, NULL, NULL, NULL, NULL),
(16, 1, 16, 1, NULL, NULL, NULL, NULL),
(17, 1, 17, 1, NULL, NULL, NULL, NULL),
(18, 1, 18, 1, NULL, NULL, NULL, NULL),
(19, 1, 19, 1, NULL, NULL, NULL, NULL),
(20, 1, 20, 1, NULL, NULL, NULL, NULL),
(21, 1, 21, 1, NULL, NULL, NULL, NULL),
(22, 1, 22, 1, NULL, NULL, NULL, NULL),
(23, 1, 23, 1, NULL, NULL, NULL, NULL),
(24, 1, 24, 1, NULL, NULL, NULL, NULL),
(25, 2, 1, 1, NULL, NULL, NULL, NULL),
(26, 2, 2, 1, NULL, NULL, NULL, NULL),
(27, 2, 3, 1, NULL, NULL, NULL, NULL),
(28, 2, 4, 1, NULL, NULL, NULL, NULL),
(29, 2, 5, 1, NULL, NULL, NULL, NULL),
(30, 2, 6, 1, NULL, NULL, NULL, NULL),
(31, 2, 7, 1, NULL, NULL, NULL, NULL),
(32, 2, 8, 1, NULL, NULL, NULL, NULL),
(33, 2, 9, 1, NULL, NULL, NULL, NULL),
(34, 2, 10, 1, NULL, NULL, NULL, NULL),
(35, 2, 11, 1, NULL, NULL, NULL, NULL),
(36, 2, 12, 1, NULL, NULL, NULL, NULL),
(37, 2, 13, 1, NULL, NULL, NULL, NULL),
(38, 2, 14, 1, NULL, NULL, NULL, NULL),
(39, 2, 15, 1, NULL, NULL, NULL, NULL),
(40, 2, 16, 1, NULL, NULL, NULL, NULL),
(41, 2, 17, 1, NULL, NULL, NULL, NULL),
(42, 2, 18, 1, NULL, NULL, NULL, NULL),
(43, 2, 19, 1, NULL, NULL, NULL, NULL),
(44, 2, 20, 1, NULL, NULL, NULL, NULL),
(45, 2, 21, 1, NULL, NULL, NULL, NULL),
(46, 2, 22, 1, NULL, NULL, NULL, NULL),
(47, 2, 23, 1, NULL, NULL, NULL, NULL),
(48, 2, 24, 1, NULL, NULL, NULL, NULL),
(49, 3, 1, 1, NULL, NULL, NULL, NULL),
(50, 3, 2, 1, NULL, NULL, NULL, NULL),
(51, 3, 3, 1, NULL, NULL, NULL, NULL),
(52, 3, 4, 1, NULL, NULL, NULL, NULL),
(53, 3, 5, 1, NULL, NULL, NULL, NULL),
(54, 3, 6, 1, NULL, NULL, NULL, NULL),
(55, 3, 7, 1, NULL, NULL, NULL, NULL),
(56, 3, 8, 1, NULL, NULL, NULL, NULL),
(57, 3, 9, 1, NULL, NULL, NULL, NULL),
(58, 3, 10, 1, NULL, NULL, NULL, NULL),
(59, 3, 11, 1, NULL, NULL, NULL, NULL),
(60, 3, 12, 1, NULL, NULL, NULL, NULL),
(61, 3, 13, 1, NULL, NULL, NULL, NULL),
(62, 3, 14, 1, NULL, NULL, NULL, NULL),
(63, 3, 15, 1, NULL, NULL, NULL, NULL),
(64, 3, 16, 1, NULL, NULL, NULL, NULL),
(65, 3, 17, 1, NULL, NULL, NULL, NULL),
(66, 3, 18, 1, NULL, NULL, NULL, NULL),
(67, 3, 19, 1, NULL, NULL, NULL, NULL),
(68, 3, 20, 1, NULL, NULL, NULL, NULL),
(69, 3, 21, 1, NULL, NULL, NULL, NULL),
(70, 3, 22, 1, NULL, NULL, NULL, NULL),
(71, 3, 23, 1, NULL, NULL, NULL, NULL),
(72, 3, 24, 1, NULL, NULL, NULL, NULL),
(73, 4, 1, 1, NULL, NULL, NULL, NULL),
(74, 4, 2, 1, NULL, NULL, NULL, NULL),
(75, 4, 3, 1, NULL, NULL, NULL, NULL),
(76, 4, 4, 1, NULL, NULL, NULL, NULL),
(77, 4, 5, 1, NULL, NULL, NULL, NULL),
(78, 4, 6, 1, NULL, NULL, NULL, NULL),
(79, 4, 7, 1, NULL, NULL, NULL, NULL),
(80, 4, 8, 1, NULL, NULL, NULL, NULL),
(81, 4, 9, 1, NULL, NULL, NULL, NULL),
(82, 4, 10, 1, NULL, NULL, NULL, NULL),
(83, 4, 11, 1, NULL, NULL, NULL, NULL),
(84, 4, 12, 1, NULL, NULL, NULL, NULL),
(85, 4, 13, 1, NULL, NULL, NULL, NULL),
(86, 4, 14, 1, NULL, NULL, NULL, NULL),
(87, 4, 15, 1, NULL, NULL, NULL, NULL),
(88, 4, 16, 1, NULL, NULL, NULL, NULL),
(89, 4, 17, 1, NULL, NULL, NULL, NULL),
(90, 4, 18, 1, NULL, NULL, NULL, NULL),
(91, 4, 19, 1, NULL, NULL, NULL, NULL),
(92, 4, 20, 1, NULL, NULL, NULL, NULL),
(93, 4, 21, 1, NULL, NULL, NULL, NULL),
(94, 4, 22, 1, NULL, NULL, NULL, NULL),
(95, 4, 23, 1, NULL, NULL, NULL, NULL),
(96, 4, 24, 1, NULL, NULL, NULL, NULL),
(97, 5, 1, 1, NULL, NULL, NULL, NULL),
(98, 5, 2, 1, NULL, NULL, NULL, NULL),
(99, 5, 3, 1, NULL, NULL, NULL, NULL),
(100, 5, 4, 1, NULL, NULL, NULL, NULL),
(101, 5, 5, 1, NULL, NULL, NULL, NULL),
(102, 5, 6, 1, NULL, NULL, NULL, NULL),
(103, 5, 7, 1, NULL, NULL, NULL, NULL),
(104, 5, 8, 1, NULL, NULL, NULL, NULL),
(105, 5, 9, 1, NULL, NULL, NULL, NULL),
(106, 5, 10, 1, NULL, NULL, NULL, NULL),
(107, 5, 11, 1, NULL, NULL, NULL, NULL),
(108, 5, 12, 1, NULL, NULL, NULL, NULL),
(109, 5, 13, 1, NULL, NULL, NULL, NULL),
(110, 5, 14, 1, NULL, NULL, NULL, NULL),
(111, 5, 15, 1, NULL, NULL, NULL, NULL),
(112, 5, 16, 1, NULL, NULL, NULL, NULL),
(113, 5, 17, 1, NULL, NULL, NULL, NULL),
(114, 5, 18, 1, NULL, NULL, NULL, NULL),
(115, 5, 19, 1, NULL, NULL, NULL, NULL),
(116, 5, 20, 1, NULL, NULL, NULL, NULL),
(117, 5, 21, 1, NULL, NULL, NULL, NULL),
(118, 5, 22, 1, NULL, NULL, NULL, NULL),
(119, 5, 23, 1, NULL, NULL, NULL, NULL),
(120, 5, 24, 1, NULL, NULL, NULL, NULL),
(121, 6, 1, 1, NULL, NULL, NULL, NULL),
(122, 6, 2, 1, NULL, NULL, NULL, NULL),
(123, 6, 3, 1, NULL, NULL, NULL, NULL),
(124, 6, 4, 1, NULL, NULL, NULL, NULL),
(125, 6, 5, 1, NULL, NULL, NULL, NULL),
(126, 6, 6, 1, NULL, NULL, NULL, NULL),
(127, 6, 7, 1, NULL, NULL, NULL, NULL),
(128, 6, 8, 1, NULL, NULL, NULL, NULL),
(129, 6, 9, 1, NULL, NULL, NULL, NULL),
(130, 6, 10, 1, NULL, NULL, NULL, NULL),
(131, 6, 11, 1, NULL, NULL, NULL, NULL),
(132, 6, 12, 1, NULL, NULL, NULL, NULL),
(133, 6, 13, 1, NULL, NULL, NULL, NULL),
(134, 6, 14, 1, NULL, NULL, NULL, NULL),
(135, 6, 15, 1, NULL, NULL, NULL, NULL),
(136, 6, 16, 1, NULL, NULL, NULL, NULL),
(137, 6, 17, 1, NULL, NULL, NULL, NULL),
(138, 6, 18, 1, NULL, NULL, NULL, NULL),
(139, 6, 19, 1, NULL, NULL, NULL, NULL),
(140, 6, 20, 1, NULL, NULL, NULL, NULL),
(141, 6, 21, 1, NULL, NULL, NULL, NULL),
(142, 6, 22, 1, NULL, NULL, NULL, NULL),
(143, 6, 23, 1, NULL, NULL, NULL, NULL),
(144, 6, 24, 1, NULL, NULL, NULL, NULL),
(145, 7, 1, 1, NULL, NULL, NULL, NULL),
(146, 7, 2, 1, NULL, NULL, NULL, NULL),
(147, 7, 3, 1, NULL, NULL, NULL, NULL),
(148, 7, 4, 1, NULL, NULL, NULL, NULL),
(149, 7, 5, 1, NULL, NULL, NULL, NULL),
(150, 7, 6, 1, NULL, NULL, NULL, NULL),
(151, 7, 7, 1, NULL, NULL, NULL, NULL),
(152, 7, 8, 1, NULL, NULL, NULL, NULL),
(153, 7, 9, 1, NULL, NULL, NULL, NULL),
(154, 7, 10, 1, NULL, NULL, NULL, NULL),
(155, 7, 11, 1, NULL, NULL, NULL, NULL),
(156, 7, 12, 1, NULL, NULL, NULL, NULL),
(157, 7, 13, 1, NULL, NULL, NULL, NULL),
(158, 7, 14, 1, NULL, NULL, NULL, NULL),
(159, 7, 15, 1, NULL, NULL, NULL, NULL),
(160, 7, 16, 1, NULL, NULL, NULL, NULL),
(161, 7, 17, 1, NULL, NULL, NULL, NULL),
(162, 7, 18, 1, NULL, NULL, NULL, NULL),
(163, 7, 19, 1, NULL, NULL, NULL, NULL),
(164, 7, 20, 1, NULL, NULL, NULL, NULL),
(165, 7, 21, 1, NULL, NULL, NULL, NULL),
(166, 7, 22, 1, NULL, NULL, NULL, NULL),
(167, 7, 23, 1, NULL, NULL, NULL, NULL),
(168, 7, 24, 1, NULL, NULL, NULL, NULL),
(169, 8, 1, 1, NULL, NULL, NULL, NULL),
(170, 8, 2, 1, NULL, NULL, NULL, NULL),
(171, 8, 3, 1, NULL, NULL, NULL, NULL),
(172, 8, 4, 1, NULL, NULL, NULL, NULL),
(173, 8, 5, 1, NULL, NULL, NULL, NULL),
(174, 8, 6, 1, NULL, NULL, NULL, NULL),
(175, 8, 7, 1, NULL, NULL, NULL, NULL),
(176, 8, 8, 1, NULL, NULL, NULL, NULL),
(177, 8, 9, 1, NULL, NULL, NULL, NULL),
(178, 8, 10, 1, NULL, NULL, NULL, NULL),
(179, 8, 11, 1, NULL, NULL, NULL, NULL),
(180, 8, 12, 1, NULL, NULL, NULL, NULL),
(181, 8, 13, 1, NULL, NULL, NULL, NULL),
(182, 8, 14, 1, NULL, NULL, NULL, NULL),
(183, 8, 15, 1, NULL, NULL, NULL, NULL),
(184, 8, 16, 1, NULL, NULL, NULL, NULL),
(185, 8, 17, 1, NULL, NULL, NULL, NULL),
(186, 8, 18, 1, NULL, NULL, NULL, NULL),
(187, 8, 19, 1, NULL, NULL, NULL, NULL),
(188, 8, 20, 1, NULL, NULL, NULL, NULL),
(189, 8, 21, 1, NULL, NULL, NULL, NULL),
(190, 8, 22, 1, NULL, NULL, NULL, NULL),
(191, 8, 23, 1, NULL, NULL, NULL, NULL),
(192, 8, 24, 1, NULL, NULL, NULL, NULL),
(193, 9, 1, 1, NULL, NULL, NULL, NULL),
(194, 9, 2, 1, NULL, NULL, NULL, NULL),
(195, 9, 3, 1, NULL, NULL, NULL, NULL),
(196, 9, 4, 1, NULL, NULL, NULL, NULL),
(197, 9, 5, 1, NULL, NULL, NULL, NULL),
(198, 9, 6, 1, NULL, NULL, NULL, NULL),
(199, 9, 7, 1, NULL, NULL, NULL, NULL),
(200, 9, 8, 1, NULL, NULL, NULL, NULL),
(201, 9, 9, 1, NULL, NULL, NULL, NULL),
(202, 9, 10, 1, NULL, NULL, NULL, NULL),
(203, 9, 11, 1, NULL, NULL, NULL, NULL),
(204, 9, 12, 1, NULL, NULL, NULL, NULL),
(205, 9, 13, 1, NULL, NULL, NULL, NULL),
(206, 9, 14, 1, NULL, NULL, NULL, NULL),
(207, 9, 15, 1, NULL, NULL, NULL, NULL),
(208, 9, 16, 1, NULL, NULL, NULL, NULL),
(209, 9, 17, 1, NULL, NULL, NULL, NULL),
(210, 9, 18, 1, NULL, NULL, NULL, NULL),
(211, 9, 19, 1, NULL, NULL, NULL, NULL),
(212, 9, 20, 1, NULL, NULL, NULL, NULL),
(213, 9, 21, 1, NULL, NULL, NULL, NULL),
(214, 9, 22, 1, NULL, NULL, NULL, NULL),
(215, 9, 23, 1, NULL, NULL, NULL, NULL),
(216, 9, 24, 1, NULL, NULL, NULL, NULL),
(217, 10, 1, 1, NULL, NULL, NULL, NULL),
(218, 10, 2, 1, NULL, NULL, NULL, NULL),
(219, 10, 3, 1, NULL, NULL, NULL, NULL),
(220, 10, 4, 1, NULL, NULL, NULL, NULL),
(221, 10, 5, 1, NULL, NULL, NULL, NULL),
(222, 10, 6, 1, NULL, NULL, NULL, NULL),
(223, 10, 7, 1, NULL, NULL, NULL, NULL),
(224, 10, 8, 1, NULL, NULL, NULL, NULL),
(225, 10, 9, 1, NULL, NULL, NULL, NULL),
(226, 10, 10, 1, NULL, NULL, NULL, NULL),
(227, 10, 11, 1, NULL, NULL, NULL, NULL),
(228, 10, 12, 1, NULL, NULL, NULL, NULL),
(229, 10, 13, 1, NULL, NULL, NULL, NULL),
(230, 10, 14, 1, NULL, NULL, NULL, NULL),
(231, 10, 15, 1, NULL, NULL, NULL, NULL),
(232, 10, 16, 1, NULL, NULL, NULL, NULL),
(233, 10, 17, 1, NULL, NULL, NULL, NULL),
(234, 10, 18, 1, NULL, NULL, NULL, NULL),
(235, 10, 19, 1, NULL, NULL, NULL, NULL),
(236, 10, 20, 1, NULL, NULL, NULL, NULL),
(237, 10, 21, 1, NULL, NULL, NULL, NULL),
(238, 10, 22, 1, NULL, NULL, NULL, NULL),
(239, 10, 23, 1, NULL, NULL, NULL, NULL),
(240, 10, 24, 1, NULL, NULL, NULL, NULL),
(241, 39, 1, 1, NULL, NULL, NULL, NULL),
(242, 39, 2, 1, NULL, NULL, NULL, NULL),
(243, 39, 3, 1, NULL, NULL, NULL, NULL),
(244, 39, 4, 1, NULL, NULL, NULL, NULL),
(245, 39, 5, 1, NULL, NULL, NULL, NULL),
(246, 39, 6, 1, NULL, NULL, NULL, NULL),
(247, 39, 7, 1, NULL, NULL, NULL, NULL),
(248, 39, 8, 1, NULL, NULL, NULL, NULL),
(249, 39, 9, 1, NULL, NULL, NULL, NULL),
(250, 39, 10, 1, NULL, NULL, NULL, NULL),
(251, 39, 11, 1, NULL, NULL, NULL, NULL),
(252, 39, 12, 1, NULL, NULL, NULL, NULL),
(253, 39, 13, 1, NULL, NULL, NULL, NULL),
(254, 39, 14, 1, NULL, NULL, NULL, NULL),
(255, 39, 15, 1, NULL, NULL, NULL, NULL),
(256, 39, 16, 1, NULL, NULL, NULL, NULL),
(257, 39, 17, 1, NULL, NULL, NULL, NULL),
(258, 39, 18, 1, NULL, NULL, NULL, NULL),
(259, 39, 19, 1, NULL, NULL, NULL, NULL),
(260, 39, 20, 1, NULL, NULL, NULL, NULL),
(261, 39, 21, 1, NULL, NULL, NULL, NULL),
(262, 39, 22, 1, NULL, NULL, NULL, NULL),
(263, 39, 23, 1, NULL, NULL, NULL, NULL),
(264, 39, 24, 1, NULL, NULL, NULL, NULL),
(265, 40, 1, 1, NULL, NULL, NULL, NULL),
(266, 40, 2, 1, NULL, NULL, NULL, NULL),
(267, 40, 3, 1, NULL, NULL, NULL, NULL),
(268, 40, 4, 1, NULL, NULL, NULL, NULL),
(269, 40, 5, 1, NULL, NULL, NULL, NULL),
(270, 40, 6, 1, NULL, NULL, NULL, NULL),
(271, 40, 7, 1, NULL, NULL, NULL, NULL),
(272, 40, 8, 1, NULL, NULL, NULL, NULL),
(273, 40, 9, 1, NULL, NULL, NULL, NULL),
(274, 40, 10, 1, NULL, NULL, NULL, NULL),
(275, 40, 11, 1, NULL, NULL, NULL, NULL),
(276, 40, 12, 1, NULL, NULL, NULL, NULL),
(277, 40, 13, 1, NULL, NULL, NULL, NULL),
(278, 40, 14, 1, NULL, NULL, NULL, NULL),
(279, 40, 15, 1, NULL, NULL, NULL, NULL),
(280, 40, 16, 1, NULL, NULL, NULL, NULL),
(281, 40, 17, 1, NULL, NULL, NULL, NULL),
(282, 40, 18, 1, NULL, NULL, NULL, NULL),
(283, 40, 19, 1, NULL, NULL, NULL, NULL),
(284, 40, 20, 1, NULL, NULL, NULL, NULL),
(285, 40, 21, 1, NULL, NULL, NULL, NULL),
(286, 40, 22, 1, NULL, NULL, NULL, NULL),
(287, 40, 23, 1, NULL, NULL, NULL, NULL),
(288, 40, 24, 1, NULL, NULL, NULL, NULL),
(289, 41, 1, 1, NULL, NULL, NULL, NULL),
(290, 41, 2, 1, NULL, NULL, NULL, NULL),
(291, 41, 3, 1, NULL, NULL, NULL, NULL),
(292, 41, 4, 1, NULL, NULL, NULL, NULL),
(293, 41, 5, 1, NULL, NULL, NULL, NULL),
(294, 41, 6, 1, NULL, NULL, NULL, NULL),
(295, 41, 7, 1, NULL, NULL, NULL, NULL),
(296, 41, 8, 1, NULL, NULL, NULL, NULL),
(297, 41, 9, 1, NULL, NULL, NULL, NULL),
(298, 41, 10, 1, NULL, NULL, NULL, NULL),
(299, 41, 11, 1, NULL, NULL, NULL, NULL),
(300, 41, 12, 1, NULL, NULL, NULL, NULL),
(301, 41, 13, 1, NULL, NULL, NULL, NULL),
(302, 41, 14, 1, NULL, NULL, NULL, NULL),
(303, 41, 15, 1, NULL, NULL, NULL, NULL),
(304, 41, 16, 1, NULL, NULL, NULL, NULL),
(305, 41, 17, 1, NULL, NULL, NULL, NULL),
(306, 41, 18, 1, NULL, NULL, NULL, NULL),
(307, 41, 19, 1, NULL, NULL, NULL, NULL),
(308, 41, 20, 1, NULL, NULL, NULL, NULL),
(309, 41, 21, 1, NULL, NULL, NULL, NULL),
(310, 41, 22, 1, NULL, NULL, NULL, NULL),
(311, 41, 23, 1, NULL, NULL, NULL, NULL),
(312, 41, 24, 1, NULL, NULL, NULL, NULL),
(313, 42, 1, 1, NULL, NULL, NULL, NULL),
(314, 42, 2, 1, NULL, NULL, NULL, NULL),
(315, 42, 3, 1, NULL, NULL, NULL, NULL),
(316, 42, 4, 1, NULL, NULL, NULL, NULL),
(317, 42, 5, 1, NULL, NULL, NULL, NULL),
(318, 42, 6, 1, NULL, NULL, NULL, NULL),
(319, 42, 7, 1, NULL, NULL, NULL, NULL),
(320, 42, 8, 1, NULL, NULL, NULL, NULL),
(321, 42, 9, 1, NULL, NULL, NULL, NULL),
(322, 42, 10, 1, NULL, NULL, NULL, NULL),
(323, 42, 11, 1, NULL, NULL, NULL, NULL),
(324, 42, 12, 1, NULL, NULL, NULL, NULL),
(325, 42, 13, 1, NULL, NULL, NULL, NULL),
(326, 42, 14, 1, NULL, NULL, NULL, NULL),
(327, 42, 15, 1, NULL, NULL, NULL, NULL),
(328, 42, 16, 1, NULL, NULL, NULL, NULL),
(329, 42, 17, 1, NULL, NULL, NULL, NULL),
(330, 42, 18, 1, NULL, NULL, NULL, NULL),
(331, 42, 19, 1, NULL, NULL, NULL, NULL),
(332, 42, 20, 1, NULL, NULL, NULL, NULL),
(333, 42, 21, 1, NULL, NULL, NULL, NULL),
(334, 42, 22, 1, NULL, NULL, NULL, NULL),
(335, 42, 23, 1, NULL, NULL, NULL, NULL),
(336, 42, 24, 1, NULL, NULL, NULL, NULL),
(337, 43, 1, 1, NULL, NULL, NULL, NULL),
(338, 43, 2, 1, NULL, NULL, NULL, NULL),
(339, 43, 3, 1, NULL, NULL, NULL, NULL),
(340, 43, 4, 1, NULL, NULL, NULL, NULL),
(341, 43, 5, 1, NULL, NULL, NULL, NULL),
(342, 43, 6, 1, NULL, NULL, NULL, NULL),
(343, 43, 7, 1, NULL, NULL, NULL, NULL),
(344, 43, 8, 1, NULL, NULL, NULL, NULL),
(345, 43, 9, 1, NULL, NULL, NULL, NULL),
(346, 43, 10, 1, NULL, NULL, NULL, NULL),
(347, 43, 11, 1, NULL, NULL, NULL, NULL),
(348, 43, 12, 1, NULL, NULL, NULL, NULL),
(349, 43, 13, 1, NULL, NULL, NULL, NULL),
(350, 43, 14, 1, NULL, NULL, NULL, NULL),
(351, 43, 15, 1, NULL, NULL, NULL, NULL),
(352, 43, 16, 1, NULL, NULL, NULL, NULL),
(353, 43, 17, 1, NULL, NULL, NULL, NULL),
(354, 43, 18, 1, NULL, NULL, NULL, NULL),
(355, 43, 19, 1, NULL, NULL, NULL, NULL),
(356, 43, 20, 1, NULL, NULL, NULL, NULL),
(357, 43, 21, 1, NULL, NULL, NULL, NULL),
(358, 43, 22, 1, NULL, NULL, NULL, NULL),
(359, 43, 23, 1, NULL, NULL, NULL, NULL),
(360, 43, 24, 1, NULL, NULL, NULL, NULL),
(361, 44, 1, 1, NULL, NULL, NULL, NULL),
(362, 44, 2, 1, NULL, NULL, NULL, NULL),
(363, 44, 3, 1, NULL, NULL, NULL, NULL),
(364, 44, 4, 1, NULL, NULL, NULL, NULL),
(365, 44, 5, 1, NULL, NULL, NULL, NULL),
(366, 44, 6, 1, NULL, NULL, NULL, NULL),
(367, 44, 7, 1, NULL, NULL, NULL, NULL),
(368, 44, 8, 1, NULL, NULL, NULL, NULL),
(369, 44, 9, 1, NULL, NULL, NULL, NULL),
(370, 44, 10, 1, NULL, NULL, NULL, NULL),
(371, 44, 11, 1, NULL, NULL, NULL, NULL),
(372, 44, 12, 1, NULL, NULL, NULL, NULL),
(373, 44, 13, 1, NULL, NULL, NULL, NULL),
(374, 44, 14, 1, NULL, NULL, NULL, NULL),
(375, 44, 15, 1, NULL, NULL, NULL, NULL),
(376, 44, 16, 1, NULL, NULL, NULL, NULL),
(377, 44, 17, 1, NULL, NULL, NULL, NULL),
(378, 44, 18, 1, NULL, NULL, NULL, NULL),
(379, 44, 19, 1, NULL, NULL, NULL, NULL),
(380, 44, 20, 1, NULL, NULL, NULL, NULL),
(381, 44, 21, 1, NULL, NULL, NULL, NULL),
(382, 44, 22, 1, NULL, NULL, NULL, NULL),
(383, 44, 23, 1, NULL, NULL, NULL, NULL),
(384, 44, 24, 1, NULL, NULL, NULL, NULL),
(385, 45, 1, 1, NULL, NULL, NULL, NULL),
(386, 45, 2, 1, NULL, NULL, NULL, NULL),
(387, 45, 3, 1, NULL, NULL, NULL, NULL),
(388, 45, 4, 1, NULL, NULL, NULL, NULL),
(389, 45, 5, 1, NULL, NULL, NULL, NULL),
(390, 45, 6, 1, NULL, NULL, NULL, NULL),
(391, 45, 7, 1, NULL, NULL, NULL, NULL),
(392, 45, 8, 1, NULL, NULL, NULL, NULL),
(393, 45, 9, 1, NULL, NULL, NULL, NULL),
(394, 45, 10, 1, NULL, NULL, NULL, NULL),
(395, 45, 11, 1, NULL, NULL, NULL, NULL),
(396, 45, 12, 1, NULL, NULL, NULL, NULL),
(397, 45, 13, 1, NULL, NULL, NULL, NULL),
(398, 45, 14, 1, NULL, NULL, NULL, NULL),
(399, 45, 15, 1, NULL, NULL, NULL, NULL),
(400, 45, 16, 1, NULL, NULL, NULL, NULL),
(401, 45, 17, 1, NULL, NULL, NULL, NULL),
(402, 45, 18, 1, NULL, NULL, NULL, NULL),
(403, 45, 19, 1, NULL, NULL, NULL, NULL),
(404, 45, 20, 1, NULL, NULL, NULL, NULL),
(405, 45, 21, 1, NULL, NULL, NULL, NULL),
(406, 45, 22, 1, NULL, NULL, NULL, NULL),
(407, 45, 23, 1, NULL, NULL, NULL, NULL),
(408, 45, 24, 1, NULL, NULL, NULL, NULL),
(409, 46, 1, 1, NULL, NULL, NULL, NULL),
(410, 46, 2, 1, NULL, NULL, NULL, NULL),
(411, 46, 3, 1, NULL, NULL, NULL, NULL),
(412, 46, 4, 1, NULL, NULL, NULL, NULL),
(413, 46, 5, 1, NULL, NULL, NULL, NULL),
(414, 46, 6, 1, NULL, NULL, NULL, NULL),
(415, 46, 7, 1, NULL, NULL, NULL, NULL),
(416, 46, 8, 1, NULL, NULL, NULL, NULL),
(417, 46, 9, 1, NULL, NULL, NULL, NULL),
(418, 46, 10, 1, NULL, NULL, NULL, NULL),
(419, 46, 11, 1, NULL, NULL, NULL, NULL),
(420, 46, 12, 1, NULL, NULL, NULL, NULL),
(421, 46, 13, 1, NULL, NULL, NULL, NULL),
(422, 46, 14, 1, NULL, NULL, NULL, NULL),
(423, 46, 15, 1, NULL, NULL, NULL, NULL),
(424, 46, 16, 1, NULL, NULL, NULL, NULL),
(425, 46, 17, 1, NULL, NULL, NULL, NULL),
(426, 46, 18, 1, NULL, NULL, NULL, NULL),
(427, 46, 19, 1, NULL, NULL, NULL, NULL),
(428, 46, 20, 1, NULL, NULL, NULL, NULL),
(429, 46, 21, 1, NULL, NULL, NULL, NULL),
(430, 46, 22, 1, NULL, NULL, NULL, NULL),
(431, 46, 23, 1, NULL, NULL, NULL, NULL),
(432, 46, 24, 1, NULL, NULL, NULL, NULL),
(433, 47, 1, 1, NULL, NULL, NULL, NULL),
(434, 47, 2, 1, NULL, NULL, NULL, NULL),
(435, 47, 3, 1, NULL, NULL, NULL, NULL),
(436, 47, 4, 1, NULL, NULL, NULL, NULL),
(437, 47, 5, 1, NULL, NULL, NULL, NULL),
(438, 47, 6, 1, NULL, NULL, NULL, NULL),
(439, 47, 7, 1, NULL, NULL, NULL, NULL),
(440, 47, 8, 1, NULL, NULL, NULL, NULL),
(441, 47, 9, 1, NULL, NULL, NULL, NULL),
(442, 47, 10, 1, NULL, NULL, NULL, NULL),
(443, 47, 11, 1, NULL, NULL, NULL, NULL),
(444, 47, 12, 1, NULL, NULL, NULL, NULL),
(445, 47, 13, 1, NULL, NULL, NULL, NULL),
(446, 47, 14, 1, NULL, NULL, NULL, NULL),
(447, 47, 15, 1, NULL, NULL, NULL, NULL),
(448, 47, 16, 1, NULL, NULL, NULL, NULL),
(449, 47, 17, 1, NULL, NULL, NULL, NULL),
(450, 47, 18, 1, NULL, NULL, NULL, NULL),
(451, 47, 19, 1, NULL, NULL, NULL, NULL),
(452, 47, 20, 1, NULL, NULL, NULL, NULL),
(453, 47, 21, 1, NULL, NULL, NULL, NULL),
(454, 47, 22, 1, NULL, NULL, NULL, NULL),
(455, 47, 23, 1, NULL, NULL, NULL, NULL),
(456, 47, 24, 1, NULL, NULL, NULL, NULL),
(457, 48, 1, 1, NULL, NULL, NULL, NULL),
(458, 48, 2, 1, NULL, NULL, NULL, NULL),
(459, 48, 3, 1, NULL, NULL, NULL, NULL),
(460, 48, 4, 1, NULL, NULL, NULL, NULL),
(461, 48, 5, 1, NULL, NULL, NULL, NULL),
(462, 48, 6, 1, NULL, NULL, NULL, NULL),
(463, 48, 7, 1, NULL, NULL, NULL, NULL),
(464, 48, 8, 1, NULL, NULL, NULL, NULL),
(465, 48, 9, 1, NULL, NULL, NULL, NULL),
(466, 48, 10, 1, NULL, NULL, NULL, NULL),
(467, 48, 11, 1, NULL, NULL, NULL, NULL),
(468, 48, 12, 1, NULL, NULL, NULL, NULL),
(469, 48, 13, 1, NULL, NULL, NULL, NULL),
(470, 48, 14, 1, NULL, NULL, NULL, NULL),
(471, 48, 15, 1, NULL, NULL, NULL, NULL),
(472, 48, 16, 1, NULL, NULL, NULL, NULL),
(473, 48, 17, 1, NULL, NULL, NULL, NULL),
(474, 48, 18, 1, NULL, NULL, NULL, NULL),
(475, 48, 19, 1, NULL, NULL, NULL, NULL),
(476, 48, 20, 1, NULL, NULL, NULL, NULL),
(477, 48, 21, 1, NULL, NULL, NULL, NULL),
(478, 48, 22, 1, NULL, NULL, NULL, NULL),
(479, 48, 23, 1, NULL, NULL, NULL, NULL),
(480, 48, 24, 1, NULL, NULL, NULL, NULL),
(721, 76, 1, 1, NULL, NULL, NULL, NULL),
(722, 76, 2, 1, NULL, NULL, NULL, NULL),
(723, 76, 3, 1, NULL, NULL, NULL, NULL),
(724, 76, 4, 1, NULL, NULL, NULL, NULL),
(725, 76, 5, 1, NULL, NULL, NULL, NULL),
(726, 76, 6, 1, NULL, NULL, NULL, NULL),
(727, 76, 7, 1, NULL, NULL, NULL, NULL),
(728, 76, 8, 1, NULL, NULL, NULL, NULL),
(729, 76, 9, 1, NULL, NULL, NULL, NULL),
(730, 76, 10, 1, NULL, NULL, NULL, NULL),
(731, 76, 11, 1, NULL, NULL, NULL, NULL),
(732, 76, 12, 1, NULL, NULL, NULL, NULL),
(733, 76, 13, 1, NULL, NULL, NULL, NULL),
(734, 76, 14, 1, NULL, NULL, NULL, NULL),
(735, 76, 15, 1, NULL, NULL, NULL, NULL),
(736, 76, 16, 1, NULL, NULL, NULL, NULL),
(737, 76, 17, 1, NULL, NULL, NULL, NULL),
(738, 76, 18, 1, NULL, NULL, NULL, NULL),
(739, 76, 19, 1, NULL, NULL, NULL, NULL),
(740, 76, 20, 1, NULL, NULL, NULL, NULL),
(741, 76, 21, 1, NULL, NULL, NULL, NULL),
(742, 76, 22, 1, NULL, NULL, NULL, NULL),
(743, 76, 23, 1, NULL, NULL, NULL, NULL),
(744, 76, 24, 1, NULL, NULL, NULL, NULL),
(745, 77, 1, 1, NULL, NULL, NULL, NULL),
(746, 77, 2, 1, NULL, NULL, NULL, NULL),
(747, 77, 3, 1, NULL, NULL, NULL, NULL),
(748, 77, 4, 1, NULL, NULL, NULL, NULL),
(749, 77, 5, 1, NULL, NULL, NULL, NULL),
(750, 77, 6, 1, NULL, NULL, NULL, NULL),
(751, 77, 7, 1, NULL, NULL, NULL, NULL),
(752, 77, 8, 1, NULL, NULL, NULL, NULL),
(753, 77, 9, 1, NULL, NULL, NULL, NULL),
(754, 77, 10, 1, NULL, NULL, NULL, NULL),
(755, 77, 11, 1, NULL, NULL, NULL, NULL),
(756, 77, 12, 1, NULL, NULL, NULL, NULL),
(757, 77, 13, 1, NULL, NULL, NULL, NULL),
(758, 77, 14, 1, NULL, NULL, NULL, NULL),
(759, 77, 15, 1, NULL, NULL, NULL, NULL),
(760, 77, 16, 1, NULL, NULL, NULL, NULL),
(761, 77, 17, 1, NULL, NULL, NULL, NULL),
(762, 77, 18, 1, NULL, NULL, NULL, NULL),
(763, 77, 19, 1, NULL, NULL, NULL, NULL),
(764, 77, 20, 1, NULL, NULL, NULL, NULL),
(765, 77, 21, 1, NULL, NULL, NULL, NULL),
(766, 77, 22, 1, NULL, NULL, NULL, NULL),
(767, 77, 23, 1, NULL, NULL, NULL, NULL),
(768, 77, 24, 1, NULL, NULL, NULL, NULL);

-- 
-- Dumping data for table ART_Passagem
--
INSERT INTO ART_Passagem VALUES
(1, '2013-12-17 16:59:56', 100.00, '02', 7, 1, 3, 'P', 'Normal', '0000-00-00 00:00:00', NULL, NULL, NULL, 'C'),
(2, '2013-12-19 09:58:13', 100.00, '43', 7, 6, 40, 'R', 'Normal', '2013-12-20 06:45:00', NULL, NULL, NULL, 'C'),
(3, '2013-12-19 10:02:25', 100.00, '44', 7, 7, 40, 'R', 'Normal', '2013-12-20 06:45:00', NULL, NULL, NULL, 'C'),
(4, '2013-12-19 10:04:41', 100.00, '41', 7, 7, 40, 'R', 'Normal', '2013-12-19 06:45:00', NULL, NULL, NULL, 'C'),
(5, '2013-12-19 10:56:48', 100.00, '51', 10, 6, 40, 'R', 'Normal', '2013-12-25 06:00:00', NULL, NULL, NULL, 'C'),
(6, '2013-12-19 11:12:53', 100.00, '01', 40, 10, 40, 'R', 'Normal', '2014-01-02 07:00:00', NULL, NULL, NULL, 'C'),
(7, '2013-12-19 11:14:14', 100.00, '50', 39, 10, 40, 'R', 'Normal', '2013-12-31 08:00:00', NULL, NULL, NULL, 'C'),
(8, '2013-12-19 11:15:16', 100.00, '49', 39, 10, 40, 'R', 'Normal', '2013-12-31 08:00:00', NULL, NULL, NULL, 'C'),
(9, '2013-12-19 17:59:47', 100.00, '49', 8, 1, 40, 'R', 'Cancelada', '2013-12-20 06:00:00', NULL, '2013-12-19 18:56:45', NULL, 'C'),
(10, '2013-12-19 18:02:34', 100.00, '01', 8, 1, 40, 'R', 'Cancelada', '2013-12-20 06:00:00', NULL, '2013-12-20 11:59:32', NULL, 'C'),
(11, '2013-12-20 11:45:03', 100.00, '50', 8, 169, 40, 'R', 'Normal', '2013-12-20 06:00:00', '2013-12-20 11:45:03', '2013-12-20 11:45:03', NULL, 'C'),
(12, '2013-12-20 11:48:53', 100.00, '49', 8, 170, 40, 'P', 'Normal', '0000-00-00 00:00:00', '2013-12-20 11:48:53', '2013-12-20 11:48:53', NULL, 'C'),
(13, '2013-12-20 11:52:17', 100.00, '46', 8, 175, 40, 'P', 'Normal', '0000-00-00 00:00:00', '2013-12-20 11:52:17', '2013-12-20 11:52:17', NULL, 'C'),
(14, '2013-12-20 19:05:39', 100.00, '47', 8, 169, 3, 'P', 'Normal', '0000-00-00 00:00:00', '2013-12-20 19:05:39', '2013-12-20 19:05:39', NULL, 'C'),
(15, '2013-12-20 19:14:34', 100.00, '50', 9, 194, 40, 'P', 'Normal', '0000-00-00 00:00:00', '2013-12-20 19:14:34', '2013-12-20 19:14:34', NULL, 'C'),
(16, '2013-12-20 19:48:29', 100.00, '49', 9, 194, 40, 'P', 'Normal', '0000-00-00 00:00:00', '2013-12-20 19:48:29', '2013-12-20 19:48:29', NULL, 'C'),
(17, '2013-12-23 18:51:49', 100.00, '52', 10, 217, 40, 'P', 'Normal', '0000-00-00 00:00:00', '2013-12-23 18:51:49', '2013-12-23 18:51:49', NULL, 'C'),
(18, '2013-12-26 12:36:02', 100.00, '49', 10, 220, 40, 'P', 'Normal', '0000-00-00 00:00:00', '2013-12-26 12:36:02', '2013-12-26 12:36:02', NULL, 'C'),
(19, '2013-12-26 20:07:47', 100.00, '45', 9, 193, 3, 'P', 'Normal', '0000-00-00 00:00:00', '2013-12-26 20:07:47', '2013-12-26 20:07:47', NULL, 'C'),
(20, '2013-12-26 20:07:47', 100.00, '46', 9, 193, 107, 'P', 'Normal', '0000-00-00 00:00:00', '2013-12-26 20:07:47', '2013-12-26 20:07:47', NULL, 'C');

-- 
-- Dumping data for table ART_Semafaro
--

-- Table veritasweb03.ART_Semafaro does not contain any data (it is empty)

-- 
-- Dumping data for table ART_VendaItem
--
INSERT INTO ART_VendaItem VALUES
(1, 12, 11, '2013-12-20 11:45:03', '2013-12-20 11:45:03', NULL),
(2, 13, 12, '2013-12-20 11:48:53', '2013-12-20 11:48:53', NULL),
(3, 14, 13, '2013-12-20 11:52:17', '2013-12-20 11:52:17', NULL),
(4, 15, 14, '2013-12-20 19:05:39', '2013-12-20 19:05:39', NULL),
(5, 16, 15, '2013-12-20 19:14:34', '2013-12-20 19:14:34', NULL),
(6, 17, 16, '2013-12-20 19:48:29', '2013-12-20 19:48:29', NULL),
(7, 18, 17, '2013-12-23 18:51:49', '2013-12-23 18:51:49', NULL),
(8, 19, 18, '2013-12-26 12:36:02', '2013-12-26 12:36:02', NULL),
(9, 20, 19, '2013-12-26 20:07:47', '2013-12-26 20:07:47', NULL),
(10, 20, 20, '2013-12-26 20:07:47', '2013-12-26 20:07:47', NULL);

-- 
-- Enable foreign keys
-- 
/*!40014 SET FOREIGN_KEY_CHECKS=@OLD_FOREIGN_KEY_CHECKS */;